,urgent,buy,change,sell,price,gift,search,repair,parts,synt_brand,description,user,city,published,expire,date_scrapped,seen,user_anon
1,0,0,0,1,350,0,0,0,0,dreadbox,dreadbox nyx v1 ,selimorgan,Valencia,08/05/2022,30/09/2022,1/9/2022,730,1073
2,0,0,0,1,350,0,0,0,0,modal electronics ,cobalt 5s ,Luis Martín (Roma 18),Castellón,25/07/2022,23/09/2022,1/9/2022,340,1845
3,0,0,0,1,900,0,0,0,0,moog,moog little phatty stage 2 ,Gergö,Baleares,10/07/2021,28/09/2022,1/9/2022,576,635
4,0,0,0,1,1100,0,0,0,0,kawai,kawai mp 11 ,Daniel Lillo Mendoza,Sevilla,01/09/2022,30/10/2022,1/9/2022,80,1879
5,0,0,0,1,480,0,0,0,0,mpc,mpc live ssd 250 envío incluido ,djoy,Albacete,26/08/2022,25/10/2022,1/9/2022,216,438
6,0,0,0,1,105,0,0,0,0,synthrotek,synthrotek fold ,moog1406,Girona,03/01/2022,20/09/2022,1/9/2022,502,637
7,0,0,0,1,1300,0,0,0,0,roland,roland fantom g6 ,NELUQ,Cuenca,04/07/2022,18/09/2022,1/9/2022,572,389
8,0,0,1,0,0,0,0,0,0,kurzweil,kurzweil k2500x ,chinog,Madrid,18/08/2022,17/10/2022,1/9/2022,308,632
9,0,0,0,1,80,0,0,0,0,midi,alesis qx49 - controlador midi ,SINTEXIA,Córdoba,19/07/2022,17/09/2022,1/9/2022,212,613
10,0,0,0,1,500,0,0,0,0,roland,roland mc-909 sampling groovebox ,Rammsysounds,Barcelona,22/06/2021,22/09/2022,1/9/2022,2473,1301
11,0,0,0,1,23,0,0,0,0,korg,korg t3 deslizador volumen ,FranZiskAner,Barcelona,28/08/2022,27/10/2022,1/9/2022,58,1198
12,0,0,0,1,320,0,0,0,0,instruments,kordbot isla instruments ,IK3R,Barcelona,25/02/2022,27/09/2022,1/9/2022,944,281
13,0,1,0,0,0,0,0,0,0,roland,roland sound library pcm1-06 baroque ,mentemodular,Gipuzkoa,01/04/2021,29/09/2022,1/9/2022,598,1293
14,0,0,0,1,600,0,0,0,0,roland,roland d-50 ,subsoniq,Barcelona,30/12/2021,10/10/2022,1/9/2022,1237,884
15,0,0,0,1,260,0,0,0,0,m-audio,controlador midi usb m-audio oxygen 88 teclas ,Agostinho,A Coruña,22/07/2022,20/09/2022,1/9/2022,298,940
16,0,0,0,1,4500,0,0,0,0,-,"varios sintetizadores, cajas ritmo, efectos ",sergiommms,A Coruña,22/07/2022,20/09/2022,1/9/2022,810,1091
17,0,0,0,1,500,0,0,0,0,yamaha,yamaha su 700 ,nekrend,Araba,27/08/2022,27/10/2022,1/9/2022,168,743
18,0,0,0,1,200,0,0,0,0,jomox,jomox t-resonator mkii ,Alinter,Cádiz,09/07/2022,09/09/2022,1/9/2022,594,719
19,0,0,0,1,1000,0,0,0,0,pearl,piano pearl river pd180d ,moog1406,Girona,20/09/2020,08/10/2022,1/9/2022,790,637
20,0,0,1,0,410,0,0,0,0,poly,poly beebo no ,ElmoreFreak,Las Palmas,08/06/2022,20/09/2022,1/9/2022,335,1101
21,0,0,0,1,975,0,0,0,0,nord lead ,4 ,santibcn,Barcelona,10/04/2022,07/10/2022,1/9/2022,1153,850
22,0,0,0,1,380,0,0,0,0,4ms,4ms quad pingable lfo+quad clock distributor ,Replicante,Barcelona,09/10/2021,27/09/2022,1/9/2022,1074,1031
23,0,0,0,1,1111,0,0,0,0,eurorack,módulos eurorack ,Øliveira,Pontevedra,25/08/2022,30/09/2022,1/9/2022,354,964
24,0,0,0,1,150,0,0,0,0,shakmat modular ,clock o'pawn nuevo ,Adrià Gil,Barcelona,21/07/2022,28/09/2022,1/9/2022,263,924
25,0,0,0,1,729,0,0,0,0,moog,moog sub phatty ,moog1406,Girona,09/03/2022,02/09/2022,1/9/2022,1002,637
26,1,0,0,1,600,0,0,0,0,behringer,set de tres sintes analógicos enracados behringer ,Abird,Guadalajara,11/06/2022,11/09/2022,1/9/2022,1744,482
27,0,0,0,1,2000,0,0,0,0,modular,sintetizador modular ,soma,Madrid,11/08/2022,30/09/2022,1/9/2022,516,432
28,0,0,0,1,55,0,0,0,0,roland,dos tarjetas para roland r8; memory card m-256e y contemporary percusion ,int3rc0m,Madrid,30/03/2022,26/09/2022,1/9/2022,525,752
29,0,0,0,1,175,0,0,0,0,-,makenoise st0 ,Lavenzza,Madrid,29/08/2022,28/10/2022,1/9/2022,108,843
30,0,0,0,1,240,0,0,0,0,neutron,neutron semimodular analógico ,sasl,Valencia,15/02/2021,19/09/2022,1/9/2022,1246,435
31,0,0,0,1,525,0,0,0,0,korg,korg modwave + librerias envío incluido ,moogi,Cádiz,17/05/2022,01/10/2022,1/9/2022,917,539
32,0,0,0,1,45,0,0,0,0,mpc,stand akai mpc live 1 fuera stock env incl ,PETZOO,Cádiz,09/03/2022,28/09/2022,1/9/2022,629,481
33,0,0,0,1,370,0,0,0,0,roland,roland mv30 ,Frabcusci,Sevilla,05/06/2022,10/09/2022,1/9/2022,748,914
34,0,0,0,1,140,0,0,0,0,roland,groovebox roland d2 ,manolo garcia,Madrid,23/03/2022,26/09/2022,1/9/2022,850,1293
35,0,0,0,1,430,0,0,0,0,oto,oto machines oto bam ,PLH,Barcelona,11/08/2022,13/10/2022,1/9/2022,278,228
36,0,0,1,1,0,0,0,0,0,-,modal argon 8 por ,pinmusica,Madrid,27/08/2022,26/10/2022,1/9/2022,194,969
37,0,0,1,0,0,0,0,0,0,ketron,ketron sd 1000 ,joseluis11,Alicante,04/08/2022,05/10/2022,1/9/2022,202,976
38,0,0,0,1,460,0,0,0,0,alesis,alesis micron ,finaldesousa,Barcelona,26/08/2022,25/10/2022,1/9/2022,156,1278
39,0,0,0,1,50,0,0,0,0,eurorack,modulos eurorack ultimos-rebajados ,curve259,Araba,17/04/2020,30/09/2022,1/9/2022,14598,709
40,0,0,0,1,525,0,0,0,0,korg,korg krome 61 ,ELKE_FALTABA,Cuenca,07/02/2022,24/09/2022,1/9/2022,1374,875
41,0,0,0,1,300,0,0,0,0,akai,akai mpk88 ,japovaz,Ourense,15/06/2022,09/09/2022,1/9/2022,439,763
42,0,0,0,1,900,0,0,0,0,korg,korg triton extreme 88 ,SINTEXIA,Córdoba,19/07/2022,17/09/2022,1/9/2022,448,613
43,0,0,0,1,120,0,0,0,0,behringer,behringer bcr2000 ,chinog,Madrid,11/08/2022,13/10/2022,1/9/2022,226,632
44,0,0,0,1,175,0,0,0,0,befaco,befaco kickall ,moog1406,Girona,05/05/2022,04/09/2022,1/9/2022,272,637
45,0,0,0,1,500,0,0,0,0,korg,sintetizador korg wavestation ex ,AVRF,Madrid,01/09/2022,30/10/2022,1/9/2022,86,303
46,0,1,0,0,0,0,0,0,0,nord stage ,3 o electro 6d 73 ,kike22,Murcia,14/06/2022,28/09/2022,1/9/2022,380,520
47,0,0,0,1,25,0,0,0,0,roland,tarjetas roland sn-u110 02 y 12 ,Onyar,Girona,02/01/2022,16/09/2022,1/9/2022,561,521
48,0,0,0,1,30,0,0,0,0,korg,delay korg monotron ,El Corto Adiós,Gipuzkoa,18/08/2022,19/10/2022,1/9/2022,164,1388
49,0,0,0,1,115,0,0,0,0,eurorack,transient 8s secuenciador eurorack de 8 pasos ,moog1406,Girona,30/10/2020,08/10/2022,1/9/2022,536,637
50,0,0,0,1,260,0,0,0,0,eurorack,tukra tesseract modular generador de baterias y secuenciador midi eurorack ,Blasting Modular,Barcelona,18/08/2022,17/10/2022,1/9/2022,258,1576
51,0,0,0,1,800,0,0,0,0,teenage engineering ,op-1 + funda oficial ,vulgatron,Madrid,19/05/2022,07/09/2022,1/9/2022,672,994
52,0,0,0,1,250,0,0,0,0,korg,korg ns5r modulo de sonido del korg n264 ,Pablo Bauzá,Alicante,07/01/2022,23/09/2022,1/9/2022,866,1153
53,0,0,0,1,3349,0,0,0,0,-,sequential prophet 5 rev4 ,Storm,Bizkaia,17/02/2021,26/09/2022,1/9/2022,7950,533
54,0,0,0,1,1000,0,0,0,0,hammond,hammond xk-3 ,facallema,A Coruña,17/02/2021,26/09/2022,1/9/2022,228,918
55,0,0,0,1,800,0,0,0,0,yamaha,yamaha modx6 ,ARPEGGIATORNIK,Granada,18/08/2022,18/10/2022,1/9/2022,244,1047
56,0,0,0,1,450,0,0,0,0,-,studiologic sl88 grand ,Armando Ferrer,Madrid,18/08/2022,22/10/2022,1/9/2022,282,1352
57,0,0,0,1,450,0,0,0,0,korg,korg wavestate ,davne,Madrid,25/07/2022,28/09/2022,1/9/2022,630,526
58,0,0,0,1,60,0,0,0,0,roland,roland memory card 256 ,Súper-Bebé,Granada,19/06/2022,27/09/2022,1/9/2022,414,1203
59,0,0,0,1,1200,0,0,0,0,jomox,jomox xbase 999 ,evano,Barcelona,31/08/2022,30/10/2022,1/9/2022,48,537
60,0,0,0,1,49,0,0,0,0,swissonic,swissonic easykey 25 ,moog1406,Girona,02/06/2022,04/10/2022,1/9/2022,280,637
61,0,0,0,1,250,0,0,0,0,m-audio,teclado midi m-audio axiom pro 49 ,esferarocks,Bizkaia,10/09/2017,13/10/2022,1/9/2022,755,1176
62,0,0,0,1,259,0,0,0,0,arturia,arturia drumbrute ,moog1406,Girona,07/04/2022,10/09/2022,1/9/2022,574,637
63,0,0,0,1,55,0,0,0,0,eurorack,intellijel buff multiple · eurorack ,David,Valladolid,14/07/2022,12/09/2022,1/9/2022,308,488
64,0,0,0,1,550,0,0,0,0,roland,roland fantom s 61 ,mikysound,Alicante,11/07/2022,09/09/2022,1/9/2022,466,995
65,0,0,0,1,250,0,0,0,0,eurorack,eurorack bubble sound dualsem20 ,siropene,Madrid,25/08/2022,28/09/2022,1/9/2022,110,869
66,0,0,0,1,219,0,0,0,0,doepfer,doepfer a-100lc3v low cost case vintage edition ,Storm,Bizkaia,25/05/2022,28/09/2022,1/9/2022,569,533
67,0,0,0,1,460,0,0,0,0,eurorack,eurorack loquelic iteritas percido ,siropene,Madrid,25/08/2022,28/09/2022,1/9/2022,120,869
68,0,0,0,1,250,0,0,0,0,korg,korg sp250 nuevo sin uso con atril y banqueta ,Musico 28,Zaragoza,07/07/2022,05/09/2022,1/9/2022,481,762
69,0,0,0,1,2050,0,0,0,0,korg,korg kronos 2 ,davne,Madrid,25/07/2022,28/09/2022,1/9/2022,787,526
70,0,0,0,1,59,0,0,0,0,yamaha,yamaha vrc 101 keyboard plucked & tuned percussion group ,moog1406,Girona,28/06/2021,26/09/2022,1/9/2022,276,637
71,0,0,0,1,0,0,0,0,0,-,"varios módulos make noise, mutable, cwejman en estado impecable ",funfanatic,Barcelona,07/07/2022,05/09/2022,1/9/2022,680,1055
72,0,0,1,0,0,0,0,0,0,roland,roland s-220 sampler ,elprofesordedanza,Tarragona,05/07/2022,28/09/2022,1/9/2022,459,1816
73,0,0,0,1,499,0,0,0,0,-,modal argon8 ,Storm,Bizkaia,29/03/2021,01/10/2022,1/9/2022,4228,533
74,0,0,0,1,249,0,0,0,0,zoom,zoom arq anillo sintetizador nuevo ,moog1406,Girona,10/06/2022,04/09/2022,1/9/2022,479,637
75,0,0,0,1,620,0,0,0,0,-,soma lyra-8 ,roy242,Valencia,25/08/2022,23/10/2022,1/9/2022,208,498
76,0,0,0,1,50,0,0,0,0,doepfer,doepfer a 106 5 sem filter ,Øliveira,Pontevedra,28/08/2022,27/10/2022,1/9/2022,78,964
77,0,0,0,1,2800,0,0,0,0,-,prophet sequential x ,luca7,Madrid,11/08/2022,08/10/2022,1/9/2022,226,476
78,0,0,0,1,350,0,0,0,0,-,microkorg s ,Misspocoyo,Córdoba,18/08/2022,17/10/2022,1/9/2022,246,1077
79,0,0,0,1,580,0,0,0,0,-,tarjeta exb-moss ,Carlos,Madrid,18/08/2022,19/10/2022,1/9/2022,190,612
80,0,0,0,1,45,0,0,0,0,korg,korg ds-1h pedal sustain made in japan ,odonmarzal,Barcelona,30/08/2022,29/10/2022,1/9/2022,60,1079
81,0,0,0,1,65,0,0,0,0,behringer,behringer 305 output module ,Øliveira,Pontevedra,27/08/2022,30/09/2022,1/9/2022,102,964
82,0,0,0,1,130,0,0,0,0,instruments,mutable instruments braids clone ,Wallace,La Rioja,04/07/2022,01/10/2022,1/9/2022,274,697
83,0,0,0,1,930,0,0,0,0,nord lead ,3 ,Dmode,Barcelona,12/02/2022,20/09/2022,1/9/2022,480,489
84,0,0,0,1,160,0,0,0,0,moog,moog werkstatt 01 + cv expander ,Darth Synth,Barcelona,20/06/2022,29/09/2022,1/9/2022,503,1065
85,0,0,0,1,1350,0,0,0,0,kawai,sintetizador kawai sx-210 ,finess7,Huelva,14/02/2022,20/09/2022,1/9/2022,1396,703
86,0,0,0,1,430,0,0,0,0,moog,moog mother 32 ,Socri,Sevilla,11/08/2022,28/09/2022,1/9/2022,344,512
87,0,0,0,1,90,0,0,0,0,expert,expert sleepers disting mk1 ,Øliveira,Pontevedra,31/08/2022,30/10/2022,1/9/2022,28,964
88,0,0,0,1,1070,0,0,0,0,-,asm hydrasynth ,sasl,Valencia,03/09/2021,19/09/2022,1/9/2022,3240,435
89,0,0,0,1,930,0,0,0,0,novation,novation peak ,roy242,Valencia,18/08/2022,28/09/2022,1/9/2022,232,498
90,0,0,0,1,210,0,0,0,0,electribe,korg electribe s mk2 ,drumax,Valencia,19/06/2019,28/09/2022,1/9/2022,1901,657
91,0,0,0,1,125,0,0,0,0,-,maleta sintetizador 61 aluminio ,jose,Murcia,28/05/2022,25/09/2022,1/9/2022,405,433
92,0,0,0,1,70,0,0,0,0,yamaha,flightcase yamaha p 80 ,liradigital MRF,Madrid,11/04/2022,01/10/2022,1/9/2022,487,1419
93,0,0,0,1,119,0,0,0,0,yamaha,yamaha rev 500 ,moog1406,Girona,23/12/2021,23/09/2022,1/9/2022,838,637
94,0,0,1,0,0,0,0,0,0,quiklok,soporte quiklok en perfecto estado ,elprofesordedanza,Tarragona,21/07/2022,28/09/2022,1/9/2022,440,1816
95,0,0,0,1,395,0,0,0,0,synthesis,modulo eurorack synthesis technology e560 deflector shield ,tyrel,Madrid,12/09/2020,27/10/2022,1/9/2022,573,560
96,0,1,0,0,0,0,0,0,0,-,monsoon o similar ,Øliveira,Pontevedra,31/08/2022,30/10/2022,1/9/2022,48,964
97,0,0,0,1,100,0,0,0,0,eurorack,toms 000 eurorack ,liradigital MRF,Madrid,22/07/2022,01/10/2022,1/9/2022,332,1419
98,0,0,0,1,310,0,0,0,0,fairfield,fairfield circuitry meet maude analog delay ,Morphido,Madrid,19/06/2022,29/09/2022,1/9/2022,446,834
99,0,0,0,1,379,0,0,0,0,roland,roland mc 101 ,moog1406,Girona,09/06/2021,23/09/2022,1/9/2022,412,637
100,0,0,0,1,495,0,0,0,0,roland,roland xv 5080 actualizado ,7ºDisminuido,Málaga,05/02/2022,04/10/2022,1/9/2022,1699,1286
101,0,0,0,1,600,0,0,0,0,nord lead ,clavia 1 rack - 12 voces ,Victor Lucas,Málaga,24/07/2022,22/09/2022,1/9/2022,743,1167
102,0,0,0,1,750,0,0,0,0,moog,sintetizador moog subsequent 25 impoluto ,Cristóbal Patrick Ruiz,Valencia,04/08/2022,05/10/2022,1/9/2022,402,2271
103,0,1,0,0,0,0,0,0,0,yamaha,yamaha psr-5700 ,Shad0wfax,Barcelona,29/08/2022,28/10/2022,1/9/2022,80,870
104,0,0,0,1,1175,0,0,0,0,roland,sintetizador roland spv-355 ,finess7,Huelva,18/08/2022,19/10/2022,1/9/2022,230,703
105,0,0,0,1,5200,0,0,0,0,system,verbos electronics - producer configuration system ,dj.sleaztek,Granada,30/08/2022,29/10/2022,1/9/2022,156,1119
106,1,0,0,1,430,0,0,0,0,finegear,multi-efectos the dust collector de finegear ,Ivan,Madrid,21/05/2022,17/10/2022,1/9/2022,614,398
107,0,0,0,1,260,0,0,0,0,-,o cambió rd 8 mki berhinger ,arkostek,Alicante,11/07/2022,09/09/2022,1/9/2022,448,868
108,0,0,0,1,180,0,0,0,0,akai,akai eb-16 eb16 fx card 2000 3000 y xl ,Synthaddict,Madrid,29/05/2022,30/09/2022,1/9/2022,279,1151
109,0,0,0,1,385,0,0,0,0,roland,roland mv30 ,Rodolfo,Barcelona,31/05/2022,13/09/2022,1/9/2022,552,725
110,0,0,0,1,350,0,0,0,0,roland,roland rd300sx ,Markkius,Madrid,04/08/2022,23/09/2022,1/9/2022,408,839
111,0,0,0,1,80,0,0,0,0,midi,native instruments maschine mark 1 controlador usb midi sin licencia ,IG,Valencia,11/04/2021,26/09/2022,1/9/2022,1097,144
112,0,0,0,1,12500,0,0,0,0,arp,arp 2600 + 3620 keyboard ,moog1406,Girona,05/02/2021,30/10/2022,1/9/2022,1296,637
113,0,1,0,0,0,0,0,0,0,eurorack,varios módulos eurorack ,FZappy,Barcelona,12/06/2022,29/09/2022,1/9/2022,754,602
114,0,0,0,1,550,0,0,0,0,yamaha,yamaha sy77 ,moog1406,Girona,16/03/2022,04/10/2022,1/9/2022,758,637
115,0,0,1,0,0,0,0,0,0,-,tripode pro por sintetizador ,CreativeStudio,Madrid,01/08/2022,14/09/2022,1/9/2022,324,1451
116,0,0,0,1,40,0,0,0,0,behringer,módulo eurorack behringer 911 envelope generator ,javi_randoom,Madrid,04/08/2022,22/09/2022,1/9/2022,134,1273
117,0,0,0,1,999,0,0,0,0,synthesis,synthesis technology e370 quad morphing vco black ,moog1406,Girona,04/05/2022,30/09/2022,1/9/2022,455,637
118,0,0,0,1,339,0,0,0,0,make noise ,phonogene ,moog1406,Girona,28/07/2021,08/10/2022,1/9/2022,993,637
119,0,0,0,1,370,0,0,0,0,audio,eurorack tip top audio ,Ramonet,Madrid,26/08/2022,25/10/2022,1/9/2022,136,726
120,0,0,0,1,1300,0,0,0,0,nord electro ,hp 5 ,Keyram123,Barcelona,16/04/2022,30/10/2022,1/9/2022,1915,767
121,0,0,0,1,1829,0,0,0,0,arp,arp 2600m nuevo tambien cambios ,moog1406,Girona,20/04/2022,09/09/2022,1/9/2022,753,637
122,0,0,0,1,500,0,0,0,0,deepmind 12 ,behringer ,JaviP,Madrid,18/08/2022,18/10/2022,1/9/2022,300,474
123,0,0,0,1,75,0,0,0,0,iomega,zip iomega 100 scsi ,cvsequencer,Barcelona,03/08/2022,28/09/2022,1/9/2022,292,1188
124,0,0,0,1,24,0,0,0,0,korg,korg t3 - tarjeta memoria ,FranZiskAner,Barcelona,28/08/2022,27/10/2022,1/9/2022,80,1198
125,0,0,0,1,19,0,0,0,0,nord lead ,sonidos custom para a1 ,Kurzleader,Cuenca,11/04/2018,02/09/2022,1/9/2022,3349,1049
126,0,0,0,1,400,0,0,0,0,yamaha,yamaha sy77 + flightcase ,maxi,Baleares,28/08/2022,27/10/2022,1/9/2022,154,431
127,0,0,0,1,1800,0,0,0,0,hammond,hammond e-262 de 1968 ,windbass,Zaragoza,16/06/2020,01/10/2022,1/9/2022,3309,859
128,0,0,0,1,100,0,0,0,0,behringer,behringer 1050 mix sequencer ,polypodium,Madrid,11/08/2022,28/09/2022,1/9/2022,318,1106
129,0,0,0,1,50,0,0,0,0,eurorack,chipz modulo eurorack ,tomiwilli,Madrid,14/04/2022,15/09/2022,1/9/2022,1860,986
130,0,0,0,1,459,0,0,0,0,-,intellijel metropolis ,moog1406,Girona,18/03/2022,20/09/2022,1/9/2022,348,637
131,0,0,0,1,600,0,0,0,0,roland,roland juno ds 88 ,Ricardo,Navarra,29/07/2022,27/09/2022,1/9/2022,531,708
132,0,0,0,1,59,0,0,0,0,yamaha,yamaha master group ,moog1406,Girona,28/06/2021,23/09/2022,1/9/2022,574,637
133,0,0,0,1,1390,0,0,0,0,hammond,hammond m100 año 1962 ,windbass,Zaragoza,01/06/2022,01/10/2022,1/9/2022,725,859
134,0,0,0,1,1000,0,0,0,0,yamaha,yamaha cp40 con funda y pedal original impecable! ,drumsman,Madrid,11/10/2020,27/09/2022,1/9/2022,3628,871
135,0,0,0,1,600,0,0,0,0,roland,oportunidad! teclado roland exr-7 interactive arranger muy poco uso ,Frank,Barcelona,08/11/2021,19/10/2022,1/9/2022,549,498
136,0,0,0,1,80,0,0,0,0,e-mu,e-mu proformance 1 módulo de sonidos de piano ,sergiommms,A Coruña,11/05/2022,30/09/2022,1/9/2022,467,1091
137,0,0,0,1,50,0,0,0,0,arturia,arturia minilab mk2 ,jdarua,Baleares,18/08/2022,20/10/2022,1/9/2022,86,631
138,0,0,0,1,255,0,0,0,0,roland,roland tb 3 ,moog1406,Girona,16/02/2022,08/10/2022,1/9/2022,452,637
139,0,0,0,1,600,0,0,0,0,yamaha,teclado yamaha motif es8 - 88 teclas contrapesadas ,miscoes,Ourense,18/08/2022,15/10/2022,1/9/2022,162,755
140,0,0,0,1,800,0,0,0,0,virus,access virus kc ,roy242,Valencia,18/08/2022,28/09/2022,1/9/2022,334,498
141,0,0,0,1,115,0,0,0,0,shakmat modular ,time wizard ,Marco Luque,Madrid,07/06/2022,29/09/2022,1/9/2022,323,1054
142,0,0,0,1,100,0,0,0,0,studio,studio electronics atc-1 2600 filter cartridge ,FZappy,Barcelona,21/09/2021,30/09/2022,1/9/2022,698,602
143,0,0,0,1,245,0,0,0,0,instruments,mutable instruments clouds completo ,donpuzo,Barcelona,31/05/2022,30/10/2022,1/9/2022,529,783
144,0,0,0,1,550,0,0,0,0,evolver,dsi evolver ,abstrack,Valencia,02/11/2021,19/10/2022,1/9/2022,1645,843
145,0,0,0,1,1850,0,0,0,0,-,leslie 122 clásico y autónomo ,windbass,Zaragoza,10/07/2021,24/09/2022,1/9/2022,1037,859
146,0,0,0,1,30,0,0,0,0,analogue systems ,rs-390 ,dorremifasol,Barcelona,24/10/2021,20/10/2022,1/9/2022,590,1287
147,0,0,1,0,0,0,0,0,0,-,erica fusión vco ,gorum,Tarragona,12/03/2022,28/09/2022,1/9/2022,652,554
148,0,0,0,1,75,0,0,0,0,korg,korg nts -1 ,mesmer_son,Barcelona,31/08/2022,30/10/2022,1/9/2022,82,1080
149,0,0,0,1,359,0,0,0,0,arturia,arturia minibrute 2 ,moog1406,Girona,19/07/2021,06/09/2022,1/9/2022,1594,637
150,0,0,0,1,50,0,0,0,0,eurorack,fuente alimentación eurorack + bus board ,cvsequencer,Barcelona,03/08/2022,25/09/2022,1/9/2022,256,1188
151,0,0,0,1,325,0,0,0,0,-,wersi ex10r expander with 8-bit drums 1985 ,Samsimo,Madrid,20/04/2021,25/09/2022,1/9/2022,1461,729
152,0,0,0,1,225,0,0,0,0,dynacord,"electrovoice fx70 emulador leslie de rack, igual al dynacord dls223 ",paugui,Sevilla,01/05/2021,18/09/2022,1/9/2022,452,651
153,0,0,0,1,560,0,0,0,0,yamaha,yamaha p-125 b ,daniello87,A Coruña,09/07/2022,06/09/2022,1/9/2022,320,951
154,0,0,1,0,199,0,0,0,0,elektron,elektron model cycles no ,ElmoreFreak,Las Palmas,08/06/2022,20/09/2022,1/9/2022,744,1101
155,0,0,0,1,20,0,0,0,0,-,"orejas rack neutron, pro 1, k2 80hp fin stock env incl ",PETZOO,Cádiz,22/01/2021,28/09/2022,1/9/2022,1336,481
156,0,0,0,1,390,0,0,0,0,xaoc,xaoc moskwa ii+ ostankino ii ,Sergi,Alicante,20/07/2022,23/09/2022,1/9/2022,375,506
157,0,0,0,1,60,0,0,0,0,doepfer,modulo eurorack doepfer a-110-1 ,javi_randoom,Madrid,04/08/2022,11/09/2022,1/9/2022,198,1273
158,0,0,0,1,95,0,0,0,0,adam,adam hall sks 22 xb ,moog1406,Girona,26/04/2022,30/10/2022,1/9/2022,525,637
159,0,0,0,1,450,0,0,0,0,korg,sintetizador piano korg n1 88 teclas contrapesadas ,jordipares3,Girona,18/09/2021,21/09/2022,1/9/2022,2664,1126
160,0,0,1,0,0,0,0,0,0,roland,roland fa-06 ,rogaes,Granada,14/11/2021,27/09/2022,1/9/2022,1676,641
161,0,0,0,1,600,0,0,0,0,yamaha,yamaha cs-5 ,BuenMambo,Madrid,31/07/2022,28/09/2022,1/9/2022,622,886
162,0,0,0,1,1750,0,0,0,0,nord wave ,teclado 2 ,dorremifasol,Barcelona,17/07/2022,29/09/2022,1/9/2022,778,1287
163,0,0,0,1,390,0,0,0,0,kurzweil,kurzweil k2000r ,lapagana,Alicante,23/04/2022,26/10/2022,1/9/2022,677,821
164,0,0,0,1,260,0,0,0,0,korg,korg kaossilator pro + ,Tangential,León,11/07/2022,09/09/2022,1/9/2022,193,1031
165,0,0,0,1,239,0,0,0,0,novation,novation launchpad mkiii + deksaver ,moog1406,Girona,12/04/2021,15/09/2022,1/9/2022,1054,637
166,0,1,0,0,0,0,0,0,0,behringer,behringer di20 en madrid capital ,soldout,Madrid,28/08/2022,01/10/2022,1/9/2022,62,778
167,0,0,0,1,120,0,0,0,0,soundforce,dual filter - soundforce ,muzik,Málaga,30/08/2022,29/10/2022,1/9/2022,74,560
168,0,0,0,1,575,0,0,0,0,roland,roland d 550 ,moog1406,Girona,09/11/2021,30/10/2022,1/9/2022,1027,637
169,0,0,0,1,190,0,0,0,0,-,nord drum synth ,Synthaddict,Madrid,18/08/2022,26/09/2022,1/9/2022,424,1151
170,0,0,0,1,400,0,0,0,0,erica synths ,bassline db-01 ,Álvaro,Sevilla,28/07/2022,26/09/2022,1/9/2022,362,741
171,0,0,1,0,0,0,0,0,0,roland,roland vs 24000 cd + monitor ,elprofesordedanza,Tarragona,29/07/2022,28/09/2022,1/9/2022,386,1816
172,0,0,0,1,50,0,0,0,0,eurorack,pack proyecto eurorack ,cvsequencer,Barcelona,03/08/2022,25/09/2022,1/9/2022,408,1188
173,0,0,0,1,35,0,0,0,0,-,funda para teclado de 5 octavas ,bioroide,Madrid,01/04/2021,26/09/2022,1/9/2022,996,845
174,0,0,0,1,79,0,0,0,0,audio,grey audio 3340 ,moog1406,Girona,08/10/2021,08/10/2022,1/9/2022,469,637
175,1,0,0,1,550,0,0,0,0,acidlab,acidlab drumatix 606 ,Aponsa,Barcelona,18/08/2022,16/10/2022,1/9/2022,262,610
176,0,0,0,1,5444,0,0,0,0,oberheim,oberheim obx8 nuevo solo una unidad disponible ,moog1406,Girona,10/05/2022,01/10/2022,1/9/2022,520,637
177,0,0,0,1,45,0,0,0,0,eurorack,eurorack case 70hp model d ,Morphido,Madrid,12/12/2020,26/10/2022,1/9/2022,2272,834
178,0,0,0,1,400,0,0,0,0,vermona,vermona drm mkii ,MZ,Burgos,22/10/2021,24/10/2022,1/9/2022,860,167
179,0,0,0,1,139,0,0,0,0,-,endorphin milky way ,moog1406,Girona,01/02/2022,30/10/2022,1/9/2022,898,637
180,0,0,0,1,150,0,0,0,0,roland,roland d110 – sintetizador digital + tarjeta pn-d10-01 ,alcachofazul,Madrid,29/07/2022,25/09/2022,1/9/2022,378,1261
181,0,1,0,0,0,0,0,0,0,-,landscape stereo field ,Joel,Zaragoza,11/08/2022,07/10/2022,1/9/2022,160,394
182,0,0,0,1,300,0,0,0,0,yamaha,yamaha tg33 tone generator vector synth ,Paoli Atzei,Barcelona,01/09/2022,30/10/2022,1/9/2022,94,1042
183,0,1,1,0,0,0,0,0,0,instruments,modulos mutable instruments ,Sonitec,Valencia,11/08/2022,13/10/2022,1/9/2022,186,725
184,0,0,0,1,490,0,0,0,0,-,sintetizador dsi tetra envío incluido ,djoy,Albacete,26/08/2022,25/10/2022,1/9/2022,234,438
185,0,0,0,1,185,0,0,0,0,yamaha,yamaha rm50 rhythm sound module ,yosualogan,Cantabria,07/05/2022,26/09/2022,1/9/2022,648,1090
186,0,0,0,1,220,0,0,0,0,-,euclidean circles + six switches expansion ,Hypnosia,Lugo,25/08/2022,22/10/2022,1/9/2022,122,843
187,0,0,0,1,949,0,0,0,0,-,asm hydrasynth ,moog1406,Girona,09/06/2022,31/10/2022,1/9/2022,831,637
188,0,0,0,1,50,0,0,0,0,doepfer,modulo eurorack doepfer a-142-1 ,javi_randoom,Madrid,04/08/2022,22/09/2022,1/9/2022,1158,1273
189,0,0,0,1,225,0,0,0,0,-,tiptop z-dsp + dragonfly delay broken silicon + error codes 1 ,Manuel B,Baleares,13/03/2021,11/10/2022,1/9/2022,1475,708
190,0,1,0,0,0,0,0,0,0,doepfer,doepfer a-192-2 ,Wallace,La Rioja,13/03/2021,24/10/2022,1/9/2022,114,697
191,0,0,0,1,790,0,0,0,0,eurorack,caja eurorack ,moog1406,Girona,08/04/2022,08/09/2022,1/9/2022,674,637
192,0,0,0,1,1000,0,0,0,0,novation,novation supernova ii en teclado ,Albin Nox,Granada,25/08/2022,22/10/2022,1/9/2022,253,827
193,0,1,0,0,0,0,0,0,0,doepfer,doepfer a-160-2 ,Wallace,La Rioja,08/07/2022,24/09/2022,1/9/2022,186,697
194,0,0,0,1,650,0,0,0,0,nord rack ,1 ,Kaesar,Barcelona,10/05/2022,10/10/2022,1/9/2022,463,599
195,0,0,0,1,1450,0,0,0,0,novation,novation summit ,Albertomf,Baleares,17/07/2022,25/09/2022,1/9/2022,304,924
196,0,0,0,1,300,0,0,1,0,arturia,waldorf blofeld negro + arturia minibrute para ,dCOP,Barcelona,21/07/2022,19/09/2022,1/9/2022,572,326
197,0,0,0,1,130,0,0,0,0,midi,akai xe8 midi drum expander ,Samsimo,Madrid,20/03/2021,09/09/2022,1/9/2022,2057,729
198,0,0,0,1,465,0,0,0,0,system,roland system 1m ,moog1406,Girona,01/09/2021,27/09/2022,1/9/2022,623,637
199,0,0,0,1,200,0,0,0,0,acid,twisted electrons acid 8 mkii ,guardabrazo,Madrid,21/07/2022,19/09/2022,1/9/2022,428,1170
200,0,0,0,1,399,0,0,0,0,-,pedal de efecto neo ventilator ii ,thecurri,Cádiz,18/07/2022,16/09/2022,1/9/2022,191,870
201,0,0,0,1,90,0,0,0,0,doepfer,doepfer a-106-1 xtreme filter ms20 ,instaljomar,Barcelona,08/06/2022,27/09/2022,1/9/2022,273,1188
202,0,0,0,1,179,0,0,0,0,roland,tarjeta srx02 concert piano de roland ,airbag2004,Toledo,05/03/2022,13/09/2022,1/9/2022,541,812
203,0,0,0,1,3249,0,0,0,0,buchla,buchla 208c easel command ,Storm,Bizkaia,01/07/2022,01/09/2022,1/9/2022,441,533
204,0,0,0,1,250,0,0,0,0,audio,módulo de sonidos y efectos sm pro audio vmachine reproductor de pluggins vst ,franpa,Alicante,02/07/2022,12/09/2022,1/9/2022,552,632
205,0,0,0,1,50,0,0,0,0,behringer,behringer 2500 1033 envolvente ,FZappy,Barcelona,22/06/2022,29/09/2022,1/9/2022,586,602
206,0,0,0,1,300,0,0,0,0,roland,roland r-8 2 unidades ,sergiommms,A Coruña,22/06/2022,30/09/2022,1/9/2022,137,1091
207,0,0,0,1,75,0,0,0,0,-,"flightcase 19"" thon rack 5u eco ii compact 23 ",Mario,Cantabria,22/07/2022,29/09/2022,1/9/2022,338,504
208,0,0,0,1,59,0,0,0,0,yamaha,yamaha vrc 103 sustain group ,moog1406,Girona,28/06/2021,26/09/2022,1/9/2022,314,637
209,0,0,0,1,580,0,0,0,0,elektron,elektron digitakt ,edulo,Badajoz,04/08/2022,03/10/2022,1/9/2022,346,537
210,0,1,0,0,0,0,0,0,0,doepfer,doepfer a-103 vcf 6 ,Wallace,La Rioja,16/07/2022,24/09/2022,1/9/2022,164,697
211,0,0,0,1,290,0,0,0,0,-,kit controlador para leslies de 6 pines 122 y 147 familias 6h y 6w ,windbass,Zaragoza,10/07/2021,01/10/2022,1/9/2022,679,859
212,0,0,0,1,899,0,0,0,0,teenage engineering ,op-1 ,moog1406,Girona,21/12/2021,30/10/2022,1/9/2022,815,637
213,0,0,0,1,390,0,0,0,0,akai,akai s3000xl + tarjeta eb16 + zip omega + manuales y cableado ,markos335,Tarragona,30/06/2022,27/09/2022,1/9/2022,422,808
214,0,0,0,1,600,0,0,0,0,yamaha,yamaha reface dx + cs ,Kevin Teucilide,Barcelona,18/08/2022,20/10/2022,1/9/2022,214,1461
215,0,0,0,1,1200,0,0,0,0,midi,teclado midi mpe linnstrument 200 teclas ,Ivan,Madrid,07/07/2022,05/09/2022,1/9/2022,314,398
216,0,0,0,1,190,0,0,0,0,e-mu,e-mu procussion ,roy242,Valencia,25/08/2022,22/10/2022,1/9/2022,181,498
217,0,0,0,1,510,0,0,0,0,yamaha,yamaha an1x ,Paoli Atzei,Barcelona,01/09/2022,30/10/2022,1/9/2022,148,1042
218,0,0,0,1,370,0,0,0,0,roland,roland ju 06 a ,radiactivo,Barcelona,01/09/2022,30/10/2022,1/9/2022,108,1062
219,0,0,0,1,500,0,0,0,0,roland,piano 88 contrapesadas roland hp1800s ,patumbao,Zaragoza,16/11/2020,27/10/2022,1/9/2022,1287,857
220,0,0,1,0,950,0,0,0,0,yamaha,yamaha modx6 en excelente estado con extras también ,nisakku,Barcelona,25/08/2022,30/09/2022,1/9/2022,247,758
221,0,0,0,1,60,0,0,0,0,arturia,arturia minilab mkii ,Caradusanto,Málaga,25/07/2022,23/09/2022,1/9/2022,260,1141
222,0,0,0,1,229,0,0,0,0,roland,roland tr 505 ,moog1406,Girona,24/03/2022,30/10/2022,1/9/2022,1045,637
223,0,0,0,1,389,0,0,0,0,roland,roland mv30 ,Francisco Rivera,Madrid,24/12/2021,23/09/2022,1/9/2022,1988,1569
224,0,0,0,0,0,1,0,0,0,-,ms20 mini keyboard ,Musiqueur,Granada,27/08/2022,26/10/2022,1/9/2022,280,976
225,0,0,0,1,975,0,0,0,0,decksaver,teenage enginering + decksaver + funda ,moog1406,Girona,25/05/2022,27/09/2022,1/9/2022,366,637
226,0,0,0,1,1050,0,0,0,0,kodamo,kodamo essence fm – sintetizador multitímbrico fm ,alcachofazul,Madrid,12/07/2022,25/09/2022,1/9/2022,544,1261
227,0,0,0,1,55,0,0,0,0,doepfer,doepfer a 101 2 lpg vactrol lowpasgate ,Øliveira,Pontevedra,27/08/2022,30/09/2022,1/9/2022,89,964
228,0,0,0,1,100,0,0,0,0,maschine,maschine mk i ,drumax,Valencia,26/04/2020,28/09/2022,1/9/2022,2504,657
229,0,0,0,1,4990,0,0,0,0,system,system ,angelmahon,Valencia,18/08/2022,17/10/2022,1/9/2022,370,1050
230,0,0,0,1,180,0,0,0,0,eurorack,doboz touch sensing note memory eurorack ,insula,Madrid,29/06/2022,11/09/2022,1/9/2022,292,652
231,0,0,0,1,145,0,0,0,0,chronograf,frequency central chronograf ,moog1406,Girona,27/01/2022,30/10/2022,1/9/2022,424,637
232,0,0,0,1,75,0,0,0,0,doepfer,doepfer a189-1 ,moog1406,Girona,10/06/2021,26/09/2022,1/9/2022,472,637
233,0,0,0,1,1700,0,0,0,0,-,eminent solina string ensemble mk 1 ,moral97,Baleares,04/07/2021,17/09/2022,1/9/2022,1381,651
234,0,0,0,1,170,0,0,0,0,korg,korg sd-400 signal delay 1978 ,selimorgan,Valencia,08/05/2022,30/09/2022,1/9/2022,932,1073
235,0,0,0,1,205,0,0,0,0,befaco,befaco crush delay ,moog1406,Girona,04/06/2021,20/09/2022,1/9/2022,408,637
236,0,0,0,1,325,0,0,0,0,teenage engineering ,op-z ,Miles,Girona,08/03/2022,29/09/2022,1/9/2022,1350,506
237,0,0,0,1,345,0,0,0,0,-,jen sx-2000 synthetone ,Cobe,Madrid,04/07/2022,02/09/2022,1/9/2022,398,377
238,0,0,0,1,400,0,0,0,0,polyend,polyend tracker ,Garz,Lugo,18/08/2022,17/10/2022,1/9/2022,126,404
239,0,0,0,1,260,0,0,0,0,novation,novation mininova ,Andebol,Pontevedra,17/03/2022,29/09/2022,1/9/2022,1022,693
240,0,0,0,1,350,0,0,0,0,roland,sintetizador roland boutique se-02 ,Jose Armando,Sevilla,20/07/2022,18/09/2022,1/9/2022,522,1139
241,0,0,0,1,360,0,0,0,0,waldorf,waldorf blofeld desktop negro + licencia sl ,afro.funk,Barcelona,31/05/2021,28/09/2022,1/9/2022,826,906
242,0,0,0,1,350,0,0,0,0,yamaha,piano midi yamaha p-95 ,Teresa Velasco Navarro,Madrid,04/08/2022,04/10/2022,1/9/2022,234,2122
243,0,0,0,1,120,0,0,0,0,alesis,alesis v61 + soporte de tijera ,BassDrumsRecords,Madrid,11/08/2022,01/10/2022,1/9/2022,218,1638
244,0,0,0,1,3249,0,0,0,0,-,sequential prophet x ,Storm,Bizkaia,18/12/2020,01/10/2022,1/9/2022,3805,533
245,0,0,0,1,850,0,0,0,0,kawai,piano eléctrico de escenario kawai mp-5 + fligth case ,viticli,Madrid,11/07/2022,25/09/2022,1/9/2022,249,756
246,0,0,1,0,0,0,0,0,0,mpc,mpc live2 x one ,vulgatron,Madrid,31/07/2022,08/09/2022,1/9/2022,162,994
247,0,0,0,1,400,0,0,0,0,critter,critter & guitari organelle ,Ig_Pe,Zaragoza,21/06/2022,30/10/2022,1/9/2022,236,452
248,0,0,0,1,150,0,0,0,0,befaco,befaco vc adsr ,Claude_Chabrol,Barcelona,09/05/2022,30/09/2022,1/9/2022,196,1384
249,0,0,0,1,100,0,0,0,0,-,nuevo a estrenar soporte para 2 teclados quicklok sl-8 ,Frank,Barcelona,08/11/2021,19/10/2022,1/9/2022,623,498
250,0,1,0,0,0,0,0,0,0,behringer,behringer vc340 ,indra-tronic,Madrid,25/08/2022,30/09/2022,1/9/2022,172,1226
251,0,0,0,1,379,0,0,0,0,roland,roland eg 101 ,moog1406,Girona,08/06/2021,08/10/2022,1/9/2022,1012,637
252,0,0,0,1,80,0,0,0,0,boss,boss flanger bf3 ,Metrolike,Málaga,17/05/2022,04/10/2022,1/9/2022,255,940
253,0,0,0,1,1550,0,0,0,0,0,roland v-synth gt 2 0 ,Siete7,Burgos,18/02/2022,27/09/2022,1/9/2022,1475,561
254,0,0,0,1,420,0,0,0,0,moog,moog minitaur ,Japiax,Córdoba,11/08/2022,09/10/2022,1/9/2022,212,605
255,0,0,0,1,420,0,0,0,0,-,varios módulos ,perrointel,Barcelona,29/07/2022,24/09/2022,1/9/2022,550,1092
256,0,0,0,1,20,0,0,0,0,roland,roland mt-32 lista de presets ,Samsimo,Madrid,03/07/2022,25/09/2022,1/9/2022,334,729
257,0,0,0,1,250,0,0,0,0,e-mu,e-mu systems procussion ,Kitarshokak.com,Gipuzkoa,30/08/2022,30/10/2022,1/9/2022,110,1513
258,0,0,0,1,1500,0,0,0,0,-,detachment 3 archangel ,Adrià Gil,Barcelona,11/06/2021,28/09/2022,1/9/2022,3358,924
259,0,0,0,1,300,0,0,0,0,instruments,bastl instruments bit ranger ,guardabrazo,Madrid,21/07/2022,19/09/2022,1/9/2022,368,1170
260,0,0,0,1,311,0,0,0,0,roland,roland tb 03 ,moog1406,Girona,09/05/2022,13/09/2022,1/9/2022,396,637
261,0,0,0,1,900,0,0,0,0,nord lead ,4 rack ,Pai,Madrid,03/08/2022,30/09/2022,1/9/2022,396,282
262,0,0,0,1,499,0,0,0,0,decksaver,roland verselab mv-1 + decksaver ,camidelaigua,Girona,18/07/2022,28/09/2022,1/9/2022,446,1238
263,0,0,0,1,430,0,0,0,0,squarp,squarp pyramid mk1 ,gatovertical,Barcelona,17/05/2022,09/09/2022,1/9/2022,453,1285
264,0,0,0,1,180,0,0,0,0,-,"tarjetas voice crystal 1+2 para sq2 sqr+,sq1+ ",gato737,Barcelona,01/08/2022,28/09/2022,1/9/2022,184,588
265,0,0,0,1,129,0,0,0,0,-,endorphin es airstreamer ,moog1406,Girona,21/01/2022,23/09/2022,1/9/2022,448,637
266,0,0,0,1,95,0,0,0,0,volca,korg volca bass ,Alejandro M. Molina Amador,Málaga,13/07/2022,01/10/2022,1/9/2022,354,2335
267,0,0,0,1,320,0,0,0,0,yamaha,yamaha shs - 200 sintetizador keytar ,Sholo Truth,Madrid,29/08/2022,29/10/2022,1/9/2022,92,1084
268,0,0,0,1,290,0,0,0,0,dynacord,dynacord percuter s v drum triggers ,Synthaddict,Madrid,20/07/2021,30/09/2022,1/9/2022,826,1151
269,0,0,0,1,850,0,0,0,0,moog,sintetizador moog granmother ,Stefano,Barcelona,26/08/2022,25/10/2022,1/9/2022,164,720
270,0,0,0,1,90,0,0,0,0,arturia,arturia keystep black edition ,selimorgan,Valencia,11/08/2022,30/09/2022,1/9/2022,280,1073
271,0,0,0,1,390,0,0,0,0,korg,korg ms20 mini ,Juano,Sevilla,25/08/2022,21/10/2022,1/9/2022,128,509
272,0,0,0,1,400,0,0,0,0,critter,critter & guitari organelle digital synth ,fine,Pontevedra,25/08/2022,22/10/2022,1/9/2022,124,418
273,0,0,0,1,530,0,0,0,0,mpc,akai mpc one ,roy242,Valencia,18/08/2022,28/09/2022,1/9/2022,296,498
274,0,0,0,1,30,0,0,0,0,audio,libros de desarrollo de plugins y audio ,Kevin Smith,Alicante,20/02/2022,29/09/2022,1/9/2022,557,1058
275,0,0,0,1,545,0,0,0,0,roland,roland tr 8s ,moog1406,Girona,17/02/2022,17/10/2022,1/9/2022,928,637
276,0,0,0,1,1990,0,0,0,0,odyssey,arp odyssey mkiii ,moog1406,Girona,15/07/2021,30/10/2022,1/9/2022,1065,637
277,0,0,0,1,40,0,0,0,0,eurorack,filtro eurorack magerit vcf ,Pablo M. - Sullibass,Zaragoza,25/08/2022,01/10/2022,1/9/2022,82,1704
278,0,0,0,1,1300,0,0,0,0,modular,sintetizador modular completo a estrenar ,jaqjen,Madrid,19/02/2022,19/09/2022,1/9/2022,1133,633
279,0,0,0,1,650,0,0,0,0,oberheim,teclado controlador oberheim mc 3000 ,dreamtopia,Badajoz,25/08/2022,22/10/2022,1/9/2022,216,1062
280,0,0,0,1,130,0,0,0,0,emu,emu proteus 1 – sintetizador en rack ,alcachofazul,Madrid,29/07/2022,25/09/2022,1/9/2022,360,1261
281,1,0,0,1,20,0,0,0,0,yamaha,yamaha psr 3000 - librería para ni kontakt ,Zyon35,Córdoba,01/06/2022,18/09/2022,1/9/2022,207,536
282,0,0,0,1,320,0,0,0,0,roland,roland jp-8000 ,DJ KARBO,Baleares,25/08/2022,23/10/2022,1/9/2022,450,541
283,0,0,0,1,69,0,0,0,0,-,tip top mix z ,moog1406,Girona,21/06/2021,08/10/2022,1/9/2022,407,637
284,0,0,0,1,25,0,0,0,0,akai,akai cd-rom sound library mpc2000xl vol 1 ,paugui,Sevilla,22/09/2021,12/09/2022,1/9/2022,342,651
285,0,0,0,1,650,0,0,0,0,instruments,mutable instruments ambika ,Dmode,Barcelona,18/08/2022,20/10/2022,1/9/2022,186,489
286,0,0,0,1,204,0,0,0,0,-,endorphin es godspeed + ,moog1406,Girona,19/01/2022,23/09/2022,1/9/2022,457,637
287,0,0,0,1,79,0,0,0,0,doepfer,doepfer a-160 -5v clock multiplier ,moog1406,Girona,10/05/2022,13/09/2022,1/9/2022,339,637
288,0,0,0,1,1,0,0,0,0,wmd make noise erica synth ,sistema modular euroack mutable instruments ,Imox,Sevilla,18/08/2022,27/09/2022,1/9/2022,583,413
289,0,0,0,1,350,0,0,0,0,korg,teclado korg ds-8 1986 ,Kevin,Murcia,21/02/2022,09/09/2022,1/9/2022,814,509
290,0,0,0,1,200,0,0,0,0,instruo,instruo ts-l ,Al,Barcelona,20/07/2022,18/09/2022,1/9/2022,196,173
291,0,0,0,1,115,0,0,0,0,-,transient modules 8s sequencer ,moog1406,Girona,21/12/2021,04/09/2022,1/9/2022,379,637
292,0,0,0,1,179,0,0,0,0,korg,korg kossilator pro ,moog1406,Girona,20/05/2022,23/09/2022,1/9/2022,411,637
293,0,0,0,1,150,0,0,0,0,yamaha,yamaha rm50 versión rack de ry30 ,CHOSKY_17,Valladolid,16/07/2022,14/09/2022,1/9/2022,352,664
294,0,0,0,1,145,0,0,0,0,frequency,frequency central bartos flur ii ,moog1406,Girona,27/01/2022,08/10/2022,1/9/2022,394,637
295,0,0,0,1,800,0,0,0,0,yamaha,yamaha sy99 ,chinog,Madrid,18/08/2022,18/10/2022,1/9/2022,198,632
296,0,0,0,1,480,0,0,0,0,yamaha,piano digital yamaha p140 en sevilla ,Bachh,Sevilla,27/07/2022,25/09/2022,1/9/2022,246,470
297,0,1,0,0,0,0,0,0,0,roland,roland xp50 averiado ,chinog,Madrid,11/08/2022,13/10/2022,1/9/2022,134,632
298,0,0,0,1,10,0,0,0,0,korg,funda cubrepolvo a la medida para korg monopoly ,grizzvolga,Madrid,17/07/2022,26/09/2022,1/9/2022,308,1103
299,0,0,0,1,380,0,0,0,0,dreadbox,dreadbox hypnosis ,Dmode,Barcelona,12/02/2022,20/09/2022,1/9/2022,851,489
300,0,0,0,1,350,0,0,0,0,-,intellijel shapeshifter ,liradigital MRF,Madrid,12/07/2022,01/10/2022,1/9/2022,352,1419
301,0,0,0,1,1750,0,0,0,0,-,amplificador type leslie 142 145 ,windbass,Zaragoza,14/05/2021,21/09/2022,1/9/2022,1454,859
302,0,1,0,0,0,0,0,0,0,yamaha,yamaha psr-sx 600 ,guingo,Albacete,18/08/2022,29/09/2022,1/9/2022,164,649
303,0,0,0,1,600,0,0,0,0,yamaha,"yamaha moxf 6, ",morcillero,Barcelona,16/07/2022,14/09/2022,1/9/2022,396,1080
304,0,0,0,1,899,0,0,0,0,elektron,elektron analog keys nuevo ,Albornozz,Madrid,13/03/2022,30/09/2022,1/9/2022,1486,961
305,0,0,0,1,700,0,0,0,0,kawai,kawai ca 91 ,VivianGirl,Barcelona,27/03/2022,23/10/2022,1/9/2022,312,1019
306,0,0,0,1,650,0,0,0,0,roland,roland alpha juno 1 ,finaldesousa,Barcelona,18/08/2022,16/10/2022,1/9/2022,261,1278
307,0,0,0,1,49,0,0,0,0,korg,korg t3 lcd ,FranZiskAner,Barcelona,28/08/2022,27/10/2022,1/9/2022,42,1198
308,0,0,0,1,1450,0,0,0,0,virus,access virus ti2 ,NoRes,Barcelona,30/08/2022,29/10/2022,1/9/2022,130,487
309,0,0,0,1,60,0,0,0,0,m-audio,m-audio oxygen pro mini ,RCZ,Sevilla,28/08/2022,27/10/2022,1/9/2022,128,239
310,0,0,0,1,490,0,0,0,0,midi,nerdseq y midi expander ,mikel,Barcelona,10/07/2022,08/09/2022,1/9/2022,272,530
311,0,0,0,1,50,0,0,0,0,midi,lemi midi mixer ,moog1406,Girona,08/06/2022,08/10/2022,1/9/2022,392,637
312,0,0,0,1,2950,0,0,0,0,system,dreadbox white line system ,angelmahon,Valencia,18/08/2022,17/10/2022,1/9/2022,292,1050
313,0,0,0,1,100,0,0,0,0,eurorack,varios módulos eurorack ,afx10101,Madrid,09/06/2022,09/10/2022,1/9/2022,1168,562
314,0,0,0,1,550,0,0,0,0,roland,roland gw8l ,Analogik,Madrid,03/11/2021,06/10/2022,1/9/2022,668,806
315,0,0,0,1,80,0,0,0,0,doepfer,eurorack doepfer wasp filter black and yellow ,siropene,Madrid,25/08/2022,28/09/2022,1/9/2022,104,869
316,0,0,0,1,399,0,0,0,0,-,sintetizador analogico ,jmgg,Tarragona,21/04/2022,01/10/2022,1/9/2022,1932,421
317,0,0,0,1,110,0,0,0,0,-,sintes y mucho más ,clavinord,Madrid,25/08/2022,26/09/2022,1/9/2022,695,962
318,0,0,0,1,300,0,0,0,0,-,shuttle control ,Carlos,Barcelona,18/08/2022,28/09/2022,1/9/2022,172,612
319,0,0,0,1,2500,0,0,0,0,0,cirklon v1 0 ,ak-47,Barcelona,07/07/2022,05/09/2022,1/9/2022,461,356
320,0,0,0,1,2500,0,0,0,0,system,system v1 ,angelmahon,Valencia,29/08/2022,28/10/2022,1/9/2022,165,1050
321,1,0,0,1,70,0,0,0,0,behringer,teclado maestro behringer umx490 ,Blackbird Studios Bcn,Barcelona,12/06/2022,29/09/2022,1/9/2022,266,1980
322,0,0,0,1,160,0,0,0,0,midi,befaco midi thing ,Claude_Chabrol,Barcelona,01/08/2022,30/09/2022,1/9/2022,189,1384
323,0,0,0,1,195,0,0,0,0,kurzweil,kurzweil micropiano ,Syntetic,Alicante,29/08/2022,28/10/2022,1/9/2022,112,851
324,0,0,0,1,38,0,0,0,0,yamaha,bolsa blanda para sintetizador yamaha mx49 o similar ,JavierB,Alicante,25/08/2022,22/10/2022,1/9/2022,104,675
325,0,0,0,1,5500,0,0,0,0,roland,roland tr 808 ,moog1406,Girona,16/12/2021,30/10/2022,1/9/2022,668,637
326,0,0,0,1,60,0,0,0,0,the,órgano hammond the sounder rebajado! ,sirgo,Cantabria,28/07/2022,26/09/2022,1/9/2022,542,548
327,0,1,0,0,0,0,0,0,0,kurzweil,kurzweil pc4 ,femagon,Ciudad Real,28/07/2022,28/10/2022,1/9/2022,82,733
328,0,0,0,1,519,0,0,0,0,modular,winter modular eloquencer ,moog1406,Girona,23/11/2021,08/10/2022,1/9/2022,628,637
329,0,0,0,1,100,0,0,0,0,iomega,zip scsi iomega ,Javier gutierrez,Málaga,25/08/2022,23/10/2022,1/9/2022,134,1634
330,0,0,0,1,160,0,0,0,0,-,temps utile ,Aiko N.,Valencia,01/07/2022,05/09/2022,1/9/2022,494,544
331,0,0,0,1,825,0,0,0,0,roland,roland vr700 v-combo ,amenstudios,Sevilla,12/04/2017,30/09/2022,1/9/2022,6463,1196
332,0,0,0,1,750,0,0,0,0,kawai,kawai vpc1 en perfecto estado ,Bachh,Granada,23/07/2022,21/09/2022,1/9/2022,399,470
333,0,0,0,1,650,0,0,0,0,-,sintetizador ver­mona drm1 mk3 trigger ,Mario,Cantabria,22/07/2022,27/09/2022,1/9/2022,198,504
334,0,0,0,1,135,0,0,0,0,0,bastl instruments micro granny 2 0 ,guardabrazo,Madrid,21/07/2022,19/09/2022,1/9/2022,497,1170
335,0,0,0,1,200,0,0,0,0,monome,monome 40h ,alfred,Madrid,14/07/2021,28/10/2022,1/9/2022,591,622
336,0,0,0,1,1290,0,0,0,0,korg,korg sq10 secuenciador ,moog1406,Girona,10/06/2022,04/09/2022,1/9/2022,573,637
337,0,0,0,1,399,0,0,0,0,korg,"sinte korg ms-20 mini "" nuevo"" ",Dani,Alicante,04/08/2022,27/09/2022,1/9/2022,304,380
338,0,0,0,1,40,0,0,0,0,doepfer,doepfer switched multiple a-182-1 ,Pablo M. - Sullibass,Zaragoza,25/08/2022,01/10/2022,1/9/2022,96,1704
339,0,0,0,1,450,0,0,0,0,modular,módulos befaco sinte modular ,Pablo Thonon,Madrid,30/08/2021,11/10/2022,1/9/2022,2264,1156
340,0,0,0,1,300,0,0,0,0,-,tessseract tukra ,FZappy,Barcelona,02/08/2022,01/10/2022,1/9/2022,187,602
341,0,0,0,1,550,0,0,0,0,elektron,elektron digitone ,Hispalaka,S.C. de Tenerife,02/08/2022,25/10/2022,1/9/2022,112,910
342,0,0,0,1,1690,0,0,0,0,kurzweil,piano digital kurzweil x-pro up 88 teclas ,airbag2004,Madrid,23/07/2021,29/09/2022,1/9/2022,1272,812
343,0,0,0,1,150,0,0,0,0,-,box11 cabinet mas laterales ,FZappy,Barcelona,22/05/2022,29/09/2022,1/9/2022,430,602
344,0,0,0,1,60,0,0,0,0,behringer,behringer 121 dual vcf ,Wallace,La Rioja,23/06/2022,24/10/2022,1/9/2022,276,697
345,0,0,0,1,1400,0,0,0,0,kurzweil,kurzweil forte 88 teclas ,frascuelillo,Córdoba,08/01/2022,14/10/2022,1/9/2022,662,1285
346,0,0,0,1,180,0,0,0,0,-,ableton push - primera versión ,renderga,A Coruña,27/07/2022,25/09/2022,1/9/2022,277,840
347,0,0,0,1,240,0,0,0,0,-,studiologic numa compact 2 impecable sin uso ,Armando Ferrer,Madrid,25/08/2022,23/10/2022,1/9/2022,258,1352
348,0,0,0,1,100,0,0,0,0,cme,teclado controlador midi cme xkey 25 silver + cme supernova para el transporte ,Barpe,Las Palmas,23/04/2021,28/10/2022,1/9/2022,862,490
349,0,0,0,1,199,0,0,0,0,audio,antimatter audio crossfold ,Storm,Bizkaia,07/10/2021,29/09/2022,1/9/2022,525,533
350,0,0,0,1,195,0,0,0,0,-,twisted electrons cells ,moog1406,Girona,16/06/2021,25/09/2022,1/9/2022,368,637
351,0,0,0,1,1600,0,0,0,0,nord electro ,clavia 6d 73 + funda ,Jacob,Madrid,11/08/2022,30/09/2022,1/9/2022,558,479
352,0,0,0,1,315,0,0,0,0,e-mu,e-mu orbit v2 9090 ,Cobe,Madrid,04/07/2022,02/09/2022,1/9/2022,302,377
353,0,0,0,1,950,0,0,0,0,yamaha,yamaha motif xs 6 ,jasynth,Madrid,16/12/2019,28/09/2022,1/9/2022,4725,769
354,0,0,0,1,625,0,0,0,0,akai,akai s6000 v2 ,moog1406,Girona,18/02/2021,30/10/2022,1/9/2022,3459,637
355,0,0,0,1,265,0,0,0,0,korg,teclado korg x3 ,Javi,Girona,03/04/2022,25/09/2022,1/9/2022,906,394
356,0,0,0,1,600,0,0,0,0,-,leslie 322 ,Ocean Clusters,Alicante,28/05/2022,21/09/2022,1/9/2022,748,1371
357,0,0,0,1,300,0,0,0,0,roland,roland rs-5 ,Julio Prada,Madrid,25/08/2022,21/10/2022,1/9/2022,159,1035
358,0,0,0,1,2650,0,0,0,0,-,sequential prophet x ,raul,Cádiz,29/07/2022,28/09/2022,1/9/2022,520,436
359,0,0,0,1,390,0,0,0,0,roland,roland kc 200 ,moog1406,Girona,22/04/2022,30/10/2022,1/9/2022,390,637
360,0,0,0,1,220,0,0,0,0,akai,akai mpk61 ,Marc,Barcelona,04/07/2022,02/09/2022,1/9/2022,311,387
361,0,0,0,1,240,0,0,0,0,waldorf,waldorf streichfett ,Hogart,Barcelona,18/08/2022,26/09/2022,1/9/2022,220,613
362,0,0,0,1,139,0,0,0,0,-,endorphin milky way ,moog1406,Girona,05/03/2021,20/09/2022,1/9/2022,609,637
363,0,0,0,1,53,0,0,0,0,doepfer,doepfer a 116 vc waveform processor ,moog1406,Girona,31/03/2022,08/10/2022,1/9/2022,318,637
364,0,0,0,1,350,0,0,0,0,odyssey,behringer odyssey envío incluido ,moogi,Cádiz,25/08/2022,01/10/2022,1/9/2022,353,539
365,0,0,0,1,300,0,0,0,0,-,kurzweill k2500 teclado ,drtikov,Baleares,28/08/2022,27/10/2022,1/9/2022,116,771
366,0,0,0,1,144,0,0,0,0,-,endorphin es total recall ,moog1406,Girona,20/01/2022,08/10/2022,1/9/2022,425,637
367,0,0,0,1,135,0,0,0,0,novation,novation launchkey 37 mk3 ,Miguel Espinosa,Madrid,30/07/2022,28/09/2022,1/9/2022,236,1477
368,0,0,0,1,20,0,0,0,0,kurzweil,extras kurzweil k2000 ,herrhafen,Zaragoza,06/04/2022,15/09/2022,1/9/2022,1438,947
369,0,0,0,1,300,0,0,0,0,waldorf,waldorf blofeld black edition ,Kevin Teucilide,Barcelona,10/02/2022,14/10/2022,1/9/2022,504,1461
370,0,0,0,1,110,0,0,0,0,yamaha,teclado yamaha psr-e263 ,Juda$,Barcelona,03/10/2021,17/09/2022,1/9/2022,752,424
371,0,1,0,0,0,0,0,0,0,roland,laterales de aluminio para roland system-8 ,mentemodular,Gipuzkoa,09/07/2022,29/09/2022,1/9/2022,186,1293
372,0,0,0,1,350,0,0,0,0,yamaha,yamaha tx7 ,Syntetic,Alicante,29/08/2022,28/10/2022,1/9/2022,108,851
373,0,0,0,1,95,0,0,0,0,-,maleta flight-case - estuche para teclado ,Javi,Girona,04/08/2022,25/09/2022,1/9/2022,158,394
374,0,0,0,1,90,0,0,0,0,roland,roland sc-33 ,Samsimo,Madrid,15/05/2022,25/09/2022,1/9/2022,597,729
375,0,0,0,1,4500,0,0,0,0,alesis,alesis andromeda a6 ,moog1406,Girona,13/07/2021,27/09/2022,1/9/2022,976,637
376,0,0,0,1,200,0,0,0,0,novation,novation bass station rack ,alkalabp,Valencia,30/09/2021,22/09/2022,1/9/2022,1688,824
377,0,0,0,1,1750,0,0,0,0,yamaha,yamaha motif xf8 ,cursosdemusica,Madrid,30/07/2022,21/09/2022,1/9/2022,374,1514
378,0,0,0,1,320,0,0,0,0,waldorf,waldorf pulse 2 ,flake02,Madrid,28/04/2022,30/10/2022,1/9/2022,782,613
379,0,0,0,1,169,0,0,0,0,befaco,befaco muxlicer ,moog1406,Girona,27/01/2022,30/10/2022,1/9/2022,314,637
380,0,0,0,1,149,0,0,0,0,-,error box adm03 ,moog1406,Girona,09/06/2021,04/09/2022,1/9/2022,427,637
381,0,0,1,0,0,0,0,0,0,-,ginkosynthese samplerslicer ,gorum,Tarragona,12/03/2022,28/09/2022,1/9/2022,504,554
382,0,0,0,1,55,0,0,0,0,casio,casio vl-tone vl-1 ,eTorr,León,01/04/2021,17/09/2022,1/9/2022,1084,524
383,0,0,0,1,5300,0,0,0,0,hammond,hammond c3 1961 chop down portable ,windbass,Zaragoza,28/12/2018,01/10/2022,1/9/2022,4560,859
384,0,0,0,1,25,0,0,0,0,yamaha,analog xperience para yamaha modx y montage ,bicho,Madrid,21/09/2019,10/09/2022,1/9/2022,2118,517
385,0,0,0,1,200,0,0,0,0,waldorf,sintetizador waldorf streichfett string machine ,Rampant,Granada,31/08/2022,30/10/2022,1/9/2022,76,723
386,0,0,0,1,285,0,0,0,0,korg,korg minilogue ,o_ak,Albacete,07/02/2022,03/10/2022,1/9/2022,1800,410
387,0,0,0,1,125,0,0,0,0,tiptop audio ,hats808 ,moog1406,Girona,07/04/2022,29/10/2022,1/9/2022,491,637
388,0,0,0,1,1050,0,0,0,0,virus,virus ti 2 desktop ,dorremifasol,Barcelona,26/08/2022,29/09/2022,1/9/2022,286,1287
389,0,0,0,1,110,0,0,0,0,poly,casio vl-5 vl1 poly con lector y funda ,ms10,Zaragoza,26/02/2022,29/09/2022,1/9/2022,1047,321
390,0,0,0,1,950,0,0,0,0,korg,"korg ms-20 fs en negro versión montada, no la versión kit ",Ivan,Madrid,26/01/2022,17/10/2022,1/9/2022,466,398
391,0,0,0,1,1950,0,0,0,0,echo,roland echo re501 ,angelmahon,Valencia,29/08/2022,29/10/2022,1/9/2022,168,1050
392,0,0,0,1,200,0,0,0,0,make noise ,wogglebug ,FZappy,Barcelona,11/08/2022,01/10/2022,1/9/2022,142,602
393,0,0,0,1,1200,0,0,0,0,ketron,teclado ketron audya 5 ,Juantxu,Bizkaia,25/08/2022,21/10/2022,1/9/2022,128,751
394,0,0,0,1,600,0,0,0,0,nord lead ,sintetizador virtual analógico ,Chari Martin,Tarragona,17/07/2022,13/09/2022,1/9/2022,483,1138
395,0,0,0,1,200,0,0,0,0,korg,korg 01 wfd ,chinog,Madrid,11/08/2022,13/10/2022,1/9/2022,320,632
396,0,0,0,1,239,0,0,0,0,behringer,behringer wasp deluxe ,moog1406,Girona,30/12/2021,30/10/2022,1/9/2022,936,637
397,0,0,0,1,420,0,0,0,0,moog,moog mother 32 ,Rampant,Granada,01/09/2022,31/10/2022,1/9/2022,30,723
398,0,0,0,1,300,0,0,1,1,mpc,mpc live para o ,thisisprisma,Toledo,03/01/2022,30/10/2022,1/9/2022,998,1312
399,0,0,0,1,1260,0,0,0,0,midi,korg polysix con midi ,Joanic,Baleares,11/08/2022,13/10/2022,1/9/2022,224,596
400,0,0,0,1,180,0,0,1,0,waldorf,waldorf blofeld para ,Kascales,Albacete,05/07/2022,03/09/2022,1/9/2022,590,807
401,0,0,0,1,275,0,0,0,0,atomosynth,mochika x2 atomosynth ,dmfront,Sevilla,31/07/2022,19/09/2022,1/9/2022,386,762
402,0,0,0,1,360,0,0,0,0,behringer,modulos eurorack behringer ,joan cerezo,Barcelona,25/08/2022,28/09/2022,1/9/2022,294,1104
403,0,0,0,1,700,0,0,0,0,access,access matrix programmer ,cvsequencer,Barcelona,03/08/2022,28/09/2022,1/9/2022,407,1188
404,0,0,0,1,450,0,0,0,0,odyssey,korg arp odyssey módulo rev 3 ,Replicante,Barcelona,02/07/2022,27/09/2022,1/9/2022,716,1031
405,0,0,0,1,3500,0,0,0,0,kawai,kawai sx240 ,Jack Jackjack,Barcelona,11/08/2022,10/10/2022,1/9/2022,258,1195
406,0,0,0,1,150,0,0,0,0,-,tc electronics nova delay ,evano,Barcelona,31/08/2022,30/10/2022,1/9/2022,74,537
407,0,0,0,1,260,0,0,0,0,dreadbox,dreadbox hades ,tomiwilli,Madrid,17/01/2022,15/09/2022,1/9/2022,1258,986
408,0,0,0,1,300,0,0,0,0,korg,korg microkorg xl ,pattyco,Valencia,11/08/2022,10/10/2022,1/9/2022,210,772
409,0,0,0,1,35,0,0,0,0,tascam,tascam 246 pinch roller ,NastyMemoryMan,Madrid,20/01/2020,06/09/2022,1/9/2022,931,1444
410,0,0,0,1,450,0,0,0,0,yamaha,sintetizador yamaha sy22 ,conserice,Madrid,16/06/2022,27/10/2022,1/9/2022,288,955
411,0,0,0,1,200,0,0,0,0,delptronics,"delptronics trigger man, ldb 2e, ldb 2x ",liradigital MRF,Madrid,13/07/2022,01/10/2022,1/9/2022,325,1419
412,0,1,0,0,0,0,0,0,0,e-mu,e-mu orbit 3 ,CreativeStudio,Madrid,25/07/2022,14/09/2022,1/9/2022,216,1451
413,0,0,0,1,105,0,0,0,0,volca,korg volca drum ,Ruido genérico,Baleares,05/07/2022,27/09/2022,1/9/2022,417,1523
414,0,0,0,1,40,0,0,0,0,yamaha,cartucho rom yamaha dx7s ,int3rc0m,Madrid,27/02/2022,26/09/2022,1/9/2022,411,752
415,0,0,0,1,200,0,0,0,0,-,"acordeon stela 34 teclas-60 bajos, ",patumbao,Zaragoza,16/11/2020,27/10/2022,1/9/2022,645,857
416,0,0,0,1,329,0,0,0,0,-,modcan triple oscilator ,moog1406,Girona,11/06/2021,08/10/2022,1/9/2022,425,637
417,0,0,0,1,800,0,0,0,0,analogue solutions ,leipzig-s ,roy242,Valencia,18/08/2022,24/09/2022,1/9/2022,218,498
418,0,1,0,0,0,0,0,0,0,-,op-lab ,Musiqueur,Granada,04/07/2022,02/09/2022,1/9/2022,184,976
419,0,0,0,1,90,0,0,0,0,audio,m audio keystation 61 mk3 ,zaboonpro,Barcelona,14/07/2022,18/09/2022,1/9/2022,346,986
420,0,0,0,1,485,0,0,0,0,roland,roland d550 ,Syntetic,Alicante,29/08/2022,28/10/2022,1/9/2022,158,851
421,0,0,0,1,500,0,0,0,0,korg,korg m3-m xpanded ,medivian,Murcia,17/12/2021,13/09/2022,1/9/2022,2106,845
422,0,0,0,1,59,0,0,0,0,yamaha,yamaha vrc 102 wind instrument group ,moog1406,Girona,29/06/2021,26/09/2022,1/9/2022,300,637
423,0,0,0,1,100,0,0,0,0,befaco,secuenciador analógico befaco slicer v3 ,indienella,Asturias,22/02/2022,14/09/2022,1/9/2022,539,1045
424,0,0,0,1,190,0,0,0,0,instruments,mutable instruments plaits ,Carlos,Barcelona,18/08/2022,28/09/2022,1/9/2022,158,612
425,0,0,0,1,120,0,0,0,0,miditech,módulo de sonidos pianobox usb de miditech ,franpa,Alicante,11/05/2022,12/09/2022,1/9/2022,588,632
426,0,0,0,1,219,0,0,0,0,eurorack,vermona qmi eurorack como nuevo ,Markkius,Madrid,08/07/2022,19/09/2022,1/9/2022,292,839
427,0,0,0,1,20,0,0,0,0,roland,roland jx-3p - librería para ni kontakt y reason ,Zyon35,Córdoba,01/06/2022,18/09/2022,1/9/2022,177,536
428,0,0,0,1,1800,0,0,0,0,roland,roland jd-800 impecable ,landstrung,Barcelona,18/02/2021,20/09/2022,1/9/2022,4323,1090
429,0,0,0,1,260,0,0,0,0,arturia,arturia microfreak ,Dance_work,Madrid,29/08/2022,28/10/2022,1/9/2022,128,1021
430,0,0,0,1,375,0,0,0,0,e,e mu xtreme lead 1 ,moog1406,Girona,22/09/2021,30/10/2022,1/9/2022,1112,637
431,0,0,0,1,80,0,0,0,0,yamaha,yamaha dx7 breath controler bc1 ,Synthaddict,Madrid,18/08/2022,30/09/2022,1/9/2022,305,1151
432,0,0,0,1,220,0,0,0,0,erica synths ,black output v2 ,Marco Luque,Madrid,07/06/2022,29/09/2022,1/9/2022,274,1054
433,0,1,0,0,0,0,0,0,0,arturia,arturia minibrute 2s ,ramoninchispas,Asturias,25/08/2022,25/09/2022,1/9/2022,80,1503
434,0,0,0,1,590,0,0,0,0,eurorack,"usta, secuenciador eurorack ",rocket,Madrid,26/08/2022,28/09/2022,1/9/2022,136,648
435,0,1,1,0,0,0,0,0,0,roland,"busco,compro o roland mc 505 groovebox para despiece ",nekhorek,Sevilla,13/04/2021,25/10/2022,1/9/2022,679,855
436,0,0,0,1,3750,0,0,0,0,roland,roland superjupiter mks 80 + programmer mpg 80 en perfecto estado ,funfanatic,Barcelona,05/07/2022,03/09/2022,1/9/2022,616,1055
437,0,0,0,1,150,0,0,0,0,roland,roland xv-2020 ,johse,Madrid,30/08/2022,29/10/2022,1/9/2022,166,537
438,0,0,0,1,2250,0,0,0,0,roland,roland juno 106 seminuevo ,angelmahon,Valencia,29/08/2022,29/10/2022,1/9/2022,202,1050
439,0,0,0,1,1450,0,0,0,0,roland,roland fantom 07 ,sal,Girona,07/07/2022,05/09/2022,1/9/2022,832,320
440,0,0,0,1,345,0,0,0,0,modular,modular ,tyrel,Madrid,23/03/2021,27/10/2022,1/9/2022,898,560
441,0,0,0,1,189,0,0,0,0,gator,flight case gator ,moog1406,Girona,05/04/2022,08/10/2022,1/9/2022,466,637
442,0,0,0,1,1500,0,0,0,0,hammond,hammond xk3c ,musicmano,Barcelona,17/01/2022,22/09/2022,1/9/2022,1569,972
443,0,0,0,1,400,0,0,0,0,korg,korg 01w fd ,SINTEXIA,Córdoba,19/07/2022,17/09/2022,1/9/2022,288,613
444,0,0,0,1,1430,0,0,0,0,arturia,arturia matrix brute ,EstebanFM,Granada,27/02/2022,27/09/2022,1/9/2022,936,853
445,0,1,0,0,0,0,0,0,0,arturia,"arturia minilab mk2 edición limitada ""deep black"" ",Maniac Broil,Barcelona,18/08/2022,18/10/2022,1/9/2022,96,1121
446,0,0,0,1,500,0,0,0,0,yamaha,sintetizador yamaha mo6 ,Edaurdo,Madrid,28/06/2021,29/09/2022,1/9/2022,588,708
447,0,0,0,1,104,0,0,0,0,doepfer,doepfer a 110 1 vco ,moog1406,Girona,22/02/2022,25/09/2022,1/9/2022,415,637
448,0,0,0,1,3990,0,0,0,0,music,clone buchla electric music box ,moog1406,Girona,02/12/2021,31/10/2022,1/9/2022,588,637
449,0,0,0,1,200,0,0,0,0,instruments,rebajado - mutable instruments clouds original ,Pablo,Madrid,04/05/2022,29/09/2022,1/9/2022,1311,494
450,0,0,0,1,125,0,0,0,0,korg,korg p3 piano module ,Samsimo,Madrid,20/03/2021,16/09/2022,1/9/2022,2090,729
451,0,0,0,1,800,0,0,0,0,moog,moog slim phatty ,anthuantheriver,Ávila,25/08/2022,30/09/2022,1/9/2022,206,1624
452,0,0,0,1,220,0,0,0,0,befaco,befaco muxlicer + mex modulos ,Sergi,Alicante,19/07/2022,18/09/2022,1/9/2022,252,506
453,0,0,0,1,1469,0,0,0,0,arturia,arturia matrixbrute ,moog1406,Girona,10/03/2022,23/09/2022,1/9/2022,602,637
454,0,1,0,0,0,0,0,0,0,korg,korg lambda ,Súper-Bebé,Granada,04/08/2022,27/09/2022,1/9/2022,144,1203
455,0,0,1,0,0,0,0,0,0,korg,korg microkorg ,rogaes,Granada,25/05/2022,27/09/2022,1/9/2022,538,641
456,0,0,0,1,1679,0,0,0,0,waldorf,waldorf m sintetizador wavetable ,Storm,Bizkaia,24/12/2021,28/09/2022,1/9/2022,1444,533
457,0,0,0,1,900,0,0,0,0,korg,korg karma full expanded ,bluewave,Barcelona,10/05/2022,17/09/2022,1/9/2022,766,859
458,0,0,1,0,500,0,0,0,0,yamaha,yamaha dx7s ,impact,Barcelona,14/07/2022,12/09/2022,1/9/2022,486,638
459,0,0,0,1,225,0,0,0,0,akai,akai advance 49 ,KikeAOR,Alicante,22/05/2021,27/09/2022,1/9/2022,1730,614
460,0,0,0,1,1150,0,0,0,0,dexibell,piano de escenario - teclado master dexibell vivo s7 pro ,gutig,La Rioja,03/08/2022,26/09/2022,1/9/2022,400,544
461,0,0,0,1,1,0,0,0,0,moog,novation 25 sl mk2 custom moog ,pattyco,Valencia,11/08/2022,10/10/2022,1/9/2022,368,772
462,0,0,0,1,50,0,0,0,0,yamaha,funda yamaha mox6 ,KFK101,Valladolid,25/08/2022,22/10/2022,1/9/2022,108,366
463,0,0,0,1,259,0,0,0,0,behringer,behringer pro-1 ,Pedro Martínez,Cantabria,01/09/2022,30/10/2022,1/9/2022,106,1512
464,0,0,0,1,800,0,0,0,0,decksaver,ni maschine plus + expansiones + decksaver ,cvsequencer,Barcelona,11/08/2022,28/09/2022,1/9/2022,360,1188
465,0,0,0,1,150,0,0,0,0,arturia,arturia beatstep pro black ,Synthaddict,Madrid,18/08/2022,31/10/2022,1/9/2022,157,1151
466,0,0,0,1,110,0,0,0,0,-,"step fader is a dual sequencer, here is a cv basic offset ",instaljomar,Barcelona,05/07/2022,27/09/2022,1/9/2022,709,1188
467,0,0,0,1,12,0,0,0,0,yamaha,"yamaha cp70 pianos para yamaha motif xf, moxf, montage y modx ",bicho,Madrid,13/08/2018,10/09/2022,1/9/2022,3388,517
468,0,0,0,1,500,0,0,0,0,-,motif-rack xs ,zorruno,Granada,27/08/2022,26/10/2022,1/9/2022,231,799
469,0,0,0,1,300,0,0,0,0,dreadbox,dreadbox nyx ,Dani de Ourense,Lugo,24/05/2022,05/09/2022,1/9/2022,737,1382
470,0,1,0,0,0,0,0,0,0,sensel,sensel morph ,Sergi,Alicante,27/07/2022,25/09/2022,1/9/2022,154,506
471,0,0,0,1,30,0,0,0,0,studio,faltar studio 880 sl ,tripiano,Bizkaia,11/08/2022,10/10/2022,1/9/2022,302,870
472,0,0,0,1,699,0,0,0,0,korg,sintetizador monofónico korg ms-10 de los 70`s ,mayortom,Madrid,02/01/2022,04/09/2022,1/9/2022,1784,888
473,0,0,0,1,120,0,0,0,0,-,electrofaustus blackfly + mooer reecho ,mesmer_son,Barcelona,21/07/2022,19/09/2022,1/9/2022,330,1080
474,0,0,0,1,550,0,0,0,0,korg,korg karma ,bulichan,Alicante,09/06/2021,30/09/2022,1/9/2022,3107,838
475,0,1,0,0,0,0,0,0,0,moog,moog moogerfooger control processor cp-251 ,marc-caster,Valencia,15/05/2022,28/09/2022,1/9/2022,180,1106
476,0,1,0,0,0,0,0,0,0,kurzweil,kurzweil k2600 76 teclas ,japovaz,Ourense,29/06/2022,09/09/2022,1/9/2022,384,763
477,0,0,0,1,150,0,0,0,0,eurorack,proyecto eurorack inacabado 6u 84hp ,SaZZ,Toledo,19/07/2022,17/09/2022,1/9/2022,340,360
478,0,0,0,1,450,0,0,0,0,kurzweil,kurzweil pc1x ,thunderage,Málaga,29/08/2022,28/10/2022,1/9/2022,110,1063
479,0,0,0,1,6000,0,0,0,0,hammond,hammond a100 con leslie 760 ,windbass,Zaragoza,03/11/2020,21/09/2022,1/9/2022,4230,859
480,0,0,0,1,885,0,0,0,0,mpc,akai mpc live 2 ,Bombyx Blow,A Coruña,03/11/2020,20/10/2022,1/9/2022,186,1061
481,0,0,0,1,2500,0,0,0,0,hammond,hammond skx ,Pau Ortolà,Valencia,01/09/2022,31/10/2022,1/9/2022,80,1078
482,0,0,0,1,150,0,0,0,0,casio,casio ct6000 rebaja ,moogi,Cádiz,28/04/2022,01/10/2022,1/9/2022,1062,539
483,0,0,0,1,1390,0,0,0,0,eurorack,filtro estereo eurorack cwejman dmf-2 ,tyrel,Madrid,16/03/2022,27/10/2022,1/9/2022,558,560
484,0,0,0,1,3200,0,0,0,0,waldorf,waldorf quantum ,minahonda,Madrid,18/12/2021,30/09/2022,1/9/2022,3743,943
485,0,0,0,1,600,0,0,0,0,roland,roland tr-727 ,paugui,Sevilla,02/05/2021,12/09/2022,1/9/2022,2071,651
486,0,0,0,1,20,0,0,0,0,-,soporte teclados sintetizadores k&m spider pro accesorio ipad ,StalVs,Alicante,22/11/2021,01/09/2022,1/9/2022,858,605
487,0,0,0,1,190,0,0,0,0,midi,midi fighter 3d ,yaini,Ciudad Real,18/08/2021,03/09/2022,1/9/2022,811,538
488,0,0,0,1,900,0,0,0,0,elektron,elektron analog keys ,alcachofazul,Madrid,29/07/2022,25/09/2022,1/9/2022,323,1261
489,0,0,0,1,45,0,0,0,0,arturia,arturia microlab ,pauloski,Gipuzkoa,23/06/2022,18/09/2022,1/9/2022,283,872
490,0,0,0,1,750,0,0,0,0,roland,roland mc707 ,Socri,Sevilla,27/08/2022,26/10/2022,1/9/2022,110,512
491,0,0,0,1,950,0,0,0,0,korg,órgano korg cx-3 + flightcase a medida ,ssiibert,Madrid,03/04/2022,14/10/2022,1/9/2022,682,869
492,0,0,1,0,500,0,0,0,0,atomo,perceptron atomo synth semimodular tambien ,bioroide,Madrid,21/09/2020,26/09/2022,1/9/2022,3957,845
493,0,0,0,1,90,0,0,0,0,-,mm micromust ,moog1406,Girona,22/07/2021,30/10/2022,1/9/2022,757,637
494,0,0,0,1,339,0,0,0,0,uno,uno synth pro desktop + accesorios ,moog1406,Girona,18/05/2022,30/09/2022,1/9/2022,504,637
495,0,0,0,1,200,0,0,0,0,roland,roland a6 ,cvsequencer,Barcelona,03/08/2022,28/09/2022,1/9/2022,548,1188
496,0,0,1,0,0,0,1,0,0,-,alguno de estos sintes y caja de ritmo ,moog1406,Girona,10/04/2022,30/10/2022,1/9/2022,2578,637
497,0,0,0,1,2000,0,0,0,0,roland,roland sh 101 ,moog1406,Girona,20/10/2021,30/10/2022,1/9/2022,1445,637
498,0,0,0,1,2200,0,0,0,0,korg,korg pa4x 61 ,Ismael,Navarra,28/07/2022,26/09/2022,1/9/2022,330,603
499,0,0,0,1,20,0,0,0,0,korg,diskette sonidos para el sampler korg dsm1 ,polypodium,Madrid,07/07/2022,21/09/2022,1/9/2022,198,1106
500,0,0,0,1,60,0,0,0,0,roland,roland pn gr 50 01 ,moog1406,Girona,23/03/2022,25/09/2022,1/9/2022,408,637
501,0,0,0,1,390,0,0,0,0,korg,korg triton le ,moog1406,Girona,28/10/2021,30/10/2022,1/9/2022,1274,637
502,0,0,0,1,22,0,0,0,0,roland,sonidos roland jupiter x xm series y zenology pro software ,JM72,Pontevedra,15/07/2022,26/09/2022,1/9/2022,405,256
503,0,0,0,1,2300,0,0,0,0,nord stage ,2 ha 88 ,Spectro,Palencia,13/03/2021,27/09/2022,1/9/2022,3052,736
504,0,0,0,1,1,0,0,0,0,-,basimilus iteritas alter + entity ultra kick ,muzik,Málaga,28/08/2022,27/10/2022,1/9/2022,128,560
505,0,0,0,1,95,0,0,0,0,ultimate,ultimate ax 48 pro b ,moog1406,Girona,26/04/2022,30/10/2022,1/9/2022,388,637
506,0,0,0,1,490,0,0,0,0,eurorack,"instruo arbhar, síntesis granular módulo eurorack + expander ",rocket,Madrid,26/08/2022,28/09/2022,1/9/2022,214,648
507,0,0,0,1,950,0,0,0,0,roland,roland fa 08 ,jesuskorgm3,Valencia,18/08/2022,25/09/2022,1/9/2022,206,1149
508,0,0,0,1,389,0,0,0,0,audio,tip top audio circadian rhythm ,moog1406,Girona,01/06/2022,30/09/2022,1/9/2022,302,637
509,0,0,0,1,220,0,0,0,0,mutant,módulos mutant hihats & mutant bassdrum ,Borsek,Navarra,21/02/2021,20/09/2022,1/9/2022,853,614
510,0,0,0,1,349,0,0,0,0,doepfer,doepfer a100lc9 ,moog1406,Girona,17/09/2021,18/09/2022,1/9/2022,528,637
511,0,0,0,1,570,0,0,0,0,yamaha,grand piano yamaha dgx 650 ,letsrockit,Barcelona,08/12/2021,27/09/2022,1/9/2022,959,1092
512,0,0,0,1,49,0,0,0,0,-,stand digitakt + digitone ultima unidad env incl ,PETZOO,Cádiz,11/06/2019,28/09/2022,1/9/2022,3982,481
513,0,0,0,1,150,0,0,0,0,roland,kenton pro dcb para roland juno 60 y algunos jupiter 8 ,jesusj,Araba,26/05/2022,25/10/2022,1/9/2022,294,660
514,0,0,0,1,128,0,0,0,0,befaco,befaco joystick ,moog1406,Girona,02/03/2022,29/10/2022,1/9/2022,607,637
515,0,0,0,1,235,0,0,0,0,befaco,befaco rampage ,moog1406,Girona,01/10/2021,25/09/2022,1/9/2022,439,637
516,0,0,0,1,4,0,0,0,0,eurorack,módulos eurorack + cables y accesorios ,Jorans,Asturias,09/05/2022,25/09/2022,1/9/2022,1531,621
517,0,0,0,1,479,0,0,0,0,komplete,komplete mkii s49 ,Kristel Manrique sigal,Alicante,29/05/2022,09/10/2022,1/9/2022,323,2160
518,0,0,0,1,199,0,0,0,0,alesis,keytar inalámbrico alesis ,Elena,Cuenca,14/07/2022,12/09/2022,1/9/2022,250,485
519,0,0,0,1,295,0,0,0,0,yamaha,yamaha dx9 ,moog1406,Girona,15/03/2022,22/09/2022,1/9/2022,947,637
520,0,0,0,1,20,0,0,0,0,korg,cassette datos para korg dw6000 ,polypodium,Madrid,07/07/2022,18/09/2022,1/9/2022,200,1106
521,0,0,0,1,530,0,0,0,0,-,digitone impecable ,jdcoopers,Sevilla,08/06/2022,30/09/2022,1/9/2022,605,969
522,0,0,0,1,80,0,0,0,0,make noise ,eurorack rasie ,siropene,Madrid,25/08/2022,28/09/2022,1/9/2022,140,869
523,1,0,0,1,300,0,0,0,0,4ms,4ms stereo triggered sampler ,Xavi,Barcelona,11/08/2022,09/10/2022,1/9/2022,116,408
524,0,0,0,1,300,0,0,0,0,novation,novation ultranova ,Albin Nox,Granada,25/08/2022,22/10/2022,1/9/2022,197,827
525,0,0,1,0,0,0,0,0,0,akai,akai x7000 floppy usb & librería ,elprofesordedanza,Tarragona,25/08/2022,28/09/2022,1/9/2022,216,1816
526,0,0,0,1,1050,0,0,0,0,-,modulo sintetizador prophet 08 david smith ,luca7,Madrid,11/08/2022,09/10/2022,1/9/2022,350,476
527,0,0,0,1,330,0,0,0,0,yamaha,tg 500 yamaha ,gato737,Barcelona,21/07/2022,28/09/2022,1/9/2022,436,588
528,0,0,0,1,1300,0,0,0,0,nord rack nord lead ,3 - 3 en ,Syntetic,Alicante,29/08/2022,28/10/2022,1/9/2022,142,851
529,0,0,0,1,12000,0,0,0,0,system,moog system 15 ,qbueno,Barcelona,03/10/2020,25/09/2022,1/9/2022,5710,650
530,0,0,0,1,249,0,0,0,0,befaco,befaco lich ,moog1406,Girona,15/12/2021,30/10/2022,1/9/2022,545,637
531,0,0,0,1,98,0,0,0,0,volca,korg volca kick ,yosualogan,Cantabria,15/06/2022,26/09/2022,1/9/2022,316,1090
532,0,0,0,1,495,0,0,0,0,waldorf,waldorf microwave ii rack ,Eme,Sevilla,10/06/2022,27/09/2022,1/9/2022,592,279
533,0,0,0,1,5500,0,0,0,0,rhodes,piano rhodes 88 mark ii eighty eight suitcase ,logan3,Madrid,19/01/2022,22/09/2022,1/9/2022,1718,580
534,0,0,0,1,1550,0,0,0,0,roland,roland júpiter 80 + flight case a medida ,xfeten,Toledo,26/11/2020,22/10/2022,1/9/2022,2046,650
535,0,0,0,1,90,0,0,0,0,volca,colección volca casi completa + extras ,dundunda,Lugo,24/06/2021,27/09/2022,1/9/2022,2899,851
536,0,0,0,1,90,0,0,0,0,kawai,kawai card ram dc 16 ,moog1406,Girona,26/05/2021,26/09/2022,1/9/2022,406,637
537,0,0,0,1,75,0,0,0,0,bheringer,bheringer umx 61 ,40db,Valencia,04/03/2021,17/10/2022,1/9/2022,1119,298
538,0,0,0,1,333,0,0,0,0,yamaha,yamaha tx-7 ,selimorgan,Valencia,18/08/2022,01/10/2022,1/9/2022,352,1073
539,0,0,0,1,375,0,0,0,0,roland,roland fantom xr ,H-B,Zaragoza,11/06/2022,13/09/2022,1/9/2022,438,183
540,0,0,0,1,779,0,0,0,0,roland,roland mc 707 ,moog1406,Girona,17/02/2022,23/09/2022,1/9/2022,764,637
541,0,1,0,0,0,0,0,0,0,arturia,arturia keystep ,Imox,Sevilla,30/08/2022,30/10/2022,1/9/2022,56,413
542,0,0,0,1,85,0,0,0,0,roland,roland pn d50 02 ,moog1406,Girona,26/05/2021,09/10/2022,1/9/2022,464,637
543,0,0,0,1,190,0,0,0,0,arturia,arturia beatstep pro ,Oxbown,Pontevedra,11/08/2022,10/10/2022,1/9/2022,102,637
544,0,0,0,1,250,0,0,0,0,korg,korg microsampler ,freakerrante,Barcelona,04/04/2021,25/09/2022,1/9/2022,1135,1274
545,0,0,0,1,1900,0,0,0,0,arturia,arturia polybrute ,Socri,Sevilla,29/08/2022,28/10/2022,1/9/2022,114,512
546,0,0,0,1,375,0,0,0,0,system,eric synths pico system iii desktop ,moog1406,Girona,29/12/2021,30/10/2022,1/9/2022,932,637
547,0,0,0,1,179,0,0,0,0,yamaha,procesador de efectos yamaha emp-100 para guitarra bajo voces y teclados ,Francisco Rivera,Zaragoza,20/01/2022,24/09/2022,1/9/2022,900,1569
548,0,0,0,1,1350,0,0,0,0,korg,korg ms-20 ,moog1406,Girona,23/06/2021,08/10/2022,1/9/2022,1005,637
549,0,0,0,1,180,0,0,0,0,-,alm001 pamelas workout ,siropene,Madrid,11/08/2022,28/09/2022,1/9/2022,194,869
550,0,0,0,1,80,0,0,0,0,akai,akai pro mpd 32 ,Marc,Barcelona,04/07/2022,02/09/2022,1/9/2022,276,387
551,0,0,0,1,860,0,0,0,0,yamaha,yamaha moxf8 ,Andoni,Navarra,04/08/2022,05/10/2022,1/9/2022,304,601
552,0,0,0,1,450,0,0,0,0,yamaha,yamaha tenori-on ,Darth Synth,Barcelona,30/08/2022,29/10/2022,1/9/2022,102,1065
553,0,0,0,1,550,0,0,0,0,quasimidi,quasimidi sirius ,abstrack,Valencia,26/04/2022,19/10/2022,1/9/2022,751,843
554,0,0,0,1,50,0,0,0,0,-,organo lowrey genie tenie ,jd800 forever,Madrid,22/09/2020,29/10/2022,1/9/2022,1436,1151
555,0,0,0,1,300,0,0,0,0,komplete,teclado controlador ni komplete kontrol mk3 49 ,Cristóbal Patrick Ruiz,Valencia,10/07/2022,08/09/2022,1/9/2022,384,2271
556,0,0,0,1,270,0,0,0,0,elka,teclado elka omb5 caja de ritmos+acompañamiento automático drumstar80 ,gpiccolini,Madrid,18/08/2022,26/09/2022,1/9/2022,376,1057
557,0,0,0,1,35,0,0,0,0,korg,korg m3 - librería para ni kontakt y reason ,Zyon35,Córdoba,01/06/2022,18/09/2022,1/9/2022,282,536
558,0,0,0,1,550,0,0,0,0,virus,access virus snow ,frodobolson007,Madrid,13/07/2022,11/09/2022,1/9/2022,794,1342
559,1,0,0,1,175,0,0,0,0,eurorack,diode operator station vcf eurorack ,tyrel,Madrid,31/08/2022,30/10/2022,1/9/2022,86,560
560,0,0,0,1,75,0,0,0,0,yamaha,yamaha rx-17 caja de ritmos desktop digital posterior a rx11 rx15 ,StalVs,Alicante,18/07/2022,01/09/2022,1/9/2022,440,605
561,0,0,0,1,125,0,0,0,0,midi,motu midi timepiece ii ,Francisco Rivera,Zaragoza,08/03/2022,30/09/2022,1/9/2022,1119,1569
562,0,0,0,1,230,0,0,0,0,ajh,ajh synth dual contour black ,moog1406,Girona,17/09/2021,30/10/2022,1/9/2022,569,637
563,0,1,1,0,0,0,0,0,0,e-mu,e-mu orbit v3 ,Sonitec,Valencia,11/08/2022,14/10/2022,1/9/2022,132,725
564,0,0,0,1,430,0,0,0,0,eurorack,eloquencer eurorack ,insula,Madrid,29/06/2022,11/09/2022,1/9/2022,458,652
565,0,0,0,1,550,0,0,0,0,akai,akai mpk 88 ,Kristel Manrique sigal,Alicante,31/05/2022,09/10/2022,1/9/2022,366,2160
566,0,0,0,1,20,0,0,0,0,korg,cassette datos para korg poly800-ii ,polypodium,Madrid,07/07/2022,26/09/2022,1/9/2022,196,1106
567,0,0,0,1,4500,0,0,0,0,roland,sintetizador roland jupiter-4 compuphonic ,Alexandra Bertomeu Tomas,Castellón,09/07/2022,07/09/2022,1/9/2022,528,2327
568,0,0,0,1,75,0,0,0,0,kurzweil,placa sampler smp-r para kurzweil k2000r ,Maniac Broil,Barcelona,26/05/2021,28/09/2022,1/9/2022,2096,1121
569,0,0,0,1,2900,0,0,0,0,-,ob-06 con sonidos de pago ,minahonda,Madrid,28/07/2022,25/09/2022,1/9/2022,596,943
570,0,0,0,1,700,0,0,0,0,emu,emu e4x turbo - hollywood gold limited edition ,Syntetic,Alicante,29/08/2022,28/10/2022,1/9/2022,142,851
571,0,0,0,1,60,0,0,0,0,midi,icon ikeyboard 5x - teclado midi ,santibcn,Barcelona,10/04/2022,07/10/2022,1/9/2022,528,850
572,0,0,1,0,0,0,0,0,0,roland,korg r3 y roland ju06a ,radiactivo,Barcelona,25/08/2022,28/09/2022,1/9/2022,266,1062
573,0,0,0,1,90,0,0,0,0,dreadbox,dreadbox hysteria ,EstebanFM,Granada,14/02/2022,27/09/2022,1/9/2022,486,853
574,0,0,0,1,300,0,0,0,0,-,studiologic numacompact 2 ,Antonio,Madrid,30/08/2022,29/10/2022,1/9/2022,112,728
575,0,0,0,1,1150,0,0,0,0,the,soma lyra 8 limited edition the pacifist ,moog1406,Girona,12/07/2021,30/10/2022,1/9/2022,480,637
576,0,0,0,1,400,0,0,0,0,analogue systems ,secuenciador rs-200 y quantiser rs-260 ,dorremifasol,Barcelona,25/07/2020,29/09/2022,1/9/2022,1660,1287
577,0,0,0,1,50,0,0,0,0,doepfer,doepfer a 130 2 dual vca ,Øliveira,Pontevedra,01/09/2022,30/10/2022,1/9/2022,48,964
578,0,0,0,1,460,0,0,0,0,alesis,alesis ion ,sanwiche,Alicante,18/08/2022,24/09/2022,1/9/2022,258,850
579,0,0,0,1,500,0,0,0,0,instruments,star instruments synare 3 ,Joanic,Baleares,11/08/2022,13/10/2022,1/9/2022,140,596
580,0,0,0,1,100,0,0,0,0,yamaha,yamaha psr-f51 ,Mar,Asturias,31/07/2022,29/09/2022,1/9/2022,313,288
581,0,0,0,1,900,0,0,0,0,korg,korg polysix ,twistarella,Barcelona,15/07/2022,13/09/2022,1/9/2022,580,1196
582,0,0,0,1,90,0,0,0,0,volca,korg volca fm ,kagechu,Barcelona,26/08/2022,25/10/2022,1/9/2022,92,728
583,0,0,0,1,100,0,0,0,0,noise,noise engeneering viol ruina ,Carlos,Barcelona,18/08/2022,28/09/2022,1/9/2022,130,612
584,0,0,0,1,4250,0,0,0,0,korg,korg trident mk i ,Moogchild Synthdrome,Madrid,20/04/2022,18/09/2022,1/9/2022,934,2019
585,0,0,0,1,110,0,0,0,0,-,maleta sintetizador 61 ,jose,Murcia,28/05/2022,25/09/2022,1/9/2022,333,433
586,0,0,0,1,100,0,0,0,0,-,cacharros varios ,roy242,Valencia,18/08/2022,28/09/2022,1/9/2022,1132,498
587,0,0,0,1,250,0,0,0,0,novation,novation circuit rythm ,s_C_e,Barcelona,25/08/2022,23/10/2022,1/9/2022,136,473
588,0,0,1,0,0,0,0,0,0,noise,noise engineering basimilus iteritas ,Replicante,Barcelona,04/12/2021,27/09/2022,1/9/2022,1371,1031
589,0,0,0,1,135,0,0,0,0,-,rebel technology chronos mkii ,moog1406,Girona,28/02/2022,05/09/2022,1/9/2022,418,637
590,0,0,0,1,100,0,0,0,0,-,hardcase con ruedas para teclado de 76 teclas ,Elver Galarga,Lugo,05/01/2022,21/09/2022,1/9/2022,599,1229
591,0,0,0,1,5100,0,0,0,0,roland,roland jupiter 4 ,qbueno,Barcelona,22/01/2022,24/09/2022,1/9/2022,3017,650
592,0,1,0,0,0,0,0,0,0,korg,tarjeta korg wavestation wsc-3s synth & time slice ,mentemodular,Gipuzkoa,11/10/2020,29/09/2022,1/9/2022,723,1293
593,0,0,0,1,2300,0,0,0,0,origin,arturia origin ,abstrack,Valencia,10/05/2021,19/10/2022,1/9/2022,2008,843
594,0,0,0,1,10,0,0,0,0,moog,funda cubrepolvo a la medida para moog prodigy ,grizzvolga,Madrid,17/07/2022,26/09/2022,1/9/2022,326,1103
595,0,0,0,1,250,0,0,0,0,novation,sintetizador teclado novation mininova ,luigi88,Madrid,29/08/2022,28/10/2022,1/9/2022,84,650
596,0,0,0,1,1750,0,0,0,0,sequential circuits ,pro-one ,Cobe,Madrid,04/07/2022,02/09/2022,1/9/2022,458,377
597,0,0,0,1,320,0,0,0,0,behringer,behringer ms 1 ,Alinter,Cádiz,09/07/2022,09/09/2022,1/9/2022,859,719
598,0,0,0,1,1500,0,0,0,0,yamaha,yamaha sk20 string machine ,logan3,Madrid,23/12/2021,25/09/2022,1/9/2022,1672,580
599,0,0,0,1,400,0,0,0,0,uno,uno synth pro ,ARPEGGIATORNIK,Granada,07/11/2021,27/09/2022,1/9/2022,1150,1047
600,0,0,0,1,675,0,0,0,0,nord lead ,2x ,Aguilar242,Navarra,11/08/2022,29/09/2022,1/9/2022,428,861
601,0,0,0,1,6000,0,0,0,0,moog,moog one 8 ,Alejandro,León,30/08/2022,29/10/2022,1/9/2022,118,912
602,0,0,0,1,1890,0,0,0,0,korg,mini korg 700 fs tambien cambios ,moog1406,Girona,11/05/2022,22/09/2022,1/9/2022,688,637
603,0,0,0,1,375,0,0,0,0,-,casiotone 701 ,moog1406,Girona,22/10/2021,27/09/2022,1/9/2022,1039,637
604,0,0,0,1,115,0,0,0,0,instruments,clon de mutable instruments frames ,moogi,Cádiz,22/07/2022,01/10/2022,1/9/2022,296,539
605,0,0,0,1,300,0,0,0,0,-,piano electrico vertical thomann dp- 51 ,Felix,Barcelona,13/07/2022,11/09/2022,1/9/2022,254,504
606,0,0,0,1,45,0,0,0,0,cre8audio,cre8audio chipz ,Øliveira,Pontevedra,01/09/2022,31/10/2022,1/9/2022,14,964
607,0,0,0,1,410,0,0,0,0,modular,eloquencer winter modular ,dce,Sevilla,04/08/2022,03/10/2022,1/9/2022,216,300
608,0,0,0,1,111111,0,0,0,0,-,material a la venta en moogchild synthdrome ,Moogchild Synthdrome,Madrid,18/03/2021,18/09/2022,1/9/2022,20138,2019
609,0,0,0,1,1100,0,0,0,0,nord stage ,piano clavia rev c 88 teclas ,jordipares3,Girona,18/08/2022,21/09/2022,1/9/2022,390,1126
610,0,0,0,1,180,0,0,0,0,decksaver,arturia drumbrute impact + decksaver ,Tangential,León,11/07/2022,09/09/2022,1/9/2022,247,1031
611,0,0,0,1,40,0,0,0,0,midi,teclado midi 61 teclas ,Tellie,Murcia,27/07/2022,25/09/2022,1/9/2022,208,607
612,0,0,0,1,140,0,0,0,0,4ms,4ms row power ,gorum,Tarragona,12/03/2022,28/09/2022,1/9/2022,465,554
613,0,0,0,1,80,0,0,0,0,eurorack,audiothingies ced tuner afinador eurorack ,insula,Madrid,29/06/2022,11/09/2022,1/9/2022,298,652
614,0,0,0,1,600,0,0,0,0,yamaha,yamaha ex5 ,molossus,Cádiz,18/04/2022,03/10/2022,1/9/2022,639,901
615,0,0,0,1,500,0,0,0,0,yamaha,yamaha mo6 ,Luis,Madrid,18/08/2022,20/10/2022,1/9/2022,192,413
616,0,0,0,1,330,0,0,0,0,-,keylab 49 mk2 negro ,minahonda,Madrid,08/01/2022,28/09/2022,1/9/2022,1100,943
617,0,0,0,1,300,0,0,0,0,yamaha,yamaha rm1x ,Álvaro,Sevilla,28/08/2022,27/10/2022,1/9/2022,108,741
618,0,0,0,1,50,0,0,0,0,korg,korg pa2x - pa 3x tarjeta ram 128mb - manual de operario korg pa2x ,SINTEXIA,Córdoba,19/07/2022,17/09/2022,1/9/2022,184,613
619,0,0,0,1,825,0,0,0,0,-,leslie 760 n autónomo ,windbass,Zaragoza,16/06/2020,24/09/2022,1/9/2022,1903,859
620,0,0,0,1,59,0,0,0,0,yamaha,yamaha vrc 106 data rom ,moog1406,Girona,30/06/2021,26/09/2022,1/9/2022,346,637
621,0,0,0,1,100,0,0,0,0,modular,korg volca modular ,Caradusanto,Málaga,25/07/2022,23/09/2022,1/9/2022,212,1141
622,0,0,0,1,1969,0,0,0,0,korg,korg minikorg 700 fs - nuevo ,moog1406,Girona,27/05/2022,15/09/2022,1/9/2022,514,637
623,0,0,0,1,1250,0,0,0,0,yamaha,piano yamaha cpv-301 ,Laura,Barcelona,30/08/2022,29/10/2022,1/9/2022,78,501
624,0,0,0,1,15,0,0,0,0,-,thomann keyboard bag 6 ,uprefer,Barcelona,21/11/2021,25/09/2022,1/9/2022,966,761
625,0,0,0,1,180,0,0,0,0,korg,secuenciador korg sq64 ,Rampant,Granada,01/09/2022,30/10/2022,1/9/2022,148,723
626,0,0,0,1,800,0,0,0,0,kawai,kawai vpc1 ,JAVI7571,Sevilla,01/06/2022,14/10/2022,1/9/2022,469,510
627,0,0,0,1,280,0,0,0,0,yamaha,yamaha kx-8 ,DrTek,Barcelona,25/04/2022,13/09/2022,1/9/2022,1833,474
628,0,0,0,1,145,0,0,0,0,modular,2 buses y fuente para modular la caja sale gratis ,gatovertical,Barcelona,09/02/2019,09/09/2022,1/9/2022,4516,1285
629,0,0,0,1,480,0,0,0,0,electribe,electribe esx-1 sd ,FukThor,Toledo,18/08/2022,18/10/2022,1/9/2022,114,707
630,0,0,0,1,900,0,0,0,0,-,op-1 2021 segunda generación ,Daniel B García,Murcia,20/07/2022,18/09/2022,1/9/2022,292,1434
631,1,0,0,1,600,0,0,0,0,hammond,korg cx3 70's hammond ,BuenMambo,Madrid,31/07/2022,28/09/2022,1/9/2022,504,886
632,0,0,0,1,25,0,0,0,0,akai,akai lpd 8 ,emilguitar,Badajoz,23/07/2022,21/09/2022,1/9/2022,206,1075
633,0,0,0,1,255,0,0,0,0,instruments,mutable instruments clouds ,Jabas,Araba,06/08/2021,29/09/2022,1/9/2022,1287,481
634,0,1,0,0,0,0,0,0,0,-,"sintetizadores antiguos averiados, no importa el estado ",Moogchild Synthdrome,Madrid,07/10/2019,18/09/2022,1/9/2022,2422,2019
635,0,0,0,1,840,0,0,0,0,nord lead ,clavia a1 ,solotronik,Málaga,20/11/2021,23/09/2022,1/9/2022,3721,1108
636,0,0,0,1,349,0,0,0,0,novation,novation drum station v2 ,moog1406,Girona,01/02/2022,17/10/2022,1/9/2022,870,637
637,0,0,0,1,90,0,0,0,0,doepfer,doepfer a-199 spring reverb vintage edition ,selimorgan,Valencia,29/07/2022,30/09/2022,1/9/2022,332,1073
638,0,0,0,1,225,0,0,0,0,arturia,arturia keylab essential 61 black ,yoquese,Madrid,17/10/2021,26/09/2022,1/9/2022,1165,779
639,0,0,0,1,165,0,0,0,0,roland,roland t-8 aira compact beat machine ,Ana Graciela,Alicante,11/08/2022,07/10/2022,1/9/2022,332,1096
640,0,0,0,1,700,0,0,0,0,kawai,piano digital kawai ca-91 ,VivianGirl,Barcelona,28/08/2022,27/10/2022,1/9/2022,107,1019
641,0,0,0,1,550,0,0,0,0,kawai,piano digital kawai cn25 ,Rosa,Alicante,11/08/2022,13/10/2022,1/9/2022,188,405
642,0,0,0,1,0,0,0,0,0,eurorack,todos mis módulos eurorack ,Dinius,Málaga,13/11/2021,20/10/2022,1/9/2022,5949,620
643,0,0,0,1,95,0,0,0,0,doepfer,doepfer a-156 vintage edition ,moog1406,Girona,10/05/2022,25/09/2022,1/9/2022,398,637
644,0,0,0,1,400,0,0,0,0,vermona,vermona drm1 mk2 ,evano,Barcelona,31/08/2022,30/10/2022,1/9/2022,60,537
645,0,0,0,1,1169,0,0,0,0,roland,roland jupiter xm ,moog1406,Girona,10/05/2022,13/09/2022,1/9/2022,826,637
646,0,0,0,1,245,0,0,0,0,u-he,módulo u-he cvilazation ,Sergi,Alicante,19/07/2022,18/09/2022,1/9/2022,330,506
647,0,0,0,1,150,0,0,0,0,korg,korg 05r w – módulo sintetizador ,alcachofazul,Madrid,29/07/2022,25/09/2022,1/9/2022,392,1261
648,0,1,0,0,0,0,0,0,0,roland,tarjeta roland sr-jv80-15 ,cchhuuss,Barcelona,11/08/2022,13/10/2022,1/9/2022,82,870
649,0,0,0,1,12,0,0,0,0,yamaha,"phat analog iii para yamaha motif xs, motif xf, moxf, montage y modx ",bicho,Madrid,13/01/2020,10/09/2022,1/9/2022,1164,517
650,0,0,0,1,220,0,0,0,0,yamaha,yamaha sy 55 ,impact,Barcelona,14/07/2022,12/09/2022,1/9/2022,411,638
651,0,0,0,1,65,0,0,0,0,doepfer,doepfer a-130-8 ,Valentín,Asturias,11/08/2022,30/10/2022,1/9/2022,164,965
652,0,0,0,1,200,0,0,0,0,roland,roland r8 caja de ritmos ,moog1406,Girona,08/06/2022,22/09/2022,1/9/2022,592,637
653,0,0,0,1,110,0,0,0,0,behringer,behringer 960 sequential controller ,moogi,Cádiz,22/07/2022,01/10/2022,1/9/2022,725,539
654,0,0,0,1,1600,0,0,0,0,origin,arturia origin desktop en perfecto estado ,styl_brother,Lleida,04/08/2021,02/09/2022,1/9/2022,2249,1313
655,0,0,0,1,580,0,0,0,0,virus,acces virus c ,maldito_DB,Asturias,11/06/2022,24/09/2022,1/9/2022,1062,975
656,0,1,0,0,0,0,0,0,0,komplete,komplete kontrol s61 mk2 vapor gray ,theheadwires,Sevilla,31/08/2022,30/10/2022,1/9/2022,64,1277
657,0,0,0,1,550,0,0,0,0,roland,roland d50 d-50 sintetizador ,Synthaddict,Madrid,18/08/2022,30/09/2022,1/9/2022,330,1151
658,0,0,0,1,35,0,0,0,0,-,taburete de tambor acolchado ,Tana,Barcelona,20/04/2021,24/09/2022,1/9/2022,699,388
659,1,1,0,0,0,0,0,0,0,korg,korg monopoly ,Vcs3,Baleares,11/08/2022,07/10/2022,1/9/2022,192,351
660,0,0,0,1,200,0,0,0,0,yamaha,yamaha cs1x ,sergiommms,A Coruña,17/04/2022,30/09/2022,1/9/2022,763,1091
661,0,1,0,0,0,0,0,0,0,pearl,módulos de percusión pearl sc 20 - sc 40 o drum x ,samplerman44,Valencia,06/03/2022,22/10/2022,1/9/2022,328,1176
662,0,0,0,1,489,0,0,0,0,arturia,arturia minibrute 2 noir ,moog1406,Girona,27/05/2022,25/09/2022,1/9/2022,860,637
663,0,0,0,1,60,0,0,0,0,korg,korg t3 - main board ,FranZiskAner,Barcelona,28/08/2022,27/10/2022,1/9/2022,68,1198
664,0,0,0,1,6000,0,0,0,0,hammond,hammond b3 portable + leslie ,DOC,Madrid,08/05/2022,05/09/2022,1/9/2022,967,214
665,0,0,0,1,169,0,0,0,0,befaco,befaco chopping kinky ,moog1406,Girona,08/10/2021,14/09/2022,1/9/2022,318,637
666,0,0,0,1,250,0,0,0,0,moog,moog theremini nuevo ,roy242,Valencia,18/05/2022,13/09/2022,1/9/2022,678,498
667,0,0,0,1,90,0,0,0,0,instruments,mutable instruments midigal midipal ,Synthaddict,Madrid,18/08/2022,26/09/2022,1/9/2022,192,1151
668,0,0,0,1,89,0,0,0,0,erica synths ,pico trigger patern generator ,moog1406,Girona,17/02/2021,23/09/2022,1/9/2022,724,637
669,0,0,0,1,160,0,0,0,0,axoloty,axoloty completo ,rustho,Barcelona,15/05/2022,19/10/2022,1/9/2022,358,677
670,0,0,0,1,70,0,0,0,0,roland,tarjetas roland sr-jv80 para sintetizadores jv_xv_xp ,LuisG,Madrid,28/08/2020,30/09/2022,1/9/2022,3128,484
671,0,0,0,1,2099,0,0,0,0,modular,bastl instruments rumburack 2 sintetizador modular nuevo ,Albornozz,Madrid,29/10/2021,30/09/2022,1/9/2022,2152,961
672,0,0,0,1,200,0,0,0,0,-,intellijel rubicon ,moog1406,Girona,18/03/2022,20/09/2022,1/9/2022,504,637
673,0,0,0,1,160,0,0,0,0,behringer,behringer crave ,joan cerezo,Barcelona,25/08/2022,28/09/2022,1/9/2022,232,1104
674,0,0,0,1,19,0,0,0,0,yamaha,"c7 1 pianos para yamaha motif xf, moxf, montage y modx ",bicho,Madrid,11/10/2020,13/09/2022,1/9/2022,2493,517
675,0,0,0,1,1100,0,0,0,0,elektron,elektron analog four mkii ,moog1406,Girona,25/10/2021,27/09/2022,1/9/2022,840,637
676,0,0,0,1,750,0,0,0,0,roland,roland jx3p ,vcs3,Huelva,25/08/2022,23/10/2022,1/9/2022,196,383
677,0,0,0,1,1500,0,0,0,0,yamaha,yamaha motif xf x maleta ,jesus,Valencia,19/05/2022,30/09/2022,1/9/2022,735,554
678,0,0,0,1,500,0,0,0,0,akai,akai mpc1000 jjos2 + 128 mb ,P.Garcia,Barcelona,11/08/2022,08/10/2022,1/9/2022,268,709
679,0,0,0,1,600,0,0,0,0,yamaha,sintetizador yamaha dx7s ,AVRF,Madrid,01/09/2022,30/10/2022,1/9/2022,68,303
680,0,0,0,1,349,0,0,0,0,-,yamana moxf6 ,jmgg,Tarragona,14/06/2022,01/10/2022,1/9/2022,990,421
681,0,0,0,1,925,0,0,0,0,virus,virus ti ,clavinord,Madrid,25/08/2022,26/09/2022,1/9/2022,200,962
682,0,0,0,1,460,0,0,0,0,club,mfb dominion club como nuevo envío incluido ,espuni77,Barcelona,01/09/2022,30/10/2022,1/9/2022,108,770
683,0,0,0,1,245,0,0,0,0,-,k&m 18860 spider pro si ,Edgar,La Rioja,17/07/2022,15/09/2022,1/9/2022,210,483
684,0,0,0,1,150,0,0,0,0,peavey,amplificador para teclados peavey kb-100 ,paugui,Sevilla,02/05/2021,12/09/2022,1/9/2022,855,651
685,0,0,0,1,670,0,0,0,0,-,analog four mki ,rodellar,Huesca,25/08/2022,23/10/2022,1/9/2022,104,853
686,0,0,0,1,130,0,0,0,0,intellijel ,umidi 1u ,gorum,Tarragona,12/03/2022,28/09/2022,1/9/2022,703,554
687,0,0,0,1,25,0,0,0,0,-,[eurorack] amplificador auriculares haunted pliers destino 3hp diy ,David,Madrid,07/06/2021,30/09/2022,1/9/2022,563,488
688,0,0,0,1,60,0,0,0,0,odyssey,stardust synth cover para korg arp odyssey mini ,Mario,Cantabria,22/07/2022,27/09/2022,1/9/2022,187,504
689,0,0,0,1,350,0,0,0,0,midi,the orb secuenciador midi y cv gate ,aspiktongue,Madrid,23/07/2022,21/09/2022,1/9/2022,536,1194
690,0,0,0,1,175,0,0,0,0,paratek,paratek neon black ,moog1406,Girona,06/05/2022,25/09/2022,1/9/2022,312,637
691,0,0,0,1,300,0,0,0,0,mpc,akai mpc renaissance ,Aiko N.,Valencia,11/08/2022,01/10/2022,1/9/2022,390,544
692,0,0,0,1,880,0,0,0,0,mpc,mpc live 2 ,vulgatron,Madrid,01/07/2022,07/09/2022,1/9/2022,550,994
693,0,0,0,1,110,0,0,0,0,casio,teclado casio 501 ,finaldesousa,Barcelona,18/08/2022,16/10/2022,1/9/2022,186,1278
694,0,0,0,1,150,0,0,0,0,arturia,sintetizador analógico arturia microbrute ,Fuxedo,Madrid,26/08/2022,29/09/2022,1/9/2022,135,619
695,0,0,0,1,1100,0,0,0,0,roland,"roland jd xa ""reestreno"" ",bluewave,Barcelona,17/05/2022,30/10/2022,1/9/2022,1026,859
696,0,0,0,1,200,0,0,0,0,mutable,modulos eurorack - mutable ,thru_zero,Barcelona,05/10/2020,15/09/2022,1/9/2022,2836,994
697,0,0,0,1,399,0,0,0,0,roland,roland mc 505 groovebox no cambios ,jdcoopers,Sevilla,08/06/2022,30/09/2022,1/9/2022,287,969
698,0,0,0,1,70,0,0,0,0,maschine,"mpc stuff live, mpd, mpk, force, maschine ",maldito_DB,Asturias,26/08/2022,25/10/2022,1/9/2022,140,975
699,0,0,0,1,195,0,0,0,0,noise,modulo eurorack corsynth c105e vc noise lo-fi maquine ,tyrel,Madrid,12/09/2020,27/10/2022,1/9/2022,578,560
700,0,0,0,1,60,0,0,0,0,behringer,behringer 914 fixed filter bank ,Øliveira,Pontevedra,27/08/2022,26/10/2022,1/9/2022,124,964
701,0,0,0,1,239,0,0,0,0,qu,qu bit pulsar ,moog1406,Girona,27/05/2021,08/10/2022,1/9/2022,537,637
702,0,0,0,1,1800,0,0,0,0,-,soma pulsar 23 ,siropene,Madrid,25/08/2022,30/09/2022,1/9/2022,256,869
703,0,0,0,1,329,0,0,0,0,roland,roland enhancia neova 3 unidades disponibles ,moog1406,Girona,18/11/2021,30/10/2022,1/9/2022,612,637
704,1,0,0,1,850,0,0,0,0,elektron,elektron rytm mki ,Emusa,Barcelona,27/07/2022,25/09/2022,1/9/2022,440,507
705,0,0,1,0,0,0,0,0,0,virus,access virus ti polar ,soloeskuchalo,Barcelona,11/08/2022,29/09/2022,1/9/2022,414,1404
706,0,0,0,1,299,0,0,0,0,akai,akai timbre wolf -envio incluido- ,ramoninchispas,Asturias,29/08/2022,28/10/2022,1/9/2022,104,1503
707,0,0,0,1,1200,0,0,0,0,korg,korg vocoder vc10 ,mercurioso,Madrid,10/12/2019,22/10/2022,1/9/2022,1540,1096
708,0,0,0,1,220,0,0,0,0,eurorack,mutable instruments beads modulo eurorack ,Disface,Granada,15/07/2022,13/09/2022,1/9/2022,451,687
709,0,0,0,1,150,0,0,0,0,casio,teclado casio vintage sk-1 ,thebadbeat,Girona,12/02/2022,08/09/2022,1/9/2022,778,1028
710,0,0,0,1,65,0,0,0,0,behringer,behringer modamp module 1005 ,Valentín,Asturias,11/08/2022,24/09/2022,1/9/2022,182,965
711,0,0,0,1,1650,0,0,0,0,-,sequential prophet rev2-8 ,Dave,Almería,24/07/2022,28/09/2022,1/9/2022,799,384
712,0,0,0,1,60,0,0,0,0,kawai,"lote de manuales emu, korg, roland, kawai ",sergiommms,A Coruña,11/05/2022,30/09/2022,1/9/2022,495,1091
713,0,0,0,1,99,0,0,0,0,eurorack,doepfer a-100 lc1 case eurorack ,Radon Studios,Madrid,01/08/2022,01/10/2022,1/9/2022,333,1279
714,0,0,0,1,150,0,0,0,0,-,ni kore 2 ,liradigital MRF,Madrid,12/07/2022,01/10/2022,1/9/2022,422,1419
715,0,0,0,1,90,0,0,0,0,mxr,mxr analog chorus ,Metrolike,Málaga,17/05/2022,04/10/2022,1/9/2022,233,940
716,0,0,0,1,475,0,0,0,0,moog,moog vx 351 ,moog1406,Girona,09/07/2021,13/09/2022,1/9/2022,766,637
717,0,0,0,1,390,0,0,0,0,-,piano digital ,rosario,Tarragona,18/08/2022,15/10/2022,1/9/2022,160,767
718,0,0,0,1,200,0,0,0,0,befaco,módulo befaco rampage ,Victor R,La Rioja,18/08/2022,25/10/2022,1/9/2022,84,745
719,0,0,0,1,850,0,0,0,0,-,leslie 815 proline ,windbass,Zaragoza,06/11/2020,21/09/2022,1/9/2022,1616,859
720,0,0,0,1,309,0,0,0,0,roland,roland tr 08 ,moog1406,Girona,09/05/2022,25/09/2022,1/9/2022,523,637
721,0,0,0,1,1900,0,0,0,0,-,montage 6 ¡¡ sin desembalar !! ,amseven,Cantabria,02/08/2022,26/09/2022,1/9/2022,556,751
722,0,0,0,1,370,0,0,0,0,korg,korg minilogue xd module ,Xavier Souto,Pontevedra,07/07/2022,30/09/2022,1/9/2022,995,1193
723,0,1,0,0,0,0,0,0,0,roland,roland mc 505 averiada ,sanwiche,Alicante,18/04/2022,23/09/2022,1/9/2022,361,850
724,0,0,0,1,500,0,0,0,0,kurzweil,kurzweil pc3 le7 ,jossluis,Barcelona,25/08/2022,23/10/2022,1/9/2022,217,892
725,0,0,0,1,49,0,0,0,0,-,ladik q 010 easy quantizer ,moog1406,Girona,25/03/2022,08/10/2022,1/9/2022,701,637
726,0,0,0,0,12,1,0,0,0,-,galactic ascensión para modx y montage + ,bicho,Madrid,29/05/2020,10/09/2022,1/9/2022,1565,517
727,0,0,0,1,1800,0,0,0,0,oberheim,oberheim ob-5 ,jefalum,Tarragona,28/08/2022,27/10/2022,1/9/2022,208,740
728,0,0,0,1,20,0,0,0,0,korg,cassette datos para el korg dw8000 ,polypodium,Madrid,07/07/2022,26/09/2022,1/9/2022,178,1106
729,0,0,0,1,1400,0,0,0,0,korg,korg sv-1 88 teclas ,gonso,Madrid,03/05/2022,07/09/2022,1/9/2022,520,550
730,0,0,0,1,1450,0,0,0,0,eurorack,oscilador doble eurorack cwejman vco-2rm ,tyrel,Madrid,16/03/2022,27/10/2022,1/9/2022,360,560
731,0,0,0,1,75,0,0,0,0,yamaha,piano eléctrico yamaha ypt-200 ,kichiilik,Cantabria,25/05/2022,24/09/2022,1/9/2022,382,945
732,0,0,0,1,330,0,0,0,0,roland,roland jv 1080 ,roy242,Valencia,18/08/2022,28/09/2022,1/9/2022,318,498
733,0,0,0,1,329,0,0,0,0,-,mode maschines xoxbox ,moog1406,Girona,16/12/2021,24/09/2022,1/9/2022,532,637
734,0,0,0,1,75,0,0,0,0,studio,korg nanokey studio ,DrTek,Barcelona,25/04/2022,13/09/2022,1/9/2022,862,474
735,0,0,0,1,1250,0,0,0,0,yamaha,teclado tyros3 yamaha en muy buenas condiciones ,Arpegio,Toledo,02/02/2021,29/09/2022,1/9/2022,1748,711
736,0,0,0,1,65,0,0,0,0,dreadbox,eurorack dreadbox ataxia ,Pablo M. - Sullibass,Zaragoza,25/08/2022,27/09/2022,1/9/2022,132,1704
737,0,0,0,1,1800,0,0,0,0,roland,roland juno 106 ,polypodium,Madrid,27/08/2022,26/10/2022,1/9/2022,306,1106
738,0,0,0,1,320,0,0,0,0,roland,roland msq-700 secuenciador vintage ,pitch-on,Navarra,27/08/2022,26/10/2022,1/9/2022,162,802
739,0,0,0,1,299,0,0,0,0,electribe,"electribe 2 sampler roja, impoluta con extras ",liopic,Valencia,04/08/2022,05/10/2022,1/9/2022,234,640
740,0,0,0,1,485,0,0,0,0,yamaha,yamaha dx7 ii d ,yosualogan,Cantabria,19/05/2022,26/09/2022,1/9/2022,1199,1090
741,0,0,0,1,24,0,0,0,0,yamaha,"royal 1 pianos para yamaha motif xs, motif xf, moxf y montage modx ",bicho,Madrid,09/07/2017,10/09/2022,1/9/2022,5589,517
742,0,0,0,1,1850,0,0,0,0,-,amplificador 122 type classictone ,windbass,Zaragoza,03/11/2020,24/09/2022,1/9/2022,1365,859
743,0,0,0,1,200,0,0,0,0,emu,modulo emu audity 2000 ,Rammsysounds,Barcelona,10/06/2022,22/09/2022,1/9/2022,855,1301
744,0,0,0,1,530,0,0,0,0,-,modal cobalt8x ,flake02,Madrid,27/08/2022,26/10/2022,1/9/2022,136,613
745,0,0,0,1,300,0,0,0,0,roland,roland sonic cell - tarjeta de sonido - envío incluido ,Pablo Bauzá,Alicante,07/05/2021,23/09/2022,1/9/2022,646,1153
746,0,0,0,1,450,0,0,0,0,casio,casio cz 101 ,Sylvan,Valencia,13/03/2021,30/09/2022,1/9/2022,1952,637
747,0,0,0,1,99,0,0,0,0,audio,addac 804 audio integrator ,moog1406,Girona,13/04/2021,30/10/2022,1/9/2022,575,637
748,0,0,0,1,85,0,0,0,0,roland,roland pn d50 00 ,moog1406,Girona,24/05/2021,26/09/2022,1/9/2022,434,637
749,0,0,0,1,450,0,0,0,0,-,soma lyra 8 white angel ,dephaser,Cantabria,04/08/2022,09/09/2022,1/9/2022,566,844
750,0,0,0,1,750,0,0,0,0,-,medeli akx10 ,vicen51,Araba,20/03/2022,29/09/2022,1/9/2022,1209,635
751,0,0,0,1,75,0,0,0,0,roland,tarjeta roland sr-jv80-01 pop ,Radioskaf,Barcelona,18/11/2021,12/09/2022,1/9/2022,465,916
752,0,0,0,1,550,0,0,0,0,nord modular ,g1+ midiman para el software de edicion por 550 euros ,Steinwurfmusic L,A Coruña,18/11/2021,13/10/2022,1/9/2022,286,1620
753,0,0,0,1,1200,0,0,0,0,yamaha,yamaha motif xf7 ,amseven,Cantabria,02/08/2022,26/09/2022,1/9/2022,348,751
754,0,0,0,1,4000,0,0,0,0,kawai,piano kawai ,jordi61,Barcelona,04/07/2022,02/09/2022,1/9/2022,248,639
755,0,0,0,1,389,0,0,0,0,arturia,arturia keylab 61 mkii ,moog1406,Girona,01/06/2022,04/10/2022,1/9/2022,428,637
756,0,0,0,1,70,0,0,0,0,audio,tip top audio rs 909 ,moog1406,Girona,16/12/2021,30/10/2022,1/9/2022,415,637
757,0,0,1,0,400,0,0,0,0,korg,korg triton le tambien y cartuchocasio cz ,Fran Belenguer,Valencia,10/04/2022,09/09/2022,1/9/2022,1517,1344
758,0,0,0,1,198,0,0,0,0,erica synths ,bass drums ,moog1406,Girona,25/11/2021,08/10/2022,1/9/2022,590,637
759,0,0,0,1,3200,0,0,0,0,0,yamaha genos 2 0 + funda scc profesional ,Raufex,Valladolid,01/09/2022,31/10/2022,1/9/2022,44,619
760,0,0,0,1,50,0,0,0,0,noise,doepfer a 118 noise ,moog1406,Girona,08/10/2021,08/10/2022,1/9/2022,415,637
761,0,0,0,1,240,0,0,0,0,roland,roland mc-303 ,Juan Ramos,Valencia,18/05/2022,19/09/2022,1/9/2022,742,944
762,0,0,0,1,340,0,0,0,0,-,bass station 2 ,clavinord,Madrid,25/08/2022,29/09/2022,1/9/2022,150,962
763,0,0,0,1,350,0,0,0,0,roland,soniccell roland ,Edaurdo,Madrid,13/12/2019,29/09/2022,1/9/2022,671,708
764,0,0,0,1,300,0,0,0,0,erica synths ,roland boutique tr-08 y pico vco2 ,dbxer,Baleares,08/07/2022,06/09/2022,1/9/2022,319,533
765,0,0,0,1,175,0,0,0,0,roland,teclado controlador roland a-800 pro ,Radioskaf,Barcelona,21/01/2022,12/09/2022,1/9/2022,757,916
766,0,0,0,1,3990,0,0,0,0,moog,moog minimoog voyager 50 anyversary edition ,moog1406,Girona,08/06/2022,08/10/2022,1/9/2022,708,637
767,1,0,1,0,0,0,0,0,0,eurorack,módulos eurorack ,Pablo M. - Sullibass,Zaragoza,25/08/2022,29/09/2022,1/9/2022,202,1704
768,0,0,0,1,1200,0,0,0,0,oberheim,sintetizador analógico oberheim matrix 6 ,grizzvolga,Madrid,25/07/2022,26/09/2022,1/9/2022,754,1103
769,0,0,0,1,519,0,0,0,0,roland,controlador midi roland a88 ivory feel ,AlvMad,Madrid,21/05/2022,28/09/2022,1/9/2022,792,565
770,0,0,1,0,1700,0,0,0,0,hammond,2 o por hammond sk pro reservado ,Ismael Esteban,Guadalajara,25/08/2022,24/10/2022,1/9/2022,136,1341
771,0,0,0,1,450,0,0,0,0,elektron,elektron analog heat ,Frack,Tarragona,31/08/2022,30/10/2022,1/9/2022,86,487
772,0,0,0,1,1449,0,0,0,0,arturia,arturia matrixbrute ,moog1406,Girona,08/07/2021,08/10/2022,1/9/2022,1050,637
773,0,0,0,1,250,0,0,0,0,korg,korg ms20 ic ,pattyco,Valencia,11/08/2022,10/10/2022,1/9/2022,306,772
774,0,0,0,1,2500,0,0,0,0,system,hammond xk-3 system ,facallema,A Coruña,11/08/2022,26/09/2022,1/9/2022,210,918
775,0,0,0,1,30,0,0,0,0,-,dsi prophet 08 - librería para ni kontakt y reason ,Zyon35,Córdoba,01/06/2022,18/09/2022,1/9/2022,258,536
776,0,0,1,0,0,0,0,0,0,virus,"virus ti soundbanks todos los bancos hasta la fecha "" ahora también con viper vst "" ",DeESser,Alicante,19/08/2018,10/09/2022,1/9/2022,4149,651
777,0,0,0,1,2495,0,0,0,0,roland,roland fantom 6 ,moog1406,Girona,28/04/2022,30/10/2022,1/9/2022,1003,637
778,0,0,0,1,550,0,0,0,0,elektron,elektron digitackt ,Sonitec,Valencia,11/08/2022,14/10/2022,1/9/2022,258,725
779,0,0,0,1,199,0,0,0,0,e-mu,proteus 2 e-mu systems 16 bit multi-timbral digital sound module xr ,bloson,Cuenca,18/01/2021,05/09/2022,1/9/2022,1686,653
780,0,0,0,1,295,0,0,0,0,korg,korg t3 workstation ,moog1406,Girona,10/05/2022,30/10/2022,1/9/2022,562,637
781,0,0,0,1,220,0,0,0,0,instruments,eurorack case de aluminio 3 filas 85hp + yarns mutable instruments ,javierdepascual,Madrid,18/04/2022,16/09/2022,1/9/2022,742,1587
782,0,0,1,0,750,0,0,0,0,nord electro ,2 quizás tb ,rubenmunoz12345,A Coruña,18/04/2022,01/10/2022,1/9/2022,274,1364
783,0,0,0,1,12,0,0,0,0,-,lote 10 revistas keyboard musica y tecnología ,Radius,Tarragona,11/07/2022,09/09/2022,1/9/2022,197,616
784,0,0,0,1,20,0,0,0,0,eurorack,banananuts pack befaco eurorack ,Blasting Modular,Barcelona,21/07/2022,19/09/2022,1/9/2022,220,1576
785,0,0,0,1,180,0,0,0,0,arturia,arturia drumbrute impact ,Jorge8989,Valencia,27/07/2022,25/09/2022,1/9/2022,464,729
786,0,0,0,1,750,0,0,0,0,yamaha,yamaha psr-s770 ,Antonio,Madrid,30/08/2022,29/10/2022,1/9/2022,82,728
787,0,0,0,1,180,0,0,0,0,-,sequenz standard-m-sv medium ,moog1406,Girona,22/12/2021,30/10/2022,1/9/2022,496,637
788,0,0,0,1,5,0,0,0,1,novation,"teclas y para roland, korg, yamaha, novation update 11 2 2022 ",Elver Galarga,Lugo,03/03/2015,24/09/2022,1/9/2022,17026,1229
789,0,0,0,1,100,0,0,0,0,volca,korg volca keys ,Alejandro M. Molina Amador,Málaga,13/07/2022,01/10/2022,1/9/2022,392,2335
790,0,0,0,1,1,0,0,0,0,elektron,packs de sonidos para máquinas elektron ,Zyon35,Córdoba,01/06/2022,29/09/2022,1/9/2022,668,536
791,0,0,0,1,1490,0,0,0,0,-,ferrofish a32 ad da converter ,moog1406,Girona,13/11/2020,30/09/2022,1/9/2022,1944,637
792,0,0,0,1,1800,0,0,0,0,yamaha,yamaha motif xs8 ,vicen51,Araba,23/09/2019,29/09/2022,1/9/2022,2324,635
793,0,0,0,1,45,0,0,0,0,-,tarjeta smart media 128mb mas adaptador ,int3rc0m,Madrid,01/09/2020,26/09/2022,1/9/2022,1526,752
794,0,0,0,1,145,0,0,0,0,roland,módulo pianos roland p-330 ,yoquese,Madrid,09/10/2021,26/09/2022,1/9/2022,970,779
795,0,0,0,1,100,0,0,0,0,-,soporte para teclado ,Carlos,Madrid,18/08/2022,19/10/2022,1/9/2022,206,612
796,0,0,0,1,490,0,0,0,0,alm busy ,akemie castle - circuits ,Alinter,Cádiz,10/06/2022,09/09/2022,1/9/2022,466,719
797,0,0,0,1,650,0,0,0,0,micro,waldorf micro q keyboard ,sergiommms,A Coruña,16/04/2022,30/09/2022,1/9/2022,946,1091
798,0,0,0,1,600,0,0,0,0,kurzweil,kurzweil pc3 le8 ,erissoma,Madrid,16/05/2021,13/09/2022,1/9/2022,1296,867
799,0,0,0,1,90,0,0,0,0,doepfer,doepfer a-142-2 vca dual con adsr y ducking ,Pablo M. - Sullibass,Zaragoza,25/08/2022,29/09/2022,1/9/2022,128,1704
800,0,0,0,1,150,0,0,0,0,-,groovebox mc 303 ,alcachofazul,Madrid,29/07/2022,14/09/2022,1/9/2022,350,1261
801,0,0,0,1,150,0,0,0,0,arturia,arturia beat step pro ,evano,Barcelona,31/08/2022,30/10/2022,1/9/2022,48,537
802,0,1,0,0,0,0,0,0,0,-,proteus 2000 máximo 200€ ,CreativeStudio,Madrid,17/07/2022,24/09/2022,1/9/2022,412,1451
803,0,1,0,0,0,0,0,0,0,arturia,arturia microbrute ,sholme,Córdoba,18/08/2022,18/10/2022,1/9/2022,72,648
804,0,0,0,1,490,0,0,0,0,odyssey,korg arp odyssey ,moog1406,Girona,12/11/2021,08/10/2022,1/9/2022,1086,637
805,0,0,0,1,300,0,0,0,0,akai,akai s3000xl ,Dave,Almería,01/07/2022,28/09/2022,1/9/2022,948,384
