,Unnamed: 0,urgent,buy,change,sell,price,gift,search,repair,parts,synt_brand,description,user,city,published,expire,date_scrapped,seen,user_anon
0,1,0,0,0,1,350,0,0,0,0,-,dreadbox nyx v1 ,selimorgan,Valencia,08/05/2022,27/09/2022,30/8/2022,700,1073
1,2,0,0,0,1,350,0,0,0,0,-,modal electronics cobalt 5s ,Luis Martín (Roma 18),Castellón,25/07/2022,23/09/2022,30/8/2022,330,1845
2,3,0,0,0,1,900,0,0,0,0,-,moog little phatty stage 2 ,Gergö,Baleares,10/07/2021,28/09/2022,30/8/2022,570,635
3,4,0,0,0,1,420,0,0,0,0,-,último precio doepfer a-100 6u ,manuelariza,Málaga,01/07/2022,30/08/2022,30/8/2022,290,1177
4,5,0,0,0,1,480,0,0,0,0,-,mpc live ssd 250 envío incluido ,djoy,Albacete,26/08/2022,25/10/2022,30/8/2022,182,438
5,6,0,0,0,1,105,0,0,0,0,-,synthrotek fold ,moog1406,Girona,03/01/2022,20/09/2022,30/8/2022,496,637
6,7,0,0,0,1,1300,0,0,0,0,-,roland fantom g6 ,NELUQ,Cuenca,04/07/2022,18/09/2022,30/8/2022,568,389
7,8,0,0,1,0,0,0,0,0,0,-,kurzweil k2500x ,chinog,Madrid,16/08/2022,17/10/2022,30/8/2022,286,632
8,9,0,0,0,1,80,0,0,0,0,-,alesis qx49 - controlador midi ,SINTEXIA,Córdoba,19/07/2022,17/09/2022,30/8/2022,204,613
9,10,0,0,0,1,500,0,0,0,0,-,roland mc-909 sampling groovebox ,Rammsysounds,Barcelona,22/06/2021,22/09/2022,30/8/2022,2465,1301
10,11,0,0,0,1,23,0,0,0,0,-,korg t3 deslizador volumen ,FranZiskAner,Barcelona,28/08/2022,27/10/2022,30/8/2022,42,1198
11,12,0,0,0,1,320,0,0,0,0,-,kordbot isla instruments ,IK3R,Barcelona,25/02/2022,27/09/2022,30/8/2022,926,281
12,13,0,1,0,0,0,0,0,0,0,-,roland sound library pcm1-06 baroque ,mentemodular,Gipuzkoa,01/04/2021,07/09/2022,30/8/2022,588,1293
13,14,0,0,0,1,600,0,0,0,0,-,roland d-50 ,subsoniq,Barcelona,30/12/2021,10/10/2022,30/8/2022,1219,884
14,15,0,0,0,1,260,0,0,0,0,-,controlador midi usb m-audio oxygen 88 teclas ,Agostinho,A Coruña,22/07/2022,20/09/2022,30/8/2022,288,940
15,16,0,0,0,1,4500,0,0,0,0,-,"varios sintetizadores, cajas ritmo, efectos ",sergiommms,A Coruña,22/07/2022,20/09/2022,30/8/2022,754,1091
16,17,0,0,0,1,75,0,0,0,0,-,tiptop mixz ,sonicstage,Girona,23/08/2022,27/09/2022,30/8/2022,80,1072
17,18,0,0,0,1,1,0,0,0,0,-,varios eurorack ,Aiko N.,Valencia,09/08/2022,06/10/2022,30/8/2022,633,544
18,19,0,0,0,1,500,0,0,0,0,-,yamaha su 700 ,nekrend,Araba,28/08/2022,27/10/2022,30/8/2022,136,743
19,20,0,0,0,1,200,0,0,0,0,-,jomox t-resonator mkii ,Alinter,Cádiz,09/07/2022,09/09/2022,30/8/2022,578,719
20,21,0,0,0,1,1000,0,0,0,0,-,piano pearl river pd180d ,moog1406,Girona,20/09/2020,08/10/2022,30/8/2022,782,637
21,22,0,0,1,0,410,0,0,0,0,-,poly beebo no ,ElmoreFreak,Las Palmas,08/06/2022,20/09/2022,30/8/2022,325,1101
22,23,0,0,0,1,975,0,0,0,0,-,nord lead 4 ,santibcn,Barcelona,10/04/2022,07/10/2022,30/8/2022,1133,850
23,24,0,0,0,1,380,0,0,0,0,-,4ms quad pingable lfo+quad clock distributor ,Replicante,Barcelona,09/10/2021,27/09/2022,30/8/2022,1064,1031
24,25,0,0,0,1,1111,0,0,0,0,-,módulos eurorack ,Øliveira,Pontevedra,25/08/2022,27/09/2022,30/8/2022,292,964
25,26,0,0,0,1,150,0,0,0,0,-,shakmat modular clock o'pawn nuevo ,Adrià Gil,Barcelona,21/07/2022,28/09/2022,30/8/2022,255,924
26,27,0,0,0,1,729,0,0,0,0,-,moog sub phatty ,moog1406,Girona,09/03/2022,02/09/2022,30/8/2022,978,637
27,28,0,0,0,1,600,0,0,0,0,-,set de tres sintes analógicos enracados behringer ,Abird,Guadalajara,11/06/2022,11/09/2022,30/8/2022,1722,482
28,29,0,0,0,1,2000,0,0,0,0,-,sintetizador modular ,soma,Madrid,16/08/2022,19/09/2022,30/8/2022,456,432
29,30,1,0,0,1,55,0,0,0,0,-,dos tarjetas para roland r8; memory card m-256e y contemporary percusion ,int3rc0m,Madrid,30/03/2022,26/09/2022,30/8/2022,513,752
30,31,0,0,0,1,185,0,0,0,0,-,makenoise st0 ,Lavenzza,Madrid,29/08/2022,28/10/2022,30/8/2022,48,843
31,32,0,0,0,1,240,0,0,0,0,-,neutron semimodular analógico ,sasl,Valencia,15/02/2021,19/09/2022,30/8/2022,1238,435
32,33,0,0,0,1,525,0,0,0,0,-,korg modwave + librerias envío incluido ,moogi,Cádiz,17/05/2022,28/09/2022,30/8/2022,895,539
33,34,0,0,0,1,45,0,0,0,0,-,stand akai mpc live 1 fuera stock env incl ,PETZOO,Cádiz,09/03/2022,28/09/2022,30/8/2022,619,481
34,35,0,0,0,1,370,0,0,0,0,-,roland mv30 ,Frabcusci,Sevilla,05/06/2022,10/09/2022,30/8/2022,728,914
35,36,0,0,0,1,140,0,0,0,0,-,groovebox roland d2 ,manolo garcia,Madrid,23/03/2022,26/09/2022,30/8/2022,844,1293
36,37,0,0,0,1,430,0,0,0,0,-,oto machines oto bam ,PLH,Barcelona,16/08/2022,13/10/2022,30/8/2022,268,228
37,38,0,0,1,1,0,0,0,0,0,-,modal argon 8 por ,pinmusica,Madrid,27/08/2022,26/10/2022,30/8/2022,148,969
38,39,0,0,1,0,0,0,0,0,0,-,ketron sd 1000 ,joseluis11,Alicante,09/08/2022,05/10/2022,30/8/2022,198,976
39,40,0,0,0,1,460,0,0,0,0,-,alesis micron ,finaldesousa,Barcelona,26/08/2022,25/10/2022,30/8/2022,130,1278
40,41,0,0,0,1,50,0,0,0,0,-,modulos eurorack ultimos-rebajados ,curve259,Araba,17/04/2020,25/09/2022,30/8/2022,14562,709
41,42,0,0,0,1,525,0,0,0,0,-,korg krome 61 ,ELKE_FALTABA,Cuenca,07/02/2022,24/09/2022,30/8/2022,1364,875
42,43,0,0,0,1,300,0,0,0,0,-,akai mpk88 ,japovaz,Ourense,15/06/2022,09/09/2022,30/8/2022,435,763
43,44,0,0,0,1,900,0,0,0,0,-,korg triton extreme 88 ,SINTEXIA,Córdoba,19/07/2022,17/09/2022,30/8/2022,440,613
44,45,0,0,0,1,120,0,0,0,0,-,behringer bcr2000 ,chinog,Madrid,16/08/2022,13/10/2022,30/8/2022,210,632
45,46,0,0,0,1,175,0,0,0,0,-,befaco kickall ,moog1406,Girona,05/05/2022,04/09/2022,30/8/2022,264,637
46,47,0,1,0,0,0,0,0,0,0,-,nord stage 3 compact o electro 6d 73 ,kike22,Murcia,14/06/2022,28/09/2022,30/8/2022,370,520
47,48,0,0,0,1,25,0,0,0,0,-,tarjetas roland sn-u110 02 y 12 ,Onyar,Girona,02/01/2022,16/09/2022,30/8/2022,557,521
48,49,0,0,0,1,30,0,0,0,0,-,delay korg monotron ,El Corto Adiós,Gipuzkoa,23/08/2022,19/10/2022,30/8/2022,158,1388
49,50,0,0,0,1,115,0,0,0,0,-,transient 8s secuenciador eurorack de 8 pasos ,moog1406,Girona,30/10/2020,08/10/2022,30/8/2022,530,637
50,51,0,0,0,1,260,0,0,0,0,-,tukra tesseract modular generador de baterias y secuenciador midi eurorack ,Blasting Modular,Barcelona,16/08/2022,17/10/2022,30/8/2022,242,1576
51,52,0,0,0,1,800,0,0,0,0,-,teenage engineering op-1 + funda oficial ,vulgatron,Madrid,19/05/2022,07/09/2022,30/8/2022,660,994
52,53,0,0,0,1,250,0,0,0,0,-,korg ns5r modulo de sonido del korg n264 ,Pablo Bauzá,Alicante,07/01/2022,23/09/2022,30/8/2022,852,1153
53,54,0,0,0,1,3349,0,0,0,0,-,sequential prophet 5 rev4 ,Storm,Bizkaia,17/02/2021,26/09/2022,30/8/2022,7924,533
54,55,0,0,0,1,1000,0,0,0,0,-,hammond xk-3 ,facallema,A Coruña,17/02/2021,26/09/2022,30/8/2022,220,918
55,56,0,0,0,1,800,0,0,0,0,-,yamaha modx6 ,ARPEGGIATORNIK,Granada,16/08/2022,18/10/2022,30/8/2022,220,1047
56,57,0,0,0,1,450,0,0,0,0,-,studiologic sl88 grand ,Armando Ferrer,Madrid,23/08/2022,22/10/2022,30/8/2022,256,1352
57,58,0,0,0,1,450,0,0,0,0,-,korg wavestate ,davne,Madrid,25/07/2022,28/09/2022,30/8/2022,596,526
58,59,0,0,0,1,60,0,0,0,0,-,roland memory card 256 ,Súper-Bebé,Granada,19/06/2022,27/09/2022,30/8/2022,408,1203
59,60,0,0,0,1,49,0,0,0,0,-,swissonic easykey 25 ,moog1406,Girona,02/06/2022,04/10/2022,30/8/2022,276,637
60,61,0,0,0,1,250,0,0,0,0,-,teclado midi m-audio axiom pro 49 ,esferarocks,Bizkaia,10/09/2017,13/10/2022,30/8/2022,745,1176
61,62,0,0,0,1,259,0,0,0,0,-,arturia drumbrute ,moog1406,Girona,07/04/2022,10/09/2022,30/8/2022,566,637
62,63,0,0,0,1,55,0,0,0,0,-,intellijel buff multiple · eurorack ,David,Valladolid,14/07/2022,12/09/2022,30/8/2022,302,488
63,64,0,0,0,1,550,0,0,0,0,-,roland fantom s 61 ,mikysound,Alicante,11/07/2022,09/09/2022,30/8/2022,448,995
64,65,0,0,0,1,250,0,0,0,0,-,eurorack bubble sound dualsem20 ,siropene,Madrid,23/08/2022,28/09/2022,30/8/2022,104,869
65,66,0,0,0,1,219,0,0,0,0,-,doepfer a-100lc3v low cost case vintage edition ,Storm,Bizkaia,25/05/2022,28/09/2022,30/8/2022,557,533
66,67,0,0,0,1,460,0,0,0,0,-,eurorack loquelic iteritas percido ,siropene,Madrid,23/08/2022,28/09/2022,30/8/2022,106,869
67,68,0,0,0,1,250,0,0,0,0,-,korg sp250 nuevo sin uso con atril y banqueta ,Musico 28,Zaragoza,07/07/2022,05/09/2022,30/8/2022,475,762
68,69,0,0,0,1,2050,0,0,0,0,-,korg kronos 2 ,davne,Madrid,25/07/2022,28/09/2022,30/8/2022,745,526
69,70,0,0,0,1,59,0,0,0,0,-,yamaha vrc 101 keyboard plucked & tuned percussion group ,moog1406,Girona,28/06/2021,26/09/2022,30/8/2022,270,637
70,71,0,0,0,1,0,0,0,0,0,-,"varios módulos make noise, mutable, cwejman en estado impecable ",funfanatic,Barcelona,07/07/2022,05/09/2022,30/8/2022,654,1055
71,72,0,0,1,0,0,0,0,0,0,-,roland s-220 sampler ,elprofesordedanza,Tarragona,05/07/2022,28/09/2022,30/8/2022,453,1816
72,73,0,0,0,1,499,0,0,0,0,-,modal argon8 ,Storm,Bizkaia,29/03/2021,25/09/2022,30/8/2022,4222,533
73,74,0,0,0,1,249,0,0,0,0,-,zoom arq anillo sintetizador nuevo ,moog1406,Girona,10/06/2022,04/09/2022,30/8/2022,473,637
74,75,0,0,0,1,620,0,0,0,0,-,soma lyra-8 ,roy242,Valencia,24/08/2022,23/10/2022,30/8/2022,188,498
75,76,0,0,0,1,60,0,0,0,0,-,doepfer a 106 5 sem filter ,Øliveira,Pontevedra,28/08/2022,27/10/2022,30/8/2022,60,964
76,77,0,0,0,1,2800,0,0,0,0,-,prophet sequential x ,luca7,Madrid,09/08/2022,08/10/2022,30/8/2022,216,476
77,78,0,0,0,1,350,0,0,0,0,-,microkorg s ,Misspocoyo,Córdoba,16/08/2022,17/10/2022,30/8/2022,230,1077
78,79,0,0,0,1,580,0,0,0,0,-,tarjeta exb-moss ,Carlos,Madrid,23/08/2022,19/10/2022,30/8/2022,170,612
79,80,0,0,0,1,65,0,0,0,0,-,behringer 305 output module ,Øliveira,Pontevedra,27/08/2022,26/10/2022,30/8/2022,74,964
80,81,0,0,0,1,160,0,0,0,0,-,expert sleepers disting mk4 - módulo eurorack ,Darth Synth,Barcelona,11/06/2022,13/09/2022,30/8/2022,340,1065
81,82,0,0,0,1,130,0,0,0,0,-,mutable instruments braids clone ,Wallace,La Rioja,04/07/2022,10/09/2022,30/8/2022,266,697
82,83,0,0,0,1,930,0,0,0,0,-,nord lead 3 ,Dmode,Barcelona,12/02/2022,20/09/2022,30/8/2022,470,489
83,84,0,0,0,1,160,0,0,0,0,-,moog werkstatt 01 + cv expander ,Darth Synth,Barcelona,20/06/2022,13/09/2022,30/8/2022,475,1065
84,85,0,0,0,1,1350,0,0,0,0,-,sintetizador kawai sx-210 ,finess7,Huelva,14/02/2022,20/09/2022,30/8/2022,1390,703
85,86,0,0,0,1,430,0,0,0,0,-,moog mother 32 ,Socri,Sevilla,09/08/2022,28/09/2022,30/8/2022,312,512
86,87,0,0,0,1,1200,0,0,0,0,-,hammond l122 recien restaurado ,organero,Cádiz,24/07/2021,31/08/2022,30/8/2022,677,861
87,88,0,0,0,1,1070,0,0,0,0,-,asm hydrasynth ,sasl,Valencia,03/09/2021,19/09/2022,30/8/2022,3212,435
88,89,0,0,0,1,930,0,0,0,0,-,novation peak ,roy242,Valencia,16/08/2022,28/09/2022,30/8/2022,208,498
89,90,0,0,0,1,210,0,0,0,0,-,korg electribe s mk2 ,drumax,Valencia,19/06/2019,28/09/2022,30/8/2022,1885,657
90,91,0,0,0,1,125,0,0,0,0,-,maleta sintetizador 61 aluminio ,jose,Murcia,28/05/2022,25/09/2022,30/8/2022,399,433
91,92,0,0,0,1,70,0,0,0,0,-,flightcase yamaha p 80 ,liradigital MRF,Madrid,11/04/2022,21/09/2022,30/8/2022,483,1419
92,93,0,0,0,1,119,0,0,0,0,-,yamaha rev 500 ,moog1406,Girona,23/12/2021,23/09/2022,30/8/2022,832,637
93,94,0,0,1,0,0,0,0,0,0,-,soporte quiklok en perfecto estado ,elprofesordedanza,Tarragona,21/07/2022,28/09/2022,30/8/2022,418,1816
94,95,0,0,0,1,395,0,0,0,0,-,modulo eurorack synthesis technology e560 deflector shield ,tyrel,Madrid,12/09/2020,27/10/2022,30/8/2022,565,560
95,96,0,0,0,1,100,0,0,0,0,-,toms 000 eurorack ,liradigital MRF,Madrid,22/07/2022,21/09/2022,30/8/2022,324,1419
96,97,0,0,0,1,310,0,0,0,0,-,fairfield circuitry meet maude analog delay ,Morphido,Madrid,19/06/2022,29/09/2022,30/8/2022,436,834
97,98,0,0,0,1,379,0,0,0,0,-,roland mc 101 ,moog1406,Girona,09/06/2021,23/09/2022,30/8/2022,406,637
98,99,0,0,0,1,495,0,0,0,0,-,roland xv 5080 actualizado ,7ºDisminuido,Málaga,05/02/2022,04/10/2022,30/8/2022,1677,1286
99,100,0,0,0,1,600,0,0,0,0,-,clavia nord lead 1 rack - 12 voces ,Victor Lucas,Málaga,24/07/2022,22/09/2022,30/8/2022,723,1167
100,101,0,0,0,1,750,0,0,0,0,-,sintetizador moog subsequent 25 impoluto ,Cristóbal Patrick Ruiz,Valencia,09/08/2022,05/10/2022,30/8/2022,362,2271
101,102,0,0,0,1,300,0,0,0,0,-,sintetizador casio cz-1000 ,valenadell,Barcelona,24/08/2022,23/10/2022,30/8/2022,226,1048
102,103,0,1,0,0,0,0,0,0,0,-,yamaha psr-5700 ,Shad0wfax,Barcelona,29/08/2022,28/10/2022,30/8/2022,60,870
103,104,0,0,0,1,1175,0,0,0,0,-,sintetizador roland spv-355 ,finess7,Huelva,23/08/2022,19/10/2022,30/8/2022,224,703
104,105,0,0,0,1,430,0,0,0,0,-,multi-efectos the dust collector de finegear ,Ivan,Madrid,21/05/2022,17/10/2022,30/8/2022,602,398
105,106,1,0,0,1,260,0,0,0,0,-,o cambió rd 8 mki berhinger ,arkostek,Alicante,11/07/2022,09/09/2022,30/8/2022,422,868
106,107,0,0,0,1,210,0,0,0,0,-,akai eb-16 eb16 fx card 2000 3000 y xl ,Synthaddict,Madrid,29/05/2022,26/09/2022,30/8/2022,265,1151
107,108,0,0,0,1,385,0,0,0,0,-,roland mv30 ,Rodolfo,Barcelona,31/05/2022,13/09/2022,30/8/2022,540,725
108,109,0,0,0,1,350,0,0,0,0,-,roland rd300sx ,Markkius,Madrid,09/08/2022,23/09/2022,30/8/2022,382,839
109,110,0,0,0,1,80,0,0,0,0,-,native instruments maschine mark 1 controlador usb midi sin licencia ,IG,Valencia,11/04/2021,26/09/2022,30/8/2022,1091,144
110,111,0,1,0,0,0,0,0,0,0,-,varios módulos eurorack ,FZappy,Barcelona,12/06/2022,25/09/2022,30/8/2022,732,602
111,112,0,0,0,1,550,0,0,0,0,-,yamaha sy77 ,moog1406,Girona,16/03/2022,04/10/2022,30/8/2022,752,637
112,113,0,0,1,0,0,0,0,0,0,-,tripode pro por sintetizador ,CreativeStudio,Madrid,01/08/2022,14/09/2022,30/8/2022,316,1451
113,114,0,0,0,1,40,0,0,0,0,-,módulo eurorack behringer 911 envelope generator ,javi_randoom,Madrid,09/08/2022,22/09/2022,30/8/2022,128,1273
114,115,0,0,0,1,999,0,0,0,0,-,synthesis technology e370 quad morphing vco black ,moog1406,Girona,04/05/2022,16/09/2022,30/8/2022,421,637
115,116,0,0,0,1,339,0,0,0,0,-,make noise phonogene ,moog1406,Girona,28/07/2021,08/10/2022,30/8/2022,983,637
116,117,0,0,0,1,370,0,0,0,0,-,eurorack tip top audio ,Ramonet,Madrid,26/08/2022,25/10/2022,30/8/2022,118,726
117,118,0,0,1,0,0,0,0,0,0,-,roland eg-101 groovekeyboard o 240€ ,TonoTNVX,Madrid,22/04/2022,25/09/2022,30/8/2022,843,752
118,119,0,0,0,1,1829,0,0,0,0,-,arp 2600m nuevo tambien cambios ,moog1406,Girona,20/04/2022,09/09/2022,30/8/2022,745,637
119,120,0,0,0,1,500,0,0,0,0,-,behringer deepmind 12 ,JaviP,Madrid,16/08/2022,18/10/2022,30/8/2022,254,474
120,121,0,0,0,1,75,0,0,0,0,-,zip iomega 100 scsi ,cvsequencer,Barcelona,02/08/2022,28/09/2022,30/8/2022,284,1188
121,122,0,0,0,1,24,0,0,0,0,-,korg t3 - tarjeta memoria ,FranZiskAner,Barcelona,28/08/2022,27/10/2022,30/8/2022,62,1198
122,123,0,0,0,1,19,0,0,0,0,-,sonidos custom para nord lead a1 ,Kurzleader,Cuenca,11/04/2018,02/09/2022,30/8/2022,3339,1049
123,124,0,0,0,1,400,0,0,0,0,-,yamaha sy77 + flightcase ,maxi,Baleares,28/08/2022,27/10/2022,30/8/2022,122,431
124,125,0,0,0,1,1800,0,0,0,0,-,hammond e-262 de 1968 ,windbass,Zaragoza,16/06/2020,24/09/2022,30/8/2022,3299,859
125,126,0,0,0,1,100,0,0,0,0,-,behringer 1050 mix sequencer ,polypodium,Madrid,16/08/2022,28/09/2022,30/8/2022,302,1106
126,127,0,0,0,1,50,0,0,0,0,-,chipz modulo eurorack ,tomiwilli,Madrid,14/04/2022,15/09/2022,30/8/2022,1852,986
127,128,0,0,0,1,459,0,0,0,0,-,intellijel metropolis ,moog1406,Girona,18/03/2022,20/09/2022,30/8/2022,340,637
128,129,0,0,0,1,600,0,0,0,0,-,roland juno ds 88 ,Ricardo,Navarra,29/07/2022,27/09/2022,30/8/2022,513,708
129,130,0,0,0,1,59,0,0,0,0,-,yamaha master group ,moog1406,Girona,28/06/2021,23/09/2022,30/8/2022,570,637
130,131,0,0,0,1,1390,0,0,0,0,-,hammond m100 año 1962 ,windbass,Zaragoza,01/06/2022,21/09/2022,30/8/2022,705,859
131,132,0,0,0,1,1000,0,0,0,0,-,yamaha cp40 con funda y pedal original impecable! ,drumsman,Madrid,11/10/2020,27/09/2022,30/8/2022,3606,871
132,133,0,0,0,1,600,0,0,0,0,-,oportunidad! teclado roland exr-7 interactive arranger muy poco uso ,Frank,Barcelona,08/11/2021,19/10/2022,30/8/2022,543,498
133,134,0,0,0,1,80,0,0,0,0,-,e-mu proformance 1 módulo de sonidos de piano ,sergiommms,A Coruña,11/05/2022,26/09/2022,30/8/2022,451,1091
134,135,0,0,0,1,50,0,0,0,0,-,arturia minilab mk2 ,jdarua,Baleares,23/08/2022,20/10/2022,30/8/2022,72,631
135,136,0,0,0,1,255,0,0,0,0,-,roland tb 3 ,moog1406,Girona,16/02/2022,08/10/2022,30/8/2022,448,637
136,137,0,0,0,1,600,0,0,0,0,-,teclado yamaha motif es8 - 88 teclas contrapesadas ,miscoes,Ourense,16/08/2022,15/10/2022,30/8/2022,154,755
137,138,0,0,0,1,800,0,0,0,0,-,access virus kc ,roy242,Valencia,16/08/2022,28/09/2022,30/8/2022,304,498
138,139,0,0,0,1,115,0,0,0,0,-,shakmat modular time wizard ,Marco Luque,Madrid,07/06/2022,29/09/2022,30/8/2022,313,1054
139,140,0,0,0,1,100,0,0,0,0,-,studio electronics atc-1 2600 filter cartridge ,FZappy,Barcelona,21/09/2021,26/09/2022,30/8/2022,692,602
140,141,0,0,0,1,550,0,0,0,0,-,dsi evolver ,abstrack,Valencia,02/11/2021,19/10/2022,30/8/2022,1633,843
141,142,0,0,0,1,1850,0,0,0,0,-,leslie 122 clásico y autónomo ,windbass,Zaragoza,10/07/2021,24/09/2022,30/8/2022,1033,859
142,143,0,0,0,1,30,0,0,0,0,-,analogue systems rs-390 ,dorremifasol,Barcelona,24/10/2021,20/10/2022,30/8/2022,584,1287
143,144,0,0,1,0,0,0,0,0,0,-,erica fusión vco ,gorum,Tarragona,12/03/2022,28/09/2022,30/8/2022,648,554
144,145,0,0,0,1,359,0,0,0,0,-,arturia minibrute 2 ,moog1406,Girona,19/07/2021,06/09/2022,30/8/2022,1578,637
145,146,0,0,0,1,50,0,0,0,0,-,fuente alimentación eurorack + bus board ,cvsequencer,Barcelona,02/08/2022,25/09/2022,30/8/2022,248,1188
146,147,0,0,0,1,325,0,0,0,0,-,wersi ex10r expander with 8-bit drums 1985 ,Samsimo,Madrid,20/04/2021,25/09/2022,30/8/2022,1447,729
147,148,0,0,0,1,225,0,0,0,0,-,"electrovoice fx70 emulador leslie de rack, igual al dynacord dls223 ",paugui,Sevilla,01/05/2021,18/09/2022,30/8/2022,446,651
148,149,0,0,0,1,560,0,0,0,0,-,yamaha p-125 b ,daniello87,A Coruña,09/07/2022,06/09/2022,30/8/2022,314,951
149,150,0,0,1,0,199,0,0,0,0,-,elektron model cycles no ,ElmoreFreak,Las Palmas,08/06/2022,20/09/2022,30/8/2022,738,1101
150,151,0,0,0,1,20,0,0,0,0,-,"orejas rack neutron, pro 1, k2 80hp fin stock env incl ",PETZOO,Cádiz,22/01/2021,28/09/2022,30/8/2022,1320,481
151,152,0,0,0,1,390,0,0,0,0,-,xaoc moskwa ii+ ostankino ii ,Sergi,Alicante,20/07/2022,23/09/2022,30/8/2022,365,506
152,153,0,0,0,1,60,0,0,0,0,-,modulo eurorack doepfer a-110-1 ,javi_randoom,Madrid,09/08/2022,11/09/2022,30/8/2022,190,1273
153,154,0,0,0,1,450,0,0,0,0,-,sintetizador piano korg n1 88 teclas contrapesadas ,jordipares3,Girona,18/09/2021,21/09/2022,30/8/2022,2641,1126
154,155,0,0,1,0,0,0,0,0,0,-,roland fa-06 ,rogaes,Granada,14/11/2021,27/09/2022,30/8/2022,1660,641
155,156,0,0,0,1,600,0,0,0,0,-,yamaha cs-5 ,BuenMambo,Madrid,31/07/2022,28/09/2022,30/8/2022,598,886
156,157,0,0,0,1,1750,0,0,0,0,-,teclado nord wave 2 ,dorremifasol,Barcelona,17/07/2022,29/09/2022,30/8/2022,734,1287
157,158,0,0,0,1,390,0,0,0,0,-,kurzweil k2000r ,lapagana,Alicante,23/04/2022,26/10/2022,30/8/2022,665,821
158,159,0,0,0,1,260,0,0,0,0,-,korg kaossilator pro + ,Tangential,León,11/07/2022,09/09/2022,30/8/2022,189,1031
159,160,0,0,0,1,239,0,0,0,0,-,novation launchpad mkiii + deksaver ,moog1406,Girona,12/04/2021,15/09/2022,30/8/2022,1048,637
160,161,0,1,0,0,0,0,0,0,0,-,behringer di20 en madrid capital ,soldout,Madrid,28/08/2022,27/10/2022,30/8/2022,46,778
161,162,0,0,0,1,200,0,0,0,0,-,nord drum synth ,Synthaddict,Madrid,16/08/2022,26/09/2022,30/8/2022,370,1151
162,163,0,1,0,0,0,0,0,0,0,-,orejas rack korg dsm-1 ,mentemodular,Gipuzkoa,04/05/2020,07/09/2022,30/8/2022,408,1293
163,164,0,0,0,1,400,0,0,0,0,-,erica synths bassline db-01 ,Álvaro,Sevilla,28/07/2022,26/09/2022,30/8/2022,350,741
164,165,0,0,1,0,0,0,0,0,0,-,roland vs 24000 cd + monitor ,elprofesordedanza,Tarragona,29/07/2022,28/09/2022,30/8/2022,366,1816
165,166,0,0,0,1,50,0,0,0,0,-,pack proyecto eurorack ,cvsequencer,Barcelona,02/08/2022,25/09/2022,30/8/2022,392,1188
166,167,0,0,0,1,35,0,0,0,0,-,funda para teclado de 5 octavas ,bioroide,Madrid,01/04/2021,26/09/2022,30/8/2022,990,845
167,168,0,0,0,1,79,0,0,0,0,-,grey audio 3340 ,moog1406,Girona,08/10/2021,08/10/2022,30/8/2022,459,637
168,169,1,0,0,1,550,0,0,0,0,-,acidlab drumatix 606 ,Aponsa,Barcelona,16/08/2022,16/10/2022,30/8/2022,250,610
169,170,0,0,0,1,1190,0,0,0,0,-,roland jx 3p + mode machine dt 200 ,moog1406,Girona,10/05/2022,14/09/2022,30/8/2022,490,637
170,171,0,0,0,1,45,0,0,0,0,-,eurorack case 70hp model d ,Morphido,Madrid,12/12/2020,26/10/2022,30/8/2022,2262,834
171,172,0,0,0,1,400,0,0,0,0,-,vermona drm mkii ,MZ,Burgos,22/10/2021,24/10/2022,30/8/2022,856,167
172,173,0,0,0,1,150,0,0,0,0,-,roland d110 – sintetizador digital + tarjeta pn-d10-01 ,alcachofazul,Madrid,29/07/2022,25/09/2022,30/8/2022,360,1261
173,174,0,1,0,0,0,0,0,0,0,-,landscape stereo field ,Joel,Zaragoza,09/08/2022,07/10/2022,30/8/2022,156,394
174,175,0,1,1,0,0,0,0,0,0,-,modulos mutable instruments ,Sonitec,Valencia,16/08/2022,13/10/2022,30/8/2022,180,725
175,176,0,0,0,1,490,0,0,0,0,-,sintetizador dsi tetra envío incluido ,djoy,Albacete,26/08/2022,25/10/2022,30/8/2022,212,438
176,177,0,0,0,1,185,0,0,0,0,-,yamaha rm50 rhythm sound module ,yosualogan,Cantabria,07/05/2022,26/09/2022,30/8/2022,644,1090
177,178,0,0,0,1,220,0,0,0,0,-,euclidean circles + six switches expansion ,Hypnosia,Lugo,23/08/2022,22/10/2022,30/8/2022,116,843
178,179,0,0,0,1,50,0,0,0,0,-,modulo eurorack doepfer a-142-1 ,javi_randoom,Madrid,09/08/2022,22/09/2022,30/8/2022,1150,1273
179,180,0,0,0,1,225,0,0,0,0,-,tiptop z-dsp + dragonfly delay broken silicon + error codes 1 ,Manuel B,Baleares,13/03/2021,11/10/2022,30/8/2022,1465,708
180,181,0,1,0,0,0,0,0,0,0,-,doepfer a-192-2 ,Wallace,La Rioja,13/03/2021,24/10/2022,30/8/2022,90,697
181,182,0,0,0,1,790,0,0,0,0,-,caja eurorack ,moog1406,Girona,08/04/2022,08/09/2022,30/8/2022,670,637
182,183,0,0,0,1,1000,0,0,0,0,-,novation supernova ii en teclado ,Albin Nox,Granada,23/08/2022,22/10/2022,30/8/2022,231,827
183,184,0,1,0,0,0,0,0,0,0,-,doepfer a-160-2 ,Wallace,La Rioja,08/07/2022,24/09/2022,30/8/2022,180,697
184,185,0,0,0,1,650,0,0,0,0,-,nord rack 1 ,Kaesar,Barcelona,10/05/2022,10/10/2022,30/8/2022,453,599
185,186,0,0,0,1,1450,0,0,0,0,-,novation summit ,Albertomf,Baleares,17/07/2022,25/09/2022,30/8/2022,298,924
186,187,0,0,0,1,300,0,0,1,0,-,waldorf blofeld negro + arturia minibrute para ,dCOP,Barcelona,21/07/2022,19/09/2022,30/8/2022,554,326
187,188,0,0,0,1,130,0,0,0,0,-,akai xe8 midi drum expander ,Samsimo,Madrid,20/03/2021,09/09/2022,30/8/2022,2049,729
188,189,0,0,0,1,465,0,0,0,0,-,roland system 1m ,moog1406,Girona,01/09/2021,27/09/2022,30/8/2022,609,637
189,190,0,0,0,1,200,0,0,0,0,-,twisted electrons acid 8 mkii ,guardabrazo,Madrid,21/07/2022,19/09/2022,30/8/2022,416,1170
190,191,0,0,0,1,399,0,0,0,0,-,pedal de efecto neo ventilator ii ,thecurri,Cádiz,18/07/2022,16/09/2022,30/8/2022,183,870
191,192,0,0,0,1,90,0,0,0,0,-,doepfer a-106-1 xtreme filter ms20 ,instaljomar,Barcelona,08/06/2022,27/09/2022,30/8/2022,269,1188
192,193,0,0,0,1,179,0,0,0,0,-,tarjeta srx02 concert piano de roland ,airbag2004,Toledo,05/03/2022,13/09/2022,30/8/2022,535,812
193,194,0,0,0,1,3249,0,0,0,0,-,buchla 208c easel command ,Storm,Bizkaia,01/07/2022,01/09/2022,30/8/2022,437,533
194,195,0,0,0,1,250,0,0,0,0,-,módulo de sonidos y efectos sm pro audio vmachine reproductor de pluggins vst ,franpa,Alicante,02/07/2022,12/09/2022,30/8/2022,538,632
195,196,0,0,0,1,50,0,0,0,0,-,behringer 2500 1033 envolvente ,FZappy,Barcelona,22/06/2022,26/09/2022,30/8/2022,566,602
196,197,0,0,0,1,300,0,0,0,0,-,roland r-8 2 unidades ,sergiommms,A Coruña,22/06/2022,27/10/2022,30/8/2022,87,1091
197,198,0,0,0,1,75,0,0,0,0,-,"flightcase 19"" thon rack 5u eco ii compact 23 ",Mario,Cantabria,22/07/2022,29/09/2022,30/8/2022,320,504
198,199,0,0,0,1,59,0,0,0,0,-,yamaha vrc 103 sustain group ,moog1406,Girona,28/06/2021,26/09/2022,30/8/2022,310,637
199,200,0,0,0,1,580,0,0,0,0,-,elektron digitakt ,edulo,Badajoz,02/08/2022,03/10/2022,30/8/2022,322,537
200,201,0,1,0,0,0,0,0,0,0,-,doepfer a-103 vcf 6 ,Wallace,La Rioja,16/07/2022,24/09/2022,30/8/2022,154,697
201,202,0,0,0,1,290,0,0,0,0,-,kit controlador para leslies de 6 pines 122 y 147 familias 6h y 6w ,windbass,Zaragoza,10/07/2021,24/09/2022,30/8/2022,673,859
202,203,0,0,0,1,390,0,0,0,0,-,akai s3000xl + tarjeta eb16 + zip omega + manuales y cableado ,markos335,Tarragona,30/06/2022,27/09/2022,30/8/2022,414,808
203,204,0,0,0,1,600,0,0,0,0,-,yamaha reface dx + cs ,Kevin Teucilide,Barcelona,23/08/2022,20/10/2022,30/8/2022,200,1461
204,205,0,0,0,1,1200,0,0,0,0,-,teclado midi mpe linnstrument 200 teclas ,Ivan,Madrid,07/07/2022,05/09/2022,30/8/2022,310,398
205,206,0,0,0,1,190,0,0,0,0,-,e-mu procussion ,roy242,Valencia,23/08/2022,22/10/2022,30/8/2022,165,498
206,207,0,0,0,1,650,0,0,0,0,-,yamaha an1x ,daniel_es_76,Madrid,27/08/2022,26/10/2022,30/8/2022,148,1136
207,208,0,0,0,1,500,0,0,0,0,-,piano 88 contrapesadas roland hp1800s ,patumbao,Zaragoza,16/11/2020,27/10/2022,30/8/2022,1273,857
208,209,0,0,0,1,975,0,0,0,0,-,yamaha modx6 en excelente estado con extras ,nisakku,Barcelona,23/08/2022,27/09/2022,30/8/2022,221,758
209,210,0,0,0,1,60,0,0,0,0,-,arturia minilab mkii ,Caradusanto,Málaga,25/07/2022,23/09/2022,30/8/2022,248,1141
210,211,0,0,0,1,389,0,0,0,0,-,roland mv30 ,Francisco Rivera,Madrid,24/12/2021,23/09/2022,30/8/2022,1976,1569
211,212,0,0,0,0,0,1,0,0,0,-,ms20 mini keyboard ,Musiqueur,Granada,27/08/2022,26/10/2022,30/8/2022,256,976
212,213,0,0,0,1,975,0,0,0,0,-,teenage enginering + decksaver + funda ,moog1406,Girona,25/05/2022,27/09/2022,30/8/2022,356,637
213,214,0,0,0,1,1050,0,0,0,0,-,kodamo essence fm – sintetizador multitímbrico fm ,alcachofazul,Madrid,12/07/2022,25/09/2022,30/8/2022,528,1261
214,215,0,0,0,1,65,0,0,0,0,-,doepfer a 101 2 lpg vactrol lowpasgate ,Øliveira,Pontevedra,27/08/2022,26/10/2022,30/8/2022,71,964
215,216,0,0,0,1,100,0,0,0,0,-,maschine mk i ,drumax,Valencia,26/04/2020,28/09/2022,30/8/2022,2486,657
216,217,0,0,0,1,4990,0,0,0,0,-,make noise system ,angelmahon,Valencia,16/08/2022,17/10/2022,30/8/2022,352,1050
217,218,0,0,0,1,180,0,0,0,0,-,doboz touch sensing note memory eurorack ,insula,Madrid,29/06/2022,11/09/2022,30/8/2022,288,652
218,219,0,0,0,1,75,0,0,0,0,-,doepfer a189-1 ,moog1406,Girona,10/06/2021,26/09/2022,30/8/2022,456,637
219,220,0,0,0,1,1700,0,0,0,0,-,eminent solina string ensemble mk 1 ,moral97,Baleares,04/07/2021,17/09/2022,30/8/2022,1371,651
220,221,0,0,0,1,170,0,0,0,0,-,korg sd-400 signal delay 1978 ,selimorgan,Valencia,08/05/2022,27/09/2022,30/8/2022,918,1073
221,222,0,0,0,1,205,0,0,0,0,-,befaco crush delay ,moog1406,Girona,04/06/2021,20/09/2022,30/8/2022,400,637
222,223,0,0,0,1,325,0,0,0,0,-,op-z teenage engineering ,Miles,Girona,08/03/2022,26/09/2022,30/8/2022,1320,506
223,224,0,0,0,1,345,0,0,0,0,-,jen sx-2000 synthetone ,Cobe,Madrid,04/07/2022,02/09/2022,30/8/2022,388,377
224,225,0,0,0,1,400,0,0,0,0,-,polyend tracker ,Garz,Lugo,16/08/2022,17/10/2022,30/8/2022,110,404
225,226,0,0,0,1,260,0,0,0,0,-,novation mininova ,Andebol,Pontevedra,17/03/2022,29/10/2022,30/8/2022,994,693
226,227,0,0,0,1,350,0,0,0,0,-,sintetizador roland boutique se-02 ,Jose Armando,Sevilla,20/07/2022,18/09/2022,30/8/2022,512,1139
227,228,0,0,0,1,360,0,0,0,0,-,waldorf blofeld desktop negro + licencia sl ,afro.funk,Barcelona,31/05/2021,28/09/2022,30/8/2022,816,906
228,229,0,0,0,1,350,0,0,0,0,-,piano midi yamaha p-95 ,Teresa Velasco Navarro,Madrid,02/08/2022,04/10/2022,30/8/2022,188,2122
229,230,0,0,1,0,50,0,0,0,0,-,vco eurorack analogico magerit tb ,Pablo M. - Sullibass,Zaragoza,12/04/2022,27/09/2022,30/8/2022,404,1704
230,231,0,0,0,1,120,0,0,0,0,-,alesis v61 + soporte de tijera ,BassDrumsRecords,Madrid,09/08/2022,27/09/2022,30/8/2022,208,1638
231,232,0,0,0,1,3249,0,0,0,0,-,sequential prophet x ,Storm,Bizkaia,18/12/2020,26/09/2022,30/8/2022,3785,533
232,233,0,0,0,1,850,0,0,0,0,-,piano eléctrico de escenario kawai mp-5 + fligth case ,viticli,Madrid,11/07/2022,25/09/2022,30/8/2022,235,756
233,234,0,0,1,0,0,0,0,0,0,-,mpc live2 x one ,vulgatron,Madrid,31/07/2022,08/09/2022,30/8/2022,158,994
234,235,0,0,0,1,150,0,0,0,0,-,befaco vc adsr ,Claude_Chabrol,Barcelona,09/05/2022,25/09/2022,30/8/2022,188,1384
235,236,0,0,0,1,100,0,0,0,0,-,nuevo a estrenar soporte para 2 teclados quicklok sl-8 ,Frank,Barcelona,08/11/2021,19/10/2022,30/8/2022,615,498
236,237,0,1,0,0,0,0,0,0,0,-,behringer vc340 ,indra-tronic,Madrid,24/08/2022,27/09/2022,30/8/2022,146,1226
237,238,0,0,0,1,379,0,0,0,0,-,roland eg 101 ,moog1406,Girona,08/06/2021,08/10/2022,30/8/2022,1008,637
238,239,0,0,0,1,80,0,0,0,0,-,boss flanger bf3 ,Metrolike,Málaga,17/05/2022,04/10/2022,30/8/2022,249,940
239,240,0,0,0,1,1550,0,0,0,0,-,roland v-synth gt 2 0 ,Siete7,Burgos,18/02/2022,27/09/2022,30/8/2022,1463,561
240,241,0,0,0,1,420,0,0,0,0,-,moog minitaur ,Japiax,Córdoba,09/08/2022,09/10/2022,30/8/2022,200,605
241,242,0,0,0,1,375,0,0,0,0,-,casio cz 3000 ,Ra,Huelva,02/07/2022,31/08/2022,30/8/2022,300,179
242,243,0,0,0,1,420,0,0,0,0,-,varios módulos ,perrointel,Barcelona,29/07/2022,24/09/2022,30/8/2022,544,1092
243,244,0,0,0,1,20,0,0,0,0,-,roland mt-32 lista de presets ,Samsimo,Madrid,03/07/2022,25/09/2022,30/8/2022,328,729
244,245,0,0,0,1,1500,0,0,0,0,-,detachment 3 archangel ,Adrià Gil,Barcelona,11/06/2021,28/09/2022,30/8/2022,3350,924
245,246,0,0,0,1,300,0,0,0,0,-,bastl instruments bit ranger ,guardabrazo,Madrid,21/07/2022,19/09/2022,30/8/2022,356,1170
246,247,0,0,0,1,311,0,0,0,0,-,roland tb 03 ,moog1406,Girona,09/05/2022,13/09/2022,30/8/2022,388,637
247,248,0,0,0,1,900,0,0,0,0,-,nord lead 4 rack ,Pai,Madrid,02/08/2022,26/09/2022,30/8/2022,378,282
248,249,0,0,0,1,499,0,0,0,0,-,roland verselab mv-1 + decksaver ,camidelaigua,Girona,18/07/2022,28/09/2022,30/8/2022,430,1238
249,250,0,0,0,1,430,0,0,0,0,-,squarp pyramid mk1 ,gatovertical,Barcelona,17/05/2022,09/09/2022,30/8/2022,447,1285
250,251,0,0,0,1,190,0,0,0,0,-,cme uf7 controlador midi de 76 teclas teclado midi usb teclado electrónico ,instaljomar,Barcelona,23/02/2022,27/09/2022,30/8/2022,1381,1188
251,252,0,0,0,1,180,0,0,0,0,-,"tarjetas voice crystal 1+2 para sq2 sqr+,sq1+ ",gato737,Barcelona,01/08/2022,28/09/2022,30/8/2022,176,588
252,253,0,0,0,1,129,0,0,0,0,-,endorphin es airstreamer ,moog1406,Girona,21/01/2022,23/09/2022,30/8/2022,434,637
253,254,0,0,0,1,80,0,0,0,0,-,korg volca bass ,afro.funk,Barcelona,01/06/2021,28/09/2022,30/8/2022,487,906
254,255,0,0,0,1,320,0,0,0,0,-,yamaha shs - 200 sintetizador keytar ,Sholo Truth,Madrid,30/08/2022,29/10/2022,30/8/2022,44,1084
255,256,0,0,0,1,330,0,0,0,0,-,dynacord percuter s v drum triggers ,Synthaddict,Madrid,20/07/2021,20/09/2022,30/8/2022,808,1151
256,257,0,0,0,1,850,0,0,0,0,-,sintetizador moog granmother ,Stefano,Barcelona,26/08/2022,25/10/2022,30/8/2022,136,720
257,258,0,0,0,1,90,0,0,0,0,-,arturia keystep black edition ,selimorgan,Valencia,16/08/2022,27/09/2022,30/8/2022,246,1073
258,259,0,0,0,1,390,0,0,0,0,-,korg ms20 mini ,Juano,Sevilla,23/08/2022,21/10/2022,30/8/2022,124,509
259,260,0,0,0,1,400,0,0,0,0,-,critter & guitari organelle digital synth ,fine,Pontevedra,23/08/2022,22/10/2022,30/8/2022,114,418
260,261,0,0,0,1,530,0,0,0,0,-,akai mpc one ,roy242,Valencia,16/08/2022,28/09/2022,30/8/2022,272,498
261,262,0,0,0,1,30,0,0,0,0,-,libros de desarrollo de plugins y audio ,Kevin Smith,Alicante,20/02/2022,23/09/2022,30/8/2022,537,1058
262,263,0,0,0,1,545,0,0,0,0,-,roland tr 8s ,moog1406,Girona,17/02/2022,17/10/2022,30/8/2022,910,637
263,264,0,0,0,1,40,0,0,0,0,-,filtro eurorack magerit vcf ,Pablo M. - Sullibass,Zaragoza,25/08/2022,27/09/2022,30/8/2022,74,1704
264,265,0,0,0,1,1300,0,0,0,0,-,sintetizador modular completo a estrenar ,jaqjen,Madrid,19/02/2022,19/09/2022,30/8/2022,1125,633
265,266,0,0,0,1,650,0,0,0,0,-,teclado controlador oberheim mc 3000 ,dreamtopia,Badajoz,23/08/2022,22/10/2022,30/8/2022,190,1062
266,267,0,0,0,1,130,0,0,0,0,-,emu proteus 1 – sintetizador en rack ,alcachofazul,Madrid,29/07/2022,25/09/2022,30/8/2022,354,1261
267,268,0,0,0,1,20,0,0,0,0,-,yamaha psr 3000 - librería para ni kontakt ,Zyon35,Córdoba,01/06/2022,18/09/2022,30/8/2022,199,536
268,269,0,0,0,1,320,0,0,0,0,-,roland jp-8000 ,DJ KARBO,Baleares,24/08/2022,23/10/2022,30/8/2022,410,541
269,270,0,0,0,1,69,0,0,0,0,-,tip top mix z ,moog1406,Girona,21/06/2021,08/10/2022,30/8/2022,401,637
270,271,0,0,0,1,25,0,0,0,0,-,akai cd-rom sound library mpc2000xl vol 1 ,paugui,Sevilla,22/09/2021,12/09/2022,30/8/2022,338,651
271,272,0,0,0,1,650,0,0,0,0,-,mutable instruments ambika ,Dmode,Barcelona,23/08/2022,20/10/2022,30/8/2022,178,489
272,273,0,0,0,1,195,0,0,0,0,-,endorphin es godspeed + ,sonicstage,Girona,23/08/2022,27/09/2022,30/8/2022,94,1072
273,274,0,0,0,1,79,0,0,0,0,-,doepfer a-160 -5v clock multiplier ,moog1406,Girona,10/05/2022,13/09/2022,30/8/2022,329,637
274,275,0,0,0,1,1,0,0,0,0,-,sistema modular euroack wmd mutable instruments make noise erica synth ,Imox,Sevilla,16/08/2022,27/09/2022,30/8/2022,557,413
275,276,0,0,0,1,350,0,0,0,0,-,teclado korg ds-8 1986 ,Kevin,Murcia,21/02/2022,09/09/2022,30/8/2022,808,509
276,277,0,0,0,1,200,0,0,0,0,-,instruo ts-l ,Al,Barcelona,20/07/2022,18/09/2022,30/8/2022,188,173
277,278,0,0,0,1,115,0,0,0,0,-,transient modules 8s sequencer ,moog1406,Girona,21/12/2021,04/09/2022,30/8/2022,371,637
278,279,0,0,0,1,179,0,0,0,0,-,korg kossilator pro ,moog1406,Girona,20/05/2022,23/09/2022,30/8/2022,399,637
279,280,0,0,0,1,150,0,0,0,0,-,yamaha rm50 versión rack de ry30 ,CHOSKY_17,Valladolid,16/07/2022,14/09/2022,30/8/2022,344,664
280,281,0,0,0,1,145,0,0,0,0,-,frequency central bartos flur ii ,moog1406,Girona,27/01/2022,08/10/2022,30/8/2022,384,637
281,282,0,0,0,1,800,0,0,0,0,-,yamaha sy99 ,chinog,Madrid,16/08/2022,18/10/2022,30/8/2022,190,632
282,283,0,0,0,1,480,0,0,0,0,-,piano digital yamaha p140 en sevilla ,Bachh,Sevilla,27/07/2022,25/09/2022,30/8/2022,232,470
283,284,0,1,0,0,0,0,0,0,0,-,roland xp50 averiado ,chinog,Madrid,16/08/2022,13/10/2022,30/8/2022,130,632
284,285,0,0,0,1,10,0,0,0,0,-,funda cubrepolvo a la medida para korg monopoly ,grizzvolga,Madrid,17/07/2022,26/09/2022,30/8/2022,302,1103
285,286,0,0,0,1,380,0,0,0,0,-,dreadbox hypnosis ,Dmode,Barcelona,12/02/2022,20/09/2022,30/8/2022,847,489
286,287,0,0,0,1,350,0,0,0,0,-,intellijel shapeshifter ,liradigital MRF,Madrid,12/07/2022,21/09/2022,30/8/2022,340,1419
287,288,0,0,0,1,1750,0,0,0,0,-,amplificador type leslie 142 145 ,windbass,Zaragoza,14/05/2021,21/09/2022,30/8/2022,1450,859
288,289,0,1,0,0,0,0,0,0,0,-,yamaha psr-sx 600 ,guingo,Albacete,16/08/2022,25/09/2022,30/8/2022,154,649
289,290,0,0,0,1,600,0,0,0,0,-,"yamaha moxf 6, ",morcillero,Barcelona,16/07/2022,14/09/2022,30/8/2022,378,1080
290,291,0,0,0,1,899,0,0,0,0,-,elektron analog keys nuevo ,Albornozz,Madrid,13/03/2022,15/09/2022,30/8/2022,1466,961
291,292,0,0,0,1,700,0,0,0,0,-,kawai ca 91 ,VivianGirl,Barcelona,27/03/2022,23/10/2022,30/8/2022,308,1019
292,293,0,0,0,1,650,0,0,0,0,-,roland alpha juno 1 ,finaldesousa,Barcelona,16/08/2022,16/10/2022,30/8/2022,233,1278
293,294,0,0,0,1,49,0,0,0,0,-,korg t3 lcd ,FranZiskAner,Barcelona,28/08/2022,27/10/2022,30/8/2022,28,1198
294,295,0,0,0,1,70,0,0,0,0,-,m-audio oxygen pro mini ,RCZ,Sevilla,28/08/2022,27/10/2022,30/8/2022,76,239
295,296,0,0,0,1,490,0,0,0,0,-,nerdseq y midi expander ,mikel,Barcelona,10/07/2022,08/09/2022,30/8/2022,262,530
296,297,0,0,0,1,50,0,0,0,0,-,lemi midi mixer ,moog1406,Girona,08/06/2022,08/10/2022,30/8/2022,384,637
297,298,0,0,0,1,90,0,0,0,0,-,sound labs raagini digital electronic tanpura ,fartman,Barcelona,02/03/2022,31/08/2022,30/8/2022,992,745
298,299,0,0,0,1,2950,0,0,0,0,-,dreadbox white line system ,angelmahon,Valencia,16/08/2022,17/10/2022,30/8/2022,272,1050
299,300,0,0,0,1,100,0,0,0,0,-,varios módulos eurorack ,afx10101,Madrid,09/06/2022,09/10/2022,30/8/2022,1150,562
300,301,0,0,0,1,550,0,0,0,0,-,roland gw8l ,Analogik,Madrid,03/11/2021,06/10/2022,30/8/2022,660,806
301,302,0,0,0,1,80,0,0,0,0,-,eurorack doepfer wasp filter black and yellow ,siropene,Madrid,23/08/2022,28/09/2022,30/8/2022,92,869
302,303,0,0,0,1,399,0,0,0,0,-,sintetizador analogico ,jmgg,Tarragona,21/04/2022,27/09/2022,30/8/2022,1901,421
303,304,0,0,0,1,110,0,0,0,0,-,sintes y mucho más ,clavinord,Madrid,24/08/2022,26/09/2022,30/8/2022,637,962
304,305,0,0,0,1,300,0,0,0,0,-,shuttle control ,Carlos,Barcelona,16/08/2022,28/09/2022,30/8/2022,160,612
305,306,0,0,0,1,2500,0,0,0,0,-,cirklon v1 0 ,ak-47,Barcelona,07/07/2022,05/09/2022,30/8/2022,449,356
306,307,0,0,0,1,2500,0,0,0,0,-,make noise system v1 ,angelmahon,Valencia,29/08/2022,28/10/2022,30/8/2022,135,1050
307,308,0,0,0,1,70,0,0,0,0,-,teclado maestro behringer umx490 ,Blackbird Studios Bcn,Barcelona,12/06/2022,29/09/2022,30/8/2022,256,1980
308,309,0,0,0,1,95,0,0,0,0,-,tiptop audio hats808 ,sonicstage,Girona,23/08/2022,27/09/2022,30/8/2022,60,1072
309,310,1,0,0,1,160,0,0,0,0,-,befaco midi thing ,Claude_Chabrol,Barcelona,01/08/2022,16/09/2022,30/8/2022,175,1384
310,311,0,0,0,1,195,0,0,0,0,-,kurzweil micropiano ,Syntetic,Alicante,30/08/2022,28/10/2022,30/8/2022,64,851
311,312,0,0,0,1,38,0,0,0,0,-,bolsa blanda para sintetizador yamaha mx49 o similar ,JavierB,Alicante,23/08/2022,22/10/2022,30/8/2022,92,675
312,313,0,0,0,1,450,0,0,0,0,-,órgano sintetizador rhodes vk-1000 ,jordipares3,Girona,19/02/2021,21/09/2022,30/8/2022,2966,1126
313,314,0,0,0,1,60,0,0,0,0,-,órgano hammond the sounder rebajado! ,sirgo,Cantabria,28/07/2022,26/09/2022,30/8/2022,516,548
314,315,0,1,0,0,0,0,0,0,0,-,kurzweil pc4 ,femagon,Ciudad Real,28/07/2022,28/10/2022,30/8/2022,48,733
315,316,0,0,0,1,519,0,0,0,0,-,winter modular eloquencer ,moog1406,Girona,23/11/2021,08/10/2022,30/8/2022,624,637
316,317,0,0,0,1,100,0,0,0,0,-,zip scsi iomega ,Javier gutierrez,Málaga,24/08/2022,23/10/2022,30/8/2022,126,1634
317,318,0,0,0,1,160,0,0,0,0,-,temps utile ,Aiko N.,Valencia,01/07/2022,05/09/2022,30/8/2022,482,544
318,319,0,0,0,1,825,0,0,0,0,-,roland vr700 v-combo ,amenstudios,Sevilla,12/04/2017,20/09/2022,30/8/2022,6445,1196
319,320,0,0,0,1,750,0,0,0,0,-,kawai vpc1 en perfecto estado ,Bachh,Granada,23/07/2022,21/09/2022,30/8/2022,391,470
320,321,0,0,0,1,650,0,0,0,0,-,sintetizador ver­mona drm1 mk3 trigger ,Mario,Cantabria,22/07/2022,27/09/2022,30/8/2022,194,504
321,322,0,0,0,1,135,0,0,0,0,-,bastl instruments micro granny 2 0 ,guardabrazo,Madrid,21/07/2022,19/09/2022,30/8/2022,491,1170
322,323,0,0,0,1,200,0,0,0,0,-,monome 40h ,alfred,Madrid,14/07/2021,28/10/2022,30/8/2022,583,622
323,324,0,0,0,1,1290,0,0,0,0,-,korg sq10 secuenciador ,moog1406,Girona,10/06/2022,04/09/2022,30/8/2022,565,637
324,325,0,0,0,1,399,0,0,0,0,-,"sinte korg ms-20 mini "" nuevo"" ",Dani,Alicante,09/08/2022,27/09/2022,30/8/2022,298,380
325,326,0,0,0,1,40,0,0,0,0,-,doepfer switched multiple a-182-1 ,Pablo M. - Sullibass,Zaragoza,25/08/2022,27/09/2022,30/8/2022,78,1704
326,327,0,0,0,1,450,0,0,0,0,-,módulos befaco sinte modular ,Pablo Thonon,Madrid,30/08/2021,11/10/2022,30/8/2022,2242,1156
327,328,0,0,0,1,300,0,0,0,0,-,tessseract tukra ,FZappy,Barcelona,02/08/2022,28/09/2022,30/8/2022,172,602
328,329,0,0,0,1,550,0,0,0,0,-,elektron digitone ,Hispalaka,S.C. de Tenerife,02/08/2022,25/10/2022,30/8/2022,82,910
329,330,0,0,0,1,1690,0,0,0,0,-,piano digital kurzweil x-pro up 88 teclas ,airbag2004,Madrid,23/07/2021,29/09/2022,30/8/2022,1252,812
330,331,0,0,0,1,150,0,0,0,0,-,box11 cabinet mas laterales ,FZappy,Barcelona,22/05/2022,26/09/2022,30/8/2022,416,602
331,332,0,0,0,1,60,0,0,0,0,-,behringer 121 dual vcf ,Wallace,La Rioja,23/06/2022,24/10/2022,30/8/2022,272,697
332,333,0,0,0,1,1400,0,0,0,0,-,kurzweil forte 88 teclas ,frascuelillo,Córdoba,08/01/2022,14/10/2022,30/8/2022,644,1285
333,334,0,0,0,1,180,0,0,0,0,-,ableton push - primera versión ,renderga,A Coruña,27/07/2022,25/09/2022,30/8/2022,265,840
334,335,0,0,0,1,240,0,0,0,0,-,studiologic numa compact 2 impecable sin uso ,Armando Ferrer,Madrid,24/08/2022,23/10/2022,30/8/2022,224,1352
335,336,0,0,0,1,100,0,0,0,0,-,teclado controlador midi cme xkey 25 silver + cme supernova para el transporte ,Barpe,Las Palmas,23/04/2021,28/10/2022,30/8/2022,858,490
336,337,0,0,0,1,199,0,0,0,0,-,antimatter audio crossfold ,Storm,Bizkaia,07/10/2021,22/09/2022,30/8/2022,519,533
337,338,0,0,0,1,195,0,0,0,0,-,twisted electrons cells ,moog1406,Girona,16/06/2021,25/09/2022,30/8/2022,364,637
338,339,0,0,0,1,1600,0,0,0,0,-,clavia nord electro 6d 73 ,Jacob,Madrid,09/08/2022,27/09/2022,30/8/2022,414,479
339,340,0,0,0,1,315,0,0,0,0,-,e-mu orbit v2 9090 ,Cobe,Madrid,04/07/2022,02/09/2022,30/8/2022,298,377
340,341,0,0,0,1,950,0,0,0,0,-,yamaha motif xs 6 ,jasynth,Madrid,16/12/2019,28/09/2022,30/8/2022,4705,769
341,342,0,0,0,1,265,0,0,0,0,-,teclado korg x3 ,Javi,Girona,03/04/2022,25/09/2022,30/8/2022,898,394
342,343,0,0,0,1,600,0,0,0,0,-,leslie 322 ,Ocean Clusters,Alicante,28/05/2022,21/09/2022,30/8/2022,728,1371
343,344,0,0,0,1,300,0,0,0,0,-,roland rs-5 ,Julio Prada,Madrid,23/08/2022,21/10/2022,30/8/2022,147,1035
344,345,0,0,0,1,2650,0,0,0,0,-,sequential prophet x ,raul,Cádiz,29/07/2022,28/09/2022,30/8/2022,486,436
345,346,0,0,0,1,390,0,0,0,0,-,roland kc 200 ,moog1406,Girona,22/04/2022,30/08/2022,30/8/2022,384,637
346,347,0,0,0,1,220,0,0,0,0,-,akai mpk61 ,Marc,Barcelona,04/07/2022,02/09/2022,30/8/2022,299,387
347,348,0,0,0,1,240,0,0,0,0,-,waldorf streichfett ,Hogart,Barcelona,16/08/2022,26/09/2022,30/8/2022,198,613
348,349,0,0,0,1,139,0,0,0,0,-,endorphin milky way ,moog1406,Girona,05/03/2021,20/09/2022,30/8/2022,591,637
349,350,0,0,0,1,53,0,0,0,0,-,doepfer a 116 vc waveform processor ,moog1406,Girona,31/03/2022,08/10/2022,30/8/2022,314,637
350,351,0,0,0,1,350,0,0,0,0,-,behringer odyssey envío incluido ,moogi,Cádiz,25/08/2022,28/09/2022,30/8/2022,303,539
351,352,0,0,0,1,300,0,0,0,0,-,kurzweill k2500 teclado ,drtikov,Baleares,28/08/2022,27/10/2022,30/8/2022,90,771
352,353,0,0,0,1,144,0,0,0,0,-,endorphin es total recall ,moog1406,Girona,20/01/2022,08/10/2022,30/8/2022,419,637
353,354,0,0,0,1,135,0,0,0,0,-,novation launchkey 37 mk3 ,Miguel Espinosa,Madrid,30/07/2022,28/09/2022,30/8/2022,224,1477
354,355,0,0,0,1,20,0,0,0,0,-,extras kurzweil k2000 ,herrhafen,Zaragoza,06/04/2022,15/09/2022,30/8/2022,1424,947
355,356,0,0,0,1,300,0,0,0,0,-,waldorf blofeld black edition ,Kevin Teucilide,Barcelona,10/02/2022,14/10/2022,30/8/2022,492,1461
356,357,0,0,0,1,110,0,0,0,0,-,teclado yamaha psr-e263 ,Juda$,Barcelona,03/10/2021,17/09/2022,30/8/2022,748,424
357,358,0,1,0,0,0,0,0,0,0,-,laterales de aluminio para roland system-8 ,mentemodular,Gipuzkoa,09/07/2022,07/09/2022,30/8/2022,178,1293
358,359,0,0,0,1,350,0,0,0,0,-,yamaha tx7 ,Syntetic,Alicante,30/08/2022,28/10/2022,30/8/2022,66,851
359,360,0,0,0,1,95,0,0,0,0,-,maleta flight-case - estuche para teclado ,Javi,Girona,02/08/2022,25/09/2022,30/8/2022,152,394
360,361,0,0,0,1,90,0,0,0,0,-,roland sc-33 ,Samsimo,Madrid,15/05/2022,25/09/2022,30/8/2022,587,729
361,362,0,0,0,1,4500,0,0,0,0,-,alesis andromeda a6 ,moog1406,Girona,13/07/2021,27/09/2022,30/8/2022,958,637
362,363,0,0,0,1,200,0,0,0,0,-,novation bass station rack ,alkalabp,Valencia,30/09/2021,22/09/2022,30/8/2022,1676,824
363,364,0,0,0,1,300,0,0,0,0,-,e-mu proteus 2000 ,alfer_1,Málaga,16/08/2022,18/10/2022,30/8/2022,252,666
364,365,0,0,0,1,1750,0,0,0,0,-,yamaha motif xf8 ,cursosdemusica,Madrid,30/07/2022,21/09/2022,30/8/2022,364,1514
365,366,0,0,0,1,149,0,0,0,0,-,error box adm03 ,moog1406,Girona,09/06/2021,04/09/2022,30/8/2022,421,637
366,367,0,0,1,0,0,0,0,0,0,-,ginkosynthese samplerslicer ,gorum,Tarragona,12/03/2022,28/09/2022,30/8/2022,496,554
367,368,0,0,0,1,55,0,0,0,0,-,casio vl-tone vl-1 ,eTorr,León,01/04/2021,17/09/2022,30/8/2022,1074,524
368,369,0,0,0,1,5300,0,0,0,0,-,hammond c3 1961 chop down portable ,windbass,Zaragoza,28/12/2018,10/09/2022,30/8/2022,4544,859
369,370,0,0,0,1,25,0,0,0,0,-,analog xperience para yamaha modx y montage ,bicho,Madrid,21/09/2019,10/09/2022,30/8/2022,2106,517
370,371,0,0,0,1,285,0,0,0,0,-,korg minilogue ,o_ak,Albacete,07/02/2022,03/10/2022,30/8/2022,1764,410
371,372,0,0,0,1,1050,0,0,0,0,-,virus ti 2 desktop ,dorremifasol,Barcelona,26/08/2022,29/09/2022,30/8/2022,198,1287
372,373,0,0,0,1,110,0,0,0,0,-,casio vl-5 vl1 poly con lector y funda ,ms10,Zaragoza,26/02/2022,29/09/2022,30/8/2022,1029,321
373,374,0,0,0,1,950,0,0,0,0,-,"korg ms-20 fs en negro versión montada, no la versión kit ",Ivan,Madrid,26/01/2022,17/10/2022,30/8/2022,446,398
374,375,0,0,0,1,1950,0,0,0,0,-,roland echo re501 ,angelmahon,Valencia,30/08/2022,29/10/2022,30/8/2022,94,1050
375,376,0,0,0,1,200,0,0,0,0,-,make noise wogglebug ,FZappy,Barcelona,16/08/2022,28/09/2022,30/8/2022,118,602
376,377,0,0,0,1,1200,0,0,0,0,-,teclado ketron audya 5 ,Juantxu,Bizkaia,23/08/2022,21/10/2022,30/8/2022,120,751
377,378,0,0,0,1,600,0,0,0,0,-,sintetizador nord lead virtual analógico ,Chari Martin,Tarragona,17/07/2022,13/09/2022,30/8/2022,467,1138
378,379,0,0,0,1,200,0,0,0,0,-,korg 01 wfd ,chinog,Madrid,16/08/2022,13/10/2022,30/8/2022,308,632
379,380,0,0,0,1,400,0,0,0,0,-,moog mother 32 ,edulo,Badajoz,01/05/2022,16/09/2022,30/8/2022,749,537
380,381,0,0,0,1,1260,0,0,0,0,-,korg polysix con midi ,Joanic,Baleares,16/08/2022,13/10/2022,30/8/2022,210,596
381,382,0,0,0,1,180,0,0,1,0,-,waldorf blofeld para ,Kascales,Albacete,05/07/2022,03/09/2022,30/8/2022,580,807
382,383,0,0,0,1,275,0,0,0,0,-,mochika x2 atomosynth ,dmfront,Sevilla,31/07/2022,19/09/2022,30/8/2022,382,762
383,384,0,0,0,1,360,0,0,0,0,-,modulos eurorack behringer ,joan cerezo,Barcelona,23/08/2022,28/09/2022,30/8/2022,242,1104
384,385,0,0,0,1,700,0,0,0,0,-,access matrix programmer ,cvsequencer,Barcelona,02/08/2022,28/09/2022,30/8/2022,387,1188
385,386,0,0,0,1,450,0,0,0,0,-,korg arp odyssey módulo rev 3 ,Replicante,Barcelona,02/07/2022,27/09/2022,30/8/2022,708,1031
386,387,0,0,0,1,3500,0,0,0,0,-,kawai sx240 ,Jack Jackjack,Barcelona,09/08/2022,10/10/2022,30/8/2022,252,1195
387,388,0,0,0,1,260,0,0,0,0,-,dreadbox hades ,tomiwilli,Madrid,17/01/2022,15/09/2022,30/8/2022,1248,986
388,389,0,0,0,1,300,0,0,0,0,-,korg microkorg xl ,pattyco,Valencia,09/08/2022,10/10/2022,30/8/2022,196,772
389,390,0,0,0,1,35,0,0,0,0,-,tascam 246 pinch roller ,NastyMemoryMan,Madrid,20/01/2020,06/09/2022,30/8/2022,921,1444
390,391,0,0,0,1,450,0,0,0,0,-,sintetizador yamaha sy22 ,conserice,Madrid,16/06/2022,27/10/2022,30/8/2022,282,955
391,392,0,0,0,1,200,0,0,0,0,-,"delptronics trigger man, ldb 2e, ldb 2x ",liradigital MRF,Madrid,13/07/2022,21/09/2022,30/8/2022,313,1419
392,393,0,1,0,0,0,0,0,0,0,-,e-mu orbit 3 ,CreativeStudio,Madrid,25/07/2022,14/09/2022,30/8/2022,206,1451
393,394,0,0,0,1,105,0,0,0,0,-,korg volca drum ,Ruido genérico,Baleares,05/07/2022,27/09/2022,30/8/2022,411,1523
394,395,0,0,0,1,500,0,0,0,0,-,moog vx-352 ,Chema Payero,Madrid,11/07/2021,01/09/2022,30/8/2022,1238,1134
395,396,0,0,0,1,40,0,0,0,0,-,cartucho rom yamaha dx7s ,int3rc0m,Madrid,27/02/2022,26/09/2022,30/8/2022,405,752
396,397,0,0,0,1,200,0,0,0,0,-,"acordeon stela 34 teclas-60 bajos, ",patumbao,Zaragoza,16/11/2020,27/10/2022,30/8/2022,639,857
397,398,0,0,0,1,329,0,0,0,0,-,modcan triple oscilator ,moog1406,Girona,11/06/2021,08/10/2022,30/8/2022,421,637
398,399,0,0,0,1,800,0,0,0,0,-,analogue solutions leipzig-s ,roy242,Valencia,23/08/2022,24/09/2022,30/8/2022,194,498
399,400,0,1,0,0,0,0,0,0,0,-,op-lab ,Musiqueur,Granada,04/07/2022,02/09/2022,30/8/2022,180,976
400,401,0,0,0,1,90,0,0,0,0,-,m audio keystation 61 mk3 ,zaboonpro,Barcelona,14/07/2022,18/09/2022,30/8/2022,324,986
401,402,0,0,0,1,485,0,0,0,0,-,roland d550 ,Syntetic,Alicante,30/08/2022,28/10/2022,30/8/2022,108,851
402,403,0,0,0,1,500,0,0,0,0,-,korg m3-m xpanded ,medivian,Murcia,17/12/2021,13/09/2022,30/8/2022,2092,845
403,404,0,0,0,1,59,0,0,0,0,-,yamaha vrc 102 wind instrument group ,moog1406,Girona,29/06/2021,26/09/2022,30/8/2022,294,637
404,405,0,0,0,1,100,0,0,0,0,-,secuenciador analógico befaco slicer v3 ,indienella,Asturias,22/02/2022,14/09/2022,30/8/2022,531,1045
405,406,0,0,0,1,190,0,0,0,0,-,mutable instruments plaits ,Carlos,Barcelona,16/08/2022,28/09/2022,30/8/2022,148,612
406,407,0,0,0,1,120,0,0,0,0,-,módulo de sonidos pianobox usb de miditech ,franpa,Alicante,11/05/2022,12/09/2022,30/8/2022,576,632
407,408,0,0,0,1,219,0,0,0,0,-,vermona qmi eurorack como nuevo ,Markkius,Madrid,08/07/2022,19/09/2022,30/8/2022,282,839
408,409,0,0,0,1,20,0,0,0,0,-,roland jx-3p - librería para ni kontakt y reason ,Zyon35,Córdoba,01/06/2022,18/09/2022,30/8/2022,173,536
409,410,0,0,0,1,1800,0,0,0,0,-,roland jd-800 impecable ,landstrung,Barcelona,18/02/2021,20/09/2022,30/8/2022,4313,1090
410,411,0,0,0,1,260,0,0,0,0,-,arturia microfreak ,Dance_work,Madrid,30/08/2022,28/10/2022,30/8/2022,76,1021
411,412,0,0,0,1,80,0,0,0,0,-,yamaha dx7 breath controler bc1 ,Synthaddict,Madrid,16/08/2022,26/09/2022,30/8/2022,285,1151
412,413,0,0,0,1,220,0,0,0,0,-,erica synths black output v2 ,Marco Luque,Madrid,07/06/2022,29/09/2022,30/8/2022,256,1054
413,414,0,1,0,0,0,0,0,0,0,-,arturia minibrute 2s ,ramoninchispas,Asturias,23/08/2022,25/09/2022,30/8/2022,76,1503
414,415,0,0,0,1,590,0,0,0,0,-,"frap tools usta, secuenciador eurorack ",rocket,Madrid,26/08/2022,28/09/2022,30/8/2022,120,648
415,416,0,1,1,0,0,0,0,0,0,-,"busco,compro o roland mc 505 groovebox para despiece ",nekhorek,Sevilla,13/04/2021,25/10/2022,30/8/2022,675,855
416,417,0,0,0,1,3750,0,0,0,0,-,roland superjupiter mks 80 + programmer mpg 80 en perfecto estado ,funfanatic,Barcelona,05/07/2022,03/09/2022,30/8/2022,572,1055
417,418,0,0,0,1,2250,0,0,0,0,-,roland juno 106 seminuevo ,angelmahon,Valencia,30/08/2022,29/10/2022,30/8/2022,120,1050
418,419,0,0,0,1,1450,0,0,0,0,-,roland fantom 07 ,sal,Girona,07/07/2022,05/09/2022,30/8/2022,800,320
419,420,0,0,0,1,345,0,0,0,0,-,nord micro modular ,tyrel,Madrid,23/03/2021,27/10/2022,30/8/2022,890,560
420,421,0,0,0,1,189,0,0,0,0,-,flight case gator ,moog1406,Girona,05/04/2022,08/10/2022,30/8/2022,458,637
421,422,0,0,0,1,1500,0,0,0,0,-,hammond xk3c ,musicmano,Barcelona,17/01/2022,22/09/2022,30/8/2022,1561,972
422,423,0,0,0,1,400,0,0,0,0,-,korg 01w fd ,SINTEXIA,Córdoba,19/07/2022,17/09/2022,30/8/2022,284,613
423,424,0,0,0,1,1430,0,0,0,0,-,arturia matrix brute ,EstebanFM,Granada,27/02/2022,27/09/2022,30/8/2022,918,853
424,425,0,0,0,1,200,0,0,0,0,-,befaco hex mix vca ,Victor R,La Rioja,27/02/2022,18/10/2022,30/8/2022,80,745
425,426,0,1,0,0,0,0,0,0,0,-,"arturia minilab mk2 edición limitada ""deep black"" ",Maniac Broil,Barcelona,16/08/2022,18/10/2022,30/8/2022,86,1121
426,427,0,0,0,1,500,0,0,0,0,-,sintetizador yamaha mo6 ,Edaurdo,Madrid,28/06/2021,29/09/2022,30/8/2022,582,708
427,428,0,0,0,1,104,0,0,0,0,-,doepfer a 110 1 vco ,moog1406,Girona,22/02/2022,25/09/2022,30/8/2022,411,637
428,429,0,0,0,1,200,0,0,0,0,-,rebajado - mutable instruments clouds original ,Pablo,Madrid,04/05/2022,29/09/2022,30/8/2022,1293,494
429,430,0,0,0,1,125,0,0,0,0,-,korg p3 piano module ,Samsimo,Madrid,20/03/2021,16/09/2022,30/8/2022,2086,729
430,431,0,0,0,1,800,0,0,0,0,-,moog slim phatty ,anthuantheriver,Ávila,23/08/2022,26/09/2022,30/8/2022,182,1624
431,432,0,0,0,1,220,0,0,0,0,-,befaco muxlicer + mex modulos ,Sergi,Alicante,19/07/2022,18/09/2022,30/8/2022,248,506
432,433,0,0,0,1,550,0,0,0,0,-,se vende king korg ,exquisito,Granada,26/07/2022,30/08/2022,30/8/2022,434,1003
433,434,0,0,0,1,1469,0,0,0,0,-,arturia matrixbrute ,moog1406,Girona,10/03/2022,23/09/2022,30/8/2022,596,637
434,435,0,1,0,0,0,0,0,0,0,-,korg lambda ,Súper-Bebé,Granada,09/08/2022,27/09/2022,30/8/2022,138,1203
435,436,0,0,1,0,0,0,0,0,0,-,korg microkorg ,rogaes,Granada,25/05/2022,27/09/2022,30/8/2022,520,641
436,437,0,0,0,1,1679,0,0,0,0,-,waldorf m sintetizador wavetable ,Storm,Bizkaia,24/12/2021,28/09/2022,30/8/2022,1434,533
437,438,0,0,0,1,700,0,0,0,0,-,korg karma full expanded ,bluewave,Barcelona,10/05/2022,17/09/2022,30/8/2022,748,859
438,439,0,0,1,0,500,0,0,0,0,-,yamaha dx7s ,impact,Barcelona,14/07/2022,12/09/2022,30/8/2022,480,638
439,440,0,0,0,1,225,0,0,0,0,-,akai advance 49 ,KikeAOR,Alicante,22/05/2021,27/09/2022,30/8/2022,1714,614
440,441,0,0,0,1,1150,0,0,0,0,-,piano de escenario - teclado master dexibell vivo s7 pro ,gutig,La Rioja,22/05/2021,26/09/2022,30/8/2022,394,544
441,442,0,0,0,1,1,0,0,0,0,-,novation 25 sl mk2 custom moog ,pattyco,Valencia,09/08/2022,10/10/2022,30/8/2022,344,772
442,443,0,0,0,1,50,0,0,0,0,-,funda yamaha mox6 ,KFK101,Valladolid,23/08/2022,22/10/2022,30/8/2022,100,366
443,444,0,0,0,1,800,0,0,0,0,-,ni maschine plus + expansiones + decksaver ,cvsequencer,Barcelona,09/08/2022,28/09/2022,30/8/2022,342,1188
444,445,0,0,0,1,110,0,0,0,0,-,"step fader is a dual sequencer, here is a cv basic offset ",instaljomar,Barcelona,05/07/2022,27/09/2022,30/8/2022,681,1188
445,446,0,0,0,1,12,0,0,0,0,-,"yamaha cp70 pianos para yamaha motif xf, moxf, montage y modx ",bicho,Madrid,13/08/2018,10/09/2022,30/8/2022,3382,517
446,447,0,0,0,1,500,0,0,0,0,-,motif-rack xs ,zorruno,Granada,27/08/2022,26/10/2022,30/8/2022,177,799
447,448,0,0,0,1,300,0,0,0,0,-,dreadbox nyx ,Dani de Ourense,Lugo,24/05/2022,05/09/2022,30/8/2022,719,1382
448,449,0,1,0,0,0,0,0,0,0,-,sensel morph ,Sergi,Alicante,27/07/2022,25/09/2022,30/8/2022,150,506
449,450,0,0,0,1,40,0,0,0,0,-,faltar studio 880 sl ,tripiano,Bizkaia,09/08/2022,10/10/2022,30/8/2022,288,870
450,451,0,0,0,1,699,0,0,0,0,-,sintetizador monofónico korg ms-10 de los 70`s ,mayortom,Madrid,02/01/2022,04/09/2022,30/8/2022,1778,888
451,452,0,0,0,1,120,0,0,0,0,-,electrofaustus blackfly + mooer reecho ,mesmer_son,Barcelona,21/07/2022,19/09/2022,30/8/2022,322,1080
452,453,0,0,0,1,550,0,0,0,0,-,korg karma ,bulichan,Alicante,09/06/2021,27/09/2022,30/8/2022,3103,838
453,454,0,1,0,0,0,0,0,0,0,-,moog moogerfooger control processor cp-251 ,marc-caster,Valencia,15/05/2022,28/09/2022,30/8/2022,164,1106
454,455,0,0,0,1,90,0,0,0,0,-,korg volca keys ,fartman,Barcelona,02/03/2022,31/08/2022,30/8/2022,1102,745
455,456,0,1,0,0,0,0,0,0,0,-,kurzweil k2600 76 teclas ,japovaz,Ourense,29/06/2022,09/09/2022,30/8/2022,378,763
456,457,0,0,0,1,150,0,0,0,0,-,proyecto eurorack inacabado 6u 84hp ,SaZZ,Toledo,19/07/2022,17/09/2022,30/8/2022,334,360
457,458,0,0,0,1,450,0,0,0,0,-,kurzweil pc1x ,thunderage,Málaga,30/08/2022,28/10/2022,30/8/2022,78,1063
458,459,0,0,0,1,6000,0,0,0,0,-,hammond a100 con leslie 760 ,windbass,Zaragoza,03/11/2020,21/09/2022,30/8/2022,4202,859
459,460,0,0,0,1,90,0,0,0,0,-,casio hz-600 sd synthesizer ,superjx,Barcelona,14/07/2022,31/08/2022,30/8/2022,447,785
460,461,0,0,0,1,885,0,0,0,0,-,akai mpc live 2 ,Bombyx Blow,A Coruña,14/07/2022,20/10/2022,30/8/2022,172,1061
461,462,0,0,0,1,150,0,0,0,0,-,casio ct6000 rebaja ,moogi,Cádiz,28/04/2022,28/09/2022,30/8/2022,1042,539
462,463,0,0,0,1,1390,0,0,0,0,-,filtro estereo eurorack cwejman dmf-2 ,tyrel,Madrid,16/03/2022,27/10/2022,30/8/2022,554,560
463,464,0,0,0,1,3100,0,0,0,0,-,waldorf quantum ,minahonda,Madrid,18/12/2021,25/09/2022,30/8/2022,3723,943
464,465,0,0,0,1,600,0,0,0,0,-,roland tr-727 ,paugui,Sevilla,02/05/2021,12/09/2022,30/8/2022,2065,651
465,466,0,0,0,1,20,0,0,0,0,-,soporte teclados sintetizadores k&m spider pro accesorio ipad ,StalVs,Alicante,22/11/2021,01/09/2022,30/8/2022,854,605
466,467,0,0,0,1,190,0,0,0,0,-,midi fighter 3d ,yaini,Ciudad Real,18/08/2021,03/09/2022,30/8/2022,799,538
467,468,0,0,0,1,900,0,0,0,0,-,elektron analog keys ,alcachofazul,Madrid,29/07/2022,25/09/2022,30/8/2022,303,1261
468,469,0,0,0,1,45,0,0,0,0,-,arturia microlab ,pauloski,Gipuzkoa,23/06/2022,18/09/2022,30/8/2022,271,872
469,470,0,0,0,1,750,0,0,0,0,-,roland mc707 ,Socri,Sevilla,27/08/2022,26/10/2022,30/8/2022,84,512
470,471,0,0,0,1,950,0,0,0,0,-,órgano korg cx-3 + flightcase a medida ,ssiibert,Madrid,03/04/2022,14/10/2022,30/8/2022,666,869
471,472,0,0,1,0,500,0,0,0,0,-,perceptron atomo synth semimodular tambien ,bioroide,Madrid,21/09/2020,26/09/2022,30/8/2022,3951,845
472,473,0,0,0,1,339,0,0,0,0,-,ik multimedia uno synth pro desktop + accesorios ,moog1406,Girona,18/05/2022,15/09/2022,30/8/2022,460,637
473,474,0,0,0,1,200,0,0,0,0,-,roland a6 ,cvsequencer,Barcelona,02/08/2022,28/09/2022,30/8/2022,518,1188
474,475,0,0,0,1,2200,0,0,0,0,-,korg pa4x 61 ,Ismael,Navarra,28/07/2022,26/09/2022,30/8/2022,320,603
475,476,0,0,0,1,20,0,0,0,0,-,diskette sonidos para el sampler korg dsm1 ,polypodium,Madrid,07/07/2022,21/09/2022,30/8/2022,192,1106
476,477,0,0,0,1,60,0,0,0,0,-,roland pn gr 50 01 ,moog1406,Girona,23/03/2022,25/09/2022,30/8/2022,404,637
477,478,0,0,0,1,22,0,0,0,0,-,sonidos roland jupiter x xm series y zenology pro software ,JM72,Pontevedra,15/07/2022,26/09/2022,30/8/2022,383,256
478,479,0,0,0,1,2300,0,0,0,0,-,nord stage 2 ha 88 ,Spectro,Palencia,13/03/2021,27/09/2022,30/8/2022,3042,736
479,480,0,0,0,1,1,0,0,0,0,-,basimilus iteritas alter + entity ultra kick ,muzik,Málaga,28/08/2022,27/10/2022,30/8/2022,94,560
480,481,0,0,0,1,540,0,0,0,0,-,"instruo arbhar, síntesis granular módulo eurorack ",rocket,Madrid,26/08/2022,28/09/2022,30/8/2022,108,648
481,482,0,0,0,1,950,0,0,0,0,-,roland fa 08 ,jesuskorgm3,Valencia,23/08/2022,25/09/2022,30/8/2022,192,1149
482,483,0,0,0,1,389,0,0,0,0,-,tip top audio circadian rhythm ,moog1406,Girona,01/06/2022,04/10/2022,30/8/2022,284,637
483,484,0,0,0,1,220,0,0,0,0,-,módulos mutant hihats & mutant bassdrum ,Borsek,Navarra,21/02/2021,20/09/2022,30/8/2022,847,614
484,485,0,0,0,1,349,0,0,0,0,-,doepfer a100lc9 ,moog1406,Girona,17/09/2021,18/09/2022,30/8/2022,522,637
485,486,0,0,0,1,570,0,0,0,0,-,grand piano yamaha dgx 650 ,letsrockit,Barcelona,08/12/2021,27/09/2022,30/8/2022,949,1092
486,487,0,0,0,1,49,0,0,0,0,-,stand digitakt + digitone ultima unidad env incl ,PETZOO,Cádiz,11/06/2019,28/09/2022,30/8/2022,3972,481
487,488,0,0,0,1,150,0,0,0,0,-,kenton pro dcb para roland juno 60 y algunos jupiter 8 ,jesusj,Araba,26/05/2022,25/10/2022,30/8/2022,288,660
488,489,0,0,0,1,235,0,0,0,0,-,befaco rampage ,moog1406,Girona,01/10/2021,25/09/2022,30/8/2022,435,637
489,490,0,0,0,1,4,0,0,0,0,-,módulos eurorack + cables y accesorios ,Jorans,Asturias,09/05/2022,25/09/2022,30/8/2022,1515,621
490,491,0,0,0,1,479,0,0,0,0,-,komplete mkii s49 ,Kristel Manrique sigal,Alicante,29/05/2022,09/10/2022,30/8/2022,319,2160
491,492,0,0,0,1,199,0,0,0,0,-,keytar inalámbrico alesis ,Elena,Cuenca,14/07/2022,12/09/2022,30/8/2022,238,485
492,493,0,0,0,1,295,0,0,0,0,-,yamaha dx9 ,moog1406,Girona,15/03/2022,22/09/2022,30/8/2022,935,637
493,494,0,0,0,1,20,0,0,0,0,-,cassette datos para korg dw6000 ,polypodium,Madrid,07/07/2022,18/09/2022,30/8/2022,194,1106
494,495,0,0,0,1,540,0,0,0,0,-,digitone impecable ,jdcoopers,Sevilla,08/06/2022,30/09/2022,30/8/2022,595,969
495,496,0,0,0,1,80,0,0,0,0,-,eurorack make noise rasie ,siropene,Madrid,23/08/2022,28/09/2022,30/8/2022,124,869
496,497,0,0,0,1,300,0,0,0,0,-,4ms stereo triggered sampler ,Xavi,Barcelona,09/08/2022,09/10/2022,30/8/2022,112,408
497,498,0,0,0,1,300,0,0,0,0,-,novation ultranova ,Albin Nox,Granada,23/08/2022,22/10/2022,30/8/2022,187,827
498,499,0,0,1,0,0,0,0,0,0,-,akai x7000 floppy usb & librería ,elprofesordedanza,Tarragona,23/08/2022,28/09/2022,30/8/2022,194,1816
499,500,0,0,0,1,1050,0,0,0,0,-,modulo sintetizador prophet 08 david smith ,luca7,Madrid,09/08/2022,09/10/2022,30/8/2022,340,476
500,501,0,0,0,1,330,0,0,0,0,-,tg 500 yamaha ,gato737,Barcelona,21/07/2022,28/09/2022,30/8/2022,422,588
501,502,0,0,0,1,1300,0,0,0,0,-,nord rack 3 - nord lead 3 en rack ,Syntetic,Alicante,30/08/2022,28/10/2022,30/8/2022,78,851
502,503,0,0,0,1,12000,0,0,0,0,-,moog system 15 ,qbueno,Barcelona,03/10/2020,25/09/2022,30/8/2022,5700,650
503,504,0,0,0,1,98,0,0,0,0,-,korg volca kick ,yosualogan,Cantabria,15/06/2022,26/09/2022,30/8/2022,308,1090
504,505,0,0,0,1,495,0,0,0,0,-,waldorf microwave ii rack ,Eme,Sevilla,10/06/2022,27/09/2022,30/8/2022,566,279
505,506,0,0,0,1,5500,0,0,0,0,-,piano rhodes 88 mark ii eighty eight suitcase ,logan3,Madrid,19/01/2022,22/09/2022,30/8/2022,1710,580
506,507,0,0,0,1,1550,0,0,0,0,-,roland júpiter 80 + flight case a medida ,xfeten,Toledo,26/11/2020,22/10/2022,30/8/2022,2034,650
507,508,0,0,0,1,90,0,0,0,0,-,colección volca casi completa + extras ,dundunda,Lugo,24/06/2021,27/09/2022,30/8/2022,2881,851
508,509,0,0,0,1,90,0,0,0,0,-,kawai card ram dc 16 ,moog1406,Girona,26/05/2021,26/09/2022,30/8/2022,402,637
509,510,0,0,0,1,75,0,0,0,0,-,bheringer umx 61 ,40db,Valencia,04/03/2021,17/10/2022,30/8/2022,1102,298
510,511,0,0,0,1,350,0,0,0,0,-,yamaha tx-7 ,selimorgan,Valencia,16/08/2022,28/09/2022,30/8/2022,332,1073
511,512,0,0,0,1,375,0,0,0,0,-,roland fantom xr ,H-B,Zaragoza,11/06/2022,13/09/2022,30/8/2022,426,183
512,513,0,0,0,1,779,0,0,0,0,-,roland mc 707 ,moog1406,Girona,17/02/2022,23/09/2022,30/8/2022,754,637
513,514,0,0,0,1,85,0,0,0,0,-,roland pn d50 02 ,moog1406,Girona,26/05/2021,09/10/2022,30/8/2022,460,637
514,515,0,0,0,1,190,0,0,0,0,-,arturia beatstep pro ,Oxbown,Pontevedra,09/08/2022,10/10/2022,30/8/2022,98,637
515,516,0,0,0,1,200,0,0,0,0,-,behringer model d ,joan cerezo,Barcelona,23/08/2022,28/09/2022,30/8/2022,272,1104
516,517,0,0,0,1,250,0,0,0,0,-,korg microsampler ,freakerrante,Barcelona,04/04/2021,25/09/2022,30/8/2022,1111,1274
517,518,0,0,0,1,1900,0,0,0,0,-,arturia polybrute ,Socri,Sevilla,30/08/2022,28/10/2022,30/8/2022,74,512
518,519,0,0,0,1,179,0,0,0,0,-,procesador de efectos yamaha emp-100 para guitarra bajo voces y teclados ,Francisco Rivera,Zaragoza,20/01/2022,24/09/2022,30/8/2022,894,1569
519,520,0,0,0,1,1350,0,0,0,0,-,korg ms-20 ,moog1406,Girona,23/06/2021,08/10/2022,30/8/2022,995,637
520,521,0,0,0,1,180,0,0,0,0,-,alm001 pamelas workout ,siropene,Madrid,09/08/2022,28/09/2022,30/8/2022,184,869
521,522,0,0,0,1,80,0,0,0,0,-,akai pro mpd 32 ,Marc,Barcelona,04/07/2022,02/09/2022,30/8/2022,272,387
522,523,0,0,0,1,860,0,0,0,0,-,yamaha moxf8 ,Andoni,Navarra,09/08/2022,05/10/2022,30/8/2022,288,601
523,524,0,0,0,1,550,0,0,0,0,-,quasimidi sirius ,abstrack,Valencia,26/04/2022,19/10/2022,30/8/2022,741,843
524,525,0,0,0,1,300,0,0,0,0,-,teclado controlador ni komplete kontrol mk3 49 ,Cristóbal Patrick Ruiz,Valencia,10/07/2022,08/09/2022,30/8/2022,378,2271
525,526,0,0,0,1,280,0,0,0,0,-,teclado elka omb5 caja de ritmos+acompañamiento automático drumstar80 ,gpiccolini,Madrid,23/08/2022,26/09/2022,30/8/2022,300,1057
526,527,1,0,0,1,35,0,0,0,0,-,korg m3 - librería para ni kontakt y reason ,Zyon35,Córdoba,01/06/2022,18/09/2022,30/8/2022,274,536
527,528,0,0,0,1,550,0,0,0,0,-,access virus snow ,frodobolson007,Madrid,13/07/2022,11/09/2022,30/8/2022,768,1342
528,529,0,0,0,1,75,0,0,0,0,-,yamaha rx-17 caja de ritmos desktop digital posterior a rx11 rx15 ,StalVs,Alicante,18/07/2022,01/09/2022,30/8/2022,430,605
529,530,0,0,0,1,125,0,0,0,0,-,motu midi timepiece ii ,Francisco Rivera,Zaragoza,08/03/2022,24/09/2022,30/8/2022,1105,1569
530,531,0,1,1,0,0,0,0,0,0,-,e-mu orbit v3 ,Sonitec,Valencia,16/08/2022,14/10/2022,30/8/2022,120,725
531,532,0,0,0,1,430,0,0,0,0,-,eloquencer eurorack ,insula,Madrid,29/06/2022,11/09/2022,30/8/2022,454,652
532,533,0,0,0,1,550,0,0,0,0,-,akai mpk 88 ,Kristel Manrique sigal,Alicante,31/05/2022,09/10/2022,30/8/2022,362,2160
533,534,0,0,0,1,20,0,0,0,0,-,cassette datos para korg poly800-ii ,polypodium,Madrid,07/07/2022,26/09/2022,30/8/2022,192,1106
534,535,0,0,0,1,4500,0,0,0,0,-,sintetizador roland jupiter-4 compuphonic ,Alexandra Bertomeu Tomas,Castellón,09/07/2022,07/09/2022,30/8/2022,522,2327
535,536,0,0,0,1,75,0,0,0,0,-,placa sampler smp-r para kurzweil k2000r ,Maniac Broil,Barcelona,26/05/2021,28/09/2022,30/8/2022,2076,1121
536,537,0,0,0,1,2900,0,0,0,0,-,ob-06 con sonidos de pago ,minahonda,Madrid,28/07/2022,25/09/2022,30/8/2022,588,943
537,538,0,0,0,1,700,0,0,0,0,-,emu e4x turbo - hollywood gold limited edition ,Syntetic,Alicante,30/08/2022,28/10/2022,30/8/2022,102,851
538,539,0,0,0,1,60,0,0,0,0,-,icon ikeyboard 5x - teclado midi ,santibcn,Barcelona,10/04/2022,07/10/2022,30/8/2022,520,850
539,540,0,0,1,0,0,0,0,0,0,-,korg r3 y roland ju06a ,radiactivo,Barcelona,23/08/2022,28/09/2022,30/8/2022,236,1062
540,541,0,0,1,0,150,0,0,0,0,-,"case eurorack ""ikocase"" x case más pequeño ",Øliveira,Pontevedra,25/08/2022,24/10/2022,30/8/2022,198,964
541,542,0,0,0,1,90,0,0,0,0,-,dreadbox hysteria ,EstebanFM,Granada,14/02/2022,27/09/2022,30/8/2022,480,853
542,543,0,0,0,1,400,0,0,0,0,-,secuenciador analogue systems rs-200 y quantiser rs-260 ,dorremifasol,Barcelona,25/07/2020,29/09/2022,30/8/2022,1638,1287
543,544,0,0,0,1,460,0,0,0,0,-,alesis ion ,sanwiche,Alicante,16/08/2022,24/09/2022,30/8/2022,234,850
544,545,0,0,0,1,500,0,0,0,0,-,star instruments synare 3 ,Joanic,Baleares,16/08/2022,13/10/2022,30/8/2022,136,596
545,546,0,0,0,1,100,0,0,0,0,-,yamaha psr-f51 ,Mar,Asturias,31/07/2022,29/09/2022,30/8/2022,305,288
546,547,0,0,0,1,900,0,0,0,0,-,korg polysix ,twistarella,Barcelona,15/07/2022,13/09/2022,30/8/2022,560,1196
547,548,0,0,0,1,90,0,0,0,0,-,korg volca fm ,kagechu,Barcelona,26/08/2022,25/10/2022,30/8/2022,82,728
548,549,0,0,0,1,100,0,0,0,0,-,noise engeneering viol ruina ,Carlos,Barcelona,16/08/2022,28/09/2022,30/8/2022,114,612
549,550,0,0,0,1,95,0,0,0,0,-,befaco joystick ,sonicstage,Girona,23/08/2022,27/09/2022,30/8/2022,92,1072
550,551,0,0,0,1,4250,0,0,0,0,-,korg trident mk i ,Moogchild Synthdrome,Madrid,20/04/2022,18/09/2022,30/8/2022,918,2019
551,552,0,0,0,1,110,0,0,0,0,-,maleta sintetizador 61 ,jose,Murcia,28/05/2022,25/09/2022,30/8/2022,329,433
552,553,0,0,0,1,100,0,0,0,0,-,cacharros varios ,roy242,Valencia,16/08/2022,28/09/2022,30/8/2022,1058,498
553,554,0,0,0,1,250,0,0,0,0,-,novation circuit rythm ,s_C_e,Barcelona,24/08/2022,23/10/2022,30/8/2022,114,473
554,555,0,0,1,0,0,0,0,0,0,-,noise engineering basimilus iteritas ,Replicante,Barcelona,04/12/2021,27/09/2022,30/8/2022,1363,1031
555,556,0,0,0,1,135,0,0,0,0,-,rebel technology chronos mkii ,moog1406,Girona,28/02/2022,05/09/2022,30/8/2022,414,637
556,557,0,0,0,1,100,0,0,0,0,-,hardcase con ruedas para teclado de 76 teclas ,Elver Galarga,Lugo,05/01/2022,21/09/2022,30/8/2022,593,1229
557,558,0,0,0,1,5100,0,0,0,0,-,roland jupiter 4 ,qbueno,Barcelona,22/01/2022,24/09/2022,30/8/2022,3007,650
558,559,0,1,0,0,0,0,0,0,0,-,tarjeta korg wavestation wsc-3s synth & time slice ,mentemodular,Gipuzkoa,11/10/2020,07/09/2022,30/8/2022,715,1293
559,560,0,0,0,1,2300,0,0,0,0,-,arturia origin ,abstrack,Valencia,10/05/2021,19/10/2022,30/8/2022,1996,843
560,561,0,0,0,1,10,0,0,0,0,-,funda cubrepolvo a la medida para moog prodigy ,grizzvolga,Madrid,17/07/2022,26/09/2022,30/8/2022,320,1103
561,562,0,0,0,1,250,0,0,0,0,-,sintetizador novation mininova ,luigi88,Madrid,30/08/2022,28/10/2022,30/8/2022,50,650
562,563,0,0,0,1,1750,0,0,0,0,-,sequential circuits pro-one ,Cobe,Madrid,04/07/2022,02/09/2022,30/8/2022,450,377
563,564,0,0,0,1,320,0,0,0,0,-,behringer ms 1 ,Alinter,Cádiz,09/07/2022,09/09/2022,30/8/2022,845,719
564,565,0,0,0,1,1500,0,0,0,0,-,yamaha sk20 string machine ,logan3,Madrid,23/12/2021,25/09/2022,30/8/2022,1666,580
565,566,0,0,0,1,400,0,0,0,0,-,uno synth pro ,ARPEGGIATORNIK,Granada,07/11/2021,27/09/2022,30/8/2022,1144,1047
566,567,0,0,0,1,675,0,0,0,0,-,nord lead 2x ,Aguilar242,Navarra,09/08/2022,29/09/2022,30/8/2022,392,861
567,568,0,0,0,1,1890,0,0,0,0,-,mini korg 700 fs tambien cambios ,moog1406,Girona,11/05/2022,22/09/2022,30/8/2022,684,637
568,569,0,0,0,1,375,0,0,0,0,-,casiotone 701 ,moog1406,Girona,22/10/2021,27/09/2022,30/8/2022,1027,637
569,570,0,0,0,1,115,0,0,0,0,-,clon de mutable instruments frames ,moogi,Cádiz,22/07/2022,28/09/2022,30/8/2022,288,539
570,571,0,0,0,1,300,0,0,0,0,-,piano electrico vertical thomann dp- 51 ,Felix,Barcelona,13/07/2022,11/09/2022,30/8/2022,240,504
571,572,0,0,0,1,410,0,0,0,0,-,eloquencer winter modular ,dce,Sevilla,02/08/2022,03/10/2022,30/8/2022,212,300
572,573,0,0,0,1,111111,0,0,0,0,-,material a la venta en moogchild synthdrome ,Moogchild Synthdrome,Madrid,18/03/2021,18/09/2022,30/8/2022,20038,2019
573,574,0,0,0,1,1100,0,0,0,0,-,piano nord clavia stage rev c 88 teclas ,jordipares3,Girona,16/08/2022,21/09/2022,30/8/2022,354,1126
574,575,0,0,0,1,180,0,0,0,0,-,arturia drumbrute impact + decksaver ,Tangential,León,11/07/2022,09/09/2022,30/8/2022,231,1031
575,576,0,0,0,1,40,0,0,0,0,-,teclado midi 61 teclas ,Tellie,Murcia,27/07/2022,25/09/2022,30/8/2022,196,607
576,577,0,0,0,1,140,0,0,0,0,-,4ms row power ,gorum,Tarragona,12/03/2022,28/09/2022,30/8/2022,457,554
577,578,0,0,0,1,80,0,0,0,0,-,audiothingies ced tuner afinador eurorack ,insula,Madrid,29/06/2022,11/09/2022,30/8/2022,292,652
578,579,0,0,0,1,600,0,0,0,0,-,yamaha ex5 ,molossus,Cádiz,18/04/2022,03/10/2022,30/8/2022,635,901
579,580,0,0,0,1,500,0,0,0,0,-,yamaha mo6 ,Luis,Madrid,23/08/2022,20/10/2022,30/8/2022,166,413
580,581,0,0,0,1,330,0,0,0,0,-,keylab 49 mk2 negro ,minahonda,Madrid,08/01/2022,28/09/2022,30/8/2022,1078,943
581,582,0,0,0,1,320,0,0,0,0,-,yamaha rm1x ,Álvaro,Sevilla,28/08/2022,27/10/2022,30/8/2022,80,741
582,583,0,0,0,1,50,0,0,0,0,-,korg pa2x - pa 3x tarjeta ram 128mb - manual de operario korg pa2x ,SINTEXIA,Córdoba,19/07/2022,17/09/2022,30/8/2022,180,613
583,584,0,0,0,1,825,0,0,0,0,-,leslie 760 n autónomo ,windbass,Zaragoza,16/06/2020,24/09/2022,30/8/2022,1881,859
584,585,0,0,0,1,59,0,0,0,0,-,yamaha vrc 106 data rom ,moog1406,Girona,30/06/2021,26/09/2022,30/8/2022,340,637
585,586,0,0,0,1,100,0,0,0,0,-,korg volca modular ,Caradusanto,Málaga,25/07/2022,23/09/2022,30/8/2022,204,1141
586,587,0,0,0,1,1969,0,0,0,0,-,korg minikorg 700 fs - nuevo ,moog1406,Girona,27/05/2022,15/09/2022,30/8/2022,508,637
587,588,0,0,0,1,15,0,0,0,0,-,thomann keyboard bag 6 ,uprefer,Barcelona,21/11/2021,25/09/2022,30/8/2022,958,761
588,589,0,0,0,1,800,0,0,0,0,-,kawai vpc1 ,JAVI7571,Sevilla,01/06/2022,14/10/2022,30/8/2022,461,510
589,590,0,0,0,1,280,0,0,0,0,-,yamaha kx-8 ,DrTek,Barcelona,25/04/2022,13/09/2022,30/8/2022,1809,474
590,591,0,0,0,1,145,0,0,0,0,-,2 buses y fuente para modular la caja sale gratis ,gatovertical,Barcelona,09/02/2019,09/09/2022,30/8/2022,4512,1285
591,592,0,0,0,1,480,0,0,0,0,-,electribe esx-1 sd ,FukThor,Toledo,16/08/2022,18/10/2022,30/8/2022,106,707
592,593,0,0,0,1,900,0,0,0,0,-,op-1 2021 segunda generación ,Daniel B García,Murcia,20/07/2022,18/09/2022,30/8/2022,282,1434
593,594,1,0,0,1,600,0,0,0,0,-,korg cx3 70's hammond ,BuenMambo,Madrid,31/07/2022,28/09/2022,30/8/2022,488,886
594,595,0,0,0,1,25,0,0,0,0,-,akai lpd 8 ,emilguitar,Badajoz,23/07/2022,21/09/2022,30/8/2022,202,1075
595,596,0,0,0,1,255,0,0,0,0,-,mutable instruments clouds ,Jabas,Araba,06/08/2021,25/09/2022,30/8/2022,1271,481
596,597,0,1,0,0,0,0,0,0,0,-,"sintetizadores antiguos averiados, no importa el estado ",Moogchild Synthdrome,Madrid,07/10/2019,18/09/2022,30/8/2022,2416,2019
597,598,0,0,0,1,850,0,0,0,0,-,clavia nord lead a1 ,solotronik,Málaga,20/11/2021,23/09/2022,30/8/2022,3677,1108
598,599,0,0,0,1,349,0,0,0,0,-,novation drum station v2 ,moog1406,Girona,01/02/2022,17/10/2022,30/8/2022,854,637
599,600,0,0,0,1,90,0,0,0,0,-,doepfer a-199 spring reverb vintage edition ,selimorgan,Valencia,29/07/2022,27/09/2022,30/8/2022,318,1073
600,601,0,0,0,1,225,0,0,0,0,-,arturia keylab essential 61 black ,yoquese,Madrid,17/10/2021,26/09/2022,30/8/2022,1159,779
601,602,0,0,0,1,165,0,0,0,0,-,roland t-8 aira compact beat machine ,Ana Graciela,Alicante,09/08/2022,07/10/2022,30/8/2022,318,1096
602,603,0,0,0,1,470,0,0,0,0,-,erica synths zen delay ,David,Madrid,30/07/2022,09/09/2022,30/8/2022,298,488
603,604,0,0,0,1,700,0,0,0,0,-,piano digital kawai ca-91 ,VivianGirl,Barcelona,28/08/2022,27/10/2022,30/8/2022,85,1019
604,605,0,0,0,1,550,0,0,0,0,-,piano digital kawai cn25 ,Rosa,Alicante,16/08/2022,13/10/2022,30/8/2022,180,405
605,606,0,0,0,1,0,0,0,0,0,-,todos mis módulos eurorack ,Dinius,Málaga,13/11/2021,20/10/2022,30/8/2022,5913,620
606,607,0,0,0,1,95,0,0,0,0,-,doepfer a-156 vintage edition ,moog1406,Girona,10/05/2022,25/09/2022,30/8/2022,390,637
607,608,0,0,0,1,980,0,0,0,0,-,roland jupiter xm ,Vjsj,Tarragona,31/12/2020,23/09/2022,30/8/2022,4287,413
608,609,0,0,0,1,245,0,0,0,0,-,módulo u-he cvilazation ,Sergi,Alicante,19/07/2022,18/09/2022,30/8/2022,326,506
609,610,0,0,0,1,150,0,0,0,0,-,korg 05r w – módulo sintetizador ,alcachofazul,Madrid,29/07/2022,25/09/2022,30/8/2022,372,1261
610,611,0,1,0,0,0,0,0,0,0,-,tarjeta roland sr-jv80-15 ,cchhuuss,Barcelona,16/08/2022,13/10/2022,30/8/2022,78,870
611,612,0,0,0,1,12,0,0,0,0,-,"phat analog iii para yamaha motif xs, motif xf, moxf, montage y modx ",bicho,Madrid,13/01/2020,10/09/2022,30/8/2022,1160,517
612,613,0,0,0,1,220,0,0,0,0,-,yamaha sy 55 ,impact,Barcelona,14/07/2022,12/09/2022,30/8/2022,401,638
613,614,0,0,0,1,200,0,0,0,0,-,roland r8 caja de ritmos ,moog1406,Girona,08/06/2022,22/09/2022,30/8/2022,576,637
614,615,0,0,0,1,110,0,0,0,0,-,behringer 960 sequential controller ,moogi,Cádiz,22/07/2022,28/09/2022,30/8/2022,697,539
615,616,0,0,0,1,1600,0,0,0,0,-,arturia origin desktop en perfecto estado ,styl_brother,Lleida,04/08/2021,02/09/2022,30/8/2022,2243,1313
616,617,0,0,0,1,580,0,0,0,0,-,acces virus c ,maldito_DB,Asturias,11/06/2022,24/09/2022,30/8/2022,1048,975
617,618,0,0,0,1,600,0,0,0,0,-,roland d50 d-50 sintetizador ,Synthaddict,Madrid,16/08/2022,26/09/2022,30/8/2022,304,1151
618,619,0,0,0,1,35,0,0,0,0,-,taburete de tambor acolchado ,Tana,Barcelona,20/04/2021,24/09/2022,30/8/2022,695,388
619,620,1,1,0,0,0,0,0,0,0,-,korg monopoly ,Vcs3,Baleares,09/08/2022,07/10/2022,30/8/2022,184,351
620,621,0,0,0,1,280,0,0,0,0,-,yamaha cs1x ,jaime,Pontevedra,27/03/2022,05/09/2022,30/8/2022,714,518
621,622,0,1,0,0,0,0,0,0,0,-,módulos de percusión pearl sc 20 - sc 40 o drum x ,samplerman44,Valencia,06/03/2022,22/10/2022,30/8/2022,318,1176
622,623,0,0,0,1,489,0,0,0,0,-,arturia minibrute 2 noir ,moog1406,Girona,27/05/2022,25/09/2022,30/8/2022,844,637
623,624,0,0,0,1,60,0,0,0,0,-,korg t3 - main board ,FranZiskAner,Barcelona,28/08/2022,27/10/2022,30/8/2022,42,1198
624,625,0,0,0,1,1650,0,0,0,0,-,elta music solar 50 yellow + soft bag + 12 cartridge ,moog1406,Girona,22/12/2021,23/09/2022,30/8/2022,564,637
625,626,0,0,0,1,6000,0,0,0,0,-,hammond b3 portable + leslie ,DOC,Madrid,08/05/2022,05/09/2022,30/8/2022,937,214
626,627,0,0,0,1,169,0,0,0,0,-,befaco chopping kinky ,moog1406,Girona,08/10/2021,14/09/2022,30/8/2022,314,637
627,628,0,0,0,1,250,0,0,0,0,-,moog theremini nuevo ,roy242,Valencia,18/05/2022,13/09/2022,30/8/2022,660,498
628,629,0,0,0,1,90,0,0,0,0,-,mutable instruments midigal midipal ,Synthaddict,Madrid,16/08/2022,26/09/2022,30/8/2022,182,1151
629,630,0,0,0,1,89,0,0,0,0,-,erica synths pico trigger patern generator ,moog1406,Girona,17/02/2021,23/09/2022,30/8/2022,720,637
630,631,0,0,0,1,160,0,0,0,0,-,axoloty completo ,rustho,Barcelona,15/05/2022,19/10/2022,30/8/2022,350,677
631,632,0,0,0,1,70,0,0,0,0,-,tarjetas roland sr-jv80 para sintetizadores jv_xv_xp ,LuisG,Madrid,28/08/2020,22/09/2022,30/8/2022,3120,484
632,633,0,0,0,1,2150,0,0,0,0,-,bastl instruments rumburack 2 sintetizador modular nuevo ,Albornozz,Madrid,29/10/2021,15/09/2022,30/8/2022,2130,961
633,634,0,0,0,1,200,0,0,0,0,-,intellijel rubicon ,moog1406,Girona,18/03/2022,20/09/2022,30/8/2022,498,637
634,635,0,0,0,1,160,0,0,0,0,-,behringer crave ,joan cerezo,Barcelona,23/08/2022,28/09/2022,30/8/2022,214,1104
635,636,0,0,0,1,19,0,0,0,0,-,"c7 1 pianos para yamaha motif xf, moxf, montage y modx ",bicho,Madrid,11/10/2020,13/09/2022,30/8/2022,2487,517
636,637,0,0,0,1,1100,0,0,0,0,-,elektron analog four mkii ,moog1406,Girona,25/10/2021,27/09/2022,30/8/2022,830,637
637,638,0,0,0,1,750,0,0,0,0,-,roland jx3p ,vcs3,Huelva,24/08/2022,23/10/2022,30/8/2022,180,383
638,639,0,0,0,1,1500,0,0,0,0,-,yamaha motif xf x maleta ,jesus,Valencia,19/05/2022,02/10/2022,30/8/2022,709,554
639,640,0,0,0,1,500,0,0,0,0,-,akai mpc1000 jjos2 + 128 mb ,P.Garcia,Barcelona,09/08/2022,08/10/2022,30/8/2022,256,709
640,641,0,0,0,1,349,0,0,0,0,-,yamana moxf6 ,jmgg,Tarragona,14/06/2022,27/09/2022,30/8/2022,958,421
641,642,0,0,0,1,925,0,0,0,0,-,virus ti ,clavinord,Madrid,24/08/2022,26/09/2022,30/8/2022,174,962
642,643,0,0,0,1,245,0,0,0,0,-,k&m 18860 spider pro si ,Edgar,La Rioja,17/07/2022,15/09/2022,30/8/2022,202,483
643,644,0,0,0,1,150,0,0,0,0,-,amplificador para teclados peavey kb-100 ,paugui,Sevilla,02/05/2021,12/09/2022,30/8/2022,841,651
644,645,0,0,0,1,670,0,0,0,0,-,analog four mki ,rodellar,Huesca,24/08/2022,23/10/2022,30/8/2022,94,853
645,646,0,0,0,1,130,0,0,0,0,-,intellijel umidi 1u ,gorum,Tarragona,12/03/2022,28/09/2022,30/8/2022,689,554
646,647,0,0,0,1,25,0,0,0,0,-,[eurorack] amplificador auriculares haunted pliers destino 3hp diy ,David,Madrid,07/06/2021,11/10/2022,30/8/2022,551,488
647,648,0,0,0,1,60,0,0,0,0,-,stardust synth cover para korg arp odyssey mini ,Mario,Cantabria,22/07/2022,27/09/2022,30/8/2022,183,504
648,649,0,0,0,1,350,0,0,0,0,-,the orb future retro secuenciador midi y cv gate ,aspiktongue,Madrid,23/07/2022,21/09/2022,30/8/2022,510,1194
649,650,0,0,0,1,175,0,0,0,0,-,paratek neon black ,moog1406,Girona,06/05/2022,25/09/2022,30/8/2022,306,637
650,651,0,0,0,1,300,0,0,0,0,-,akai mpc renaissance ,Aiko N.,Valencia,09/08/2022,07/10/2022,30/8/2022,362,544
651,652,0,0,0,1,880,0,0,0,0,-,mpc live 2 ,vulgatron,Madrid,01/07/2022,07/09/2022,30/8/2022,544,994
652,653,0,0,0,1,110,0,0,0,0,-,teclado casio 501 ,finaldesousa,Barcelona,16/08/2022,16/10/2022,30/8/2022,166,1278
653,654,0,0,0,1,150,0,0,0,0,-,sintetizador analógico arturia microbrute ,Fuxedo,Madrid,26/08/2022,29/09/2022,30/8/2022,105,619
654,655,0,0,0,1,950,0,0,0,0,-,"roland jd xa ""reestreno"" rebajado! ",bluewave,Barcelona,17/05/2022,30/08/2022,30/8/2022,1004,859
655,656,0,0,0,1,220,0,0,0,0,-,behringer model d ,thru_zero,Barcelona,05/10/2020,15/09/2022,30/8/2022,2760,994
656,657,0,0,0,1,399,0,0,0,0,-,roland mc 505 groovebox no cambios ,jdcoopers,Sevilla,08/06/2022,30/09/2022,30/8/2022,283,969
657,658,0,0,0,1,70,0,0,0,0,-,"mpc stuff live, mpd, mpk, force, maschine ",maldito_DB,Asturias,26/08/2022,25/10/2022,30/8/2022,120,975
658,659,0,0,0,1,195,0,0,0,0,-,modulo eurorack corsynth c105e vc noise lo-fi maquine ,tyrel,Madrid,12/09/2020,27/10/2022,30/8/2022,574,560
659,660,0,0,0,1,60,0,0,0,0,-,behringer 914 fixed filter bank ,Øliveira,Pontevedra,27/08/2022,26/10/2022,30/8/2022,100,964
660,661,0,0,0,1,239,0,0,0,0,-,qu bit pulsar ,moog1406,Girona,27/05/2021,08/10/2022,30/8/2022,531,637
661,662,0,0,0,1,1800,0,0,0,0,-,soma pulsar 23 ,siropene,Madrid,24/08/2022,27/09/2022,30/8/2022,230,869
662,663,1,0,0,1,850,0,0,0,0,-,elektron rytm mki ,Emusa,Barcelona,27/07/2022,25/09/2022,30/8/2022,412,507
663,664,0,0,1,0,0,0,0,0,0,-,access virus ti polar ,soloeskuchalo,Barcelona,16/08/2022,23/09/2022,30/8/2022,360,1404
664,665,0,0,0,1,299,0,0,0,0,-,akai timbre wolf -envio incluido- ,ramoninchispas,Asturias,29/08/2022,28/10/2022,30/8/2022,80,1503
665,666,0,0,0,1,1200,0,0,0,0,-,korg vocoder vc10 ,mercurioso,Madrid,10/12/2019,22/10/2022,30/8/2022,1536,1096
666,667,0,0,0,1,220,0,0,0,0,-,mutable instruments beads modulo eurorack ,Disface,Granada,15/07/2022,13/09/2022,30/8/2022,445,687
667,668,0,0,0,1,150,0,0,0,0,-,teclado casio vintage sk-1 ,thebadbeat,Girona,12/02/2022,08/09/2022,30/8/2022,762,1028
668,669,0,0,0,1,70,0,0,0,0,-,behringer modamp module 1005 ,Valentín,Asturias,16/08/2022,24/09/2022,30/8/2022,162,965
669,670,0,0,0,1,1650,0,0,0,0,-,sequential prophet rev2-8 ,Dave,Almería,24/07/2022,28/09/2022,30/8/2022,769,384
670,671,0,0,0,1,60,0,0,0,0,-,"lote de manuales emu, korg, roland, kawai ",sergiommms,A Coruña,11/05/2022,08/09/2022,30/8/2022,489,1091
671,672,0,0,0,1,99,0,0,0,0,-,doepfer a-100 lc1 case eurorack ,Radon Studios,Madrid,01/08/2022,27/09/2022,30/8/2022,307,1279
672,673,0,0,0,1,150,0,0,0,0,-,ni kore 2 ,liradigital MRF,Madrid,12/07/2022,21/09/2022,30/8/2022,410,1419
673,674,0,0,0,1,90,0,0,0,0,-,mxr analog chorus ,Metrolike,Málaga,17/05/2022,04/10/2022,30/8/2022,225,940
674,675,0,0,0,1,475,0,0,0,0,-,moog vx 351 ,moog1406,Girona,09/07/2021,13/09/2022,30/8/2022,756,637
675,676,0,0,0,1,390,0,0,0,0,-,piano digital ,rosario,Tarragona,16/08/2022,15/10/2022,30/8/2022,148,767
676,677,0,0,0,1,200,0,0,0,0,-,módulo befaco rampage ,Victor R,La Rioja,16/08/2022,25/10/2022,30/8/2022,72,745
677,678,0,0,0,1,850,0,0,0,0,-,leslie 815 proline ,windbass,Zaragoza,06/11/2020,21/09/2022,30/8/2022,1610,859
678,679,0,0,0,1,309,0,0,0,0,-,roland tr 08 ,moog1406,Girona,09/05/2022,25/09/2022,30/8/2022,515,637
679,680,0,0,0,1,1900,0,0,0,0,-,montage 6 ¡¡ sin desembalar !! ,amseven,Cantabria,02/08/2022,26/09/2022,30/8/2022,532,751
680,681,0,0,0,1,380,0,0,0,0,-,korg minilogue xd module ,Xavier Souto,Pontevedra,07/07/2022,16/09/2022,30/8/2022,931,1193
681,682,0,1,0,0,0,0,0,0,0,-,roland mc 505 averiada ,sanwiche,Alicante,18/04/2022,23/09/2022,30/8/2022,355,850
682,683,0,0,0,1,500,0,0,0,0,-,kurzweil pc3 le7 ,jossluis,Barcelona,24/08/2022,23/10/2022,30/8/2022,183,892
683,684,0,0,0,1,49,0,0,0,0,-,ladik q 010 easy quantizer ,moog1406,Girona,25/03/2022,08/10/2022,30/8/2022,693,637
684,685,0,0,0,0,12,1,0,0,0,-,galactic ascensión para modx y montage + ,bicho,Madrid,29/05/2020,10/09/2022,30/8/2022,1559,517
685,686,0,0,0,1,1800,0,0,0,0,-,oberheim ob-5 ,jefalum,Tarragona,28/08/2022,27/10/2022,30/8/2022,178,740
686,687,0,0,0,1,20,0,0,0,0,-,cassette datos para el korg dw8000 ,polypodium,Madrid,07/07/2022,26/09/2022,30/8/2022,174,1106
687,688,0,0,0,1,1400,0,0,0,0,-,korg sv-1 88 teclas ,gonso,Madrid,03/05/2022,07/09/2022,30/8/2022,516,550
688,689,0,0,0,1,1450,0,0,0,0,-,oscilador doble eurorack cwejman vco-2rm ,tyrel,Madrid,16/03/2022,27/10/2022,30/8/2022,348,560
689,690,0,0,0,1,75,0,0,0,0,-,piano eléctrico yamaha ypt-200 ,kichiilik,Cantabria,25/05/2022,24/09/2022,30/8/2022,364,945
690,691,0,0,0,1,135,0,0,0,0,-,qu-bit rt60 eurorack ,edulo,Badajoz,18/04/2022,22/10/2022,30/8/2022,481,537
691,692,0,0,0,1,330,0,0,0,0,-,roland jv 1080 ,roy242,Valencia,16/08/2022,28/09/2022,30/8/2022,288,498
692,693,0,0,0,1,329,0,0,0,0,-,mode maschines xoxbox ,moog1406,Girona,16/12/2021,24/09/2022,30/8/2022,526,637
693,694,0,0,0,1,75,0,0,0,0,-,korg nanokey studio ,DrTek,Barcelona,25/04/2022,13/09/2022,30/8/2022,850,474
694,695,0,0,0,1,1250,0,0,0,0,-,teclado tyros3 yamaha en muy buenas condiciones ,Arpegio,Toledo,02/02/2021,23/09/2022,30/8/2022,1728,711
695,696,0,0,0,1,69,0,0,0,0,-,eurorack dreadbox ataxia ,Pablo M. - Sullibass,Zaragoza,25/08/2022,27/09/2022,30/8/2022,96,1704
696,697,0,0,0,1,1800,0,0,0,0,-,roland juno 106 ,polypodium,Madrid,27/08/2022,26/10/2022,30/8/2022,256,1106
697,698,0,0,0,1,320,0,0,0,0,-,roland msq-700 secuenciador vintage ,pitch-on,Navarra,27/08/2022,26/10/2022,30/8/2022,150,802
698,699,0,0,0,1,299,0,0,0,0,-,"electribe 2 sampler roja, impoluta con extras ",liopic,Valencia,09/08/2022,05/10/2022,30/8/2022,214,640
699,700,0,0,0,1,485,0,0,0,0,-,yamaha dx7 ii d ,yosualogan,Cantabria,19/05/2022,26/09/2022,30/8/2022,1185,1090
700,701,0,0,0,1,24,0,0,0,0,-,"royal 1 pianos para yamaha motif xs, motif xf, moxf y montage modx ",bicho,Madrid,09/07/2017,10/09/2022,30/8/2022,5585,517
701,702,0,0,0,1,1850,0,0,0,0,-,amplificador 122 type classictone ,windbass,Zaragoza,03/11/2020,24/09/2022,30/8/2022,1359,859
702,703,0,0,0,1,2400,0,0,0,0,-,nord stage 3 hp venta ,saltodimata,Madrid,02/08/2022,01/10/2022,30/8/2022,560,1171
703,704,0,0,0,1,200,0,0,0,0,-,modulo emu audity 2000 ,Rammsysounds,Barcelona,10/06/2022,22/09/2022,30/8/2022,847,1301
704,705,0,0,0,1,530,0,0,0,0,-,modal cobalt8x ,flake02,Madrid,27/08/2022,26/10/2022,30/8/2022,110,613
705,706,0,0,0,1,300,0,0,0,0,-,roland sonic cell - tarjeta de sonido - envío incluido ,Pablo Bauzá,Alicante,07/05/2021,23/09/2022,30/8/2022,638,1153
706,707,0,0,0,1,450,0,0,0,0,-,casio cz 101 ,Sylvan,Valencia,13/03/2021,24/09/2022,30/8/2022,1930,637
707,708,0,0,0,1,65,0,0,0,0,-,doepfer a199 spring reverb ,Øliveira,Pontevedra,05/07/2022,28/09/2022,30/8/2022,326,964
708,709,0,0,0,1,85,0,0,0,0,-,roland pn d50 00 ,moog1406,Girona,24/05/2021,26/09/2022,30/8/2022,426,637
709,710,0,0,0,1,450,0,0,0,0,-,soma lyra 8 white angel ,dephaser,Cantabria,02/08/2022,09/09/2022,30/8/2022,536,844
710,711,0,0,0,1,750,0,0,0,0,-,medeli akx10 ,vicen51,Araba,20/03/2022,19/09/2022,30/8/2022,1191,635
711,712,0,0,0,1,75,0,0,0,0,-,tarjeta roland sr-jv80-01 pop ,Radioskaf,Barcelona,18/11/2021,12/09/2022,30/8/2022,459,916
712,713,0,0,0,1,550,0,0,0,0,-,nord modular g1+ midiman para el software de edicion por 550 euros ,Steinwurfmusic L,A Coruña,18/11/2021,13/10/2022,30/8/2022,270,1620
713,714,0,0,0,1,1200,0,0,0,0,-,yamaha motif xf7 ,amseven,Cantabria,02/08/2022,26/09/2022,30/8/2022,332,751
714,715,0,0,0,1,4000,0,0,0,0,-,piano kawai ,jordi61,Barcelona,04/07/2022,02/09/2022,30/8/2022,240,639
715,716,0,0,0,1,389,0,0,0,0,-,arturia keylab 61 mkii ,moog1406,Girona,01/06/2022,04/10/2022,30/8/2022,414,637
716,717,0,0,1,0,400,0,0,0,0,-,korg triton le tambien y cartuchocasio cz ,Fran Belenguer,Valencia,10/04/2022,09/09/2022,30/8/2022,1495,1344
717,718,0,0,0,1,198,0,0,0,0,-,erica synths bass drums ,moog1406,Girona,25/11/2021,08/10/2022,30/8/2022,584,637
718,719,0,0,0,1,9,0,0,0,0,-,cable ik multimedia adaptador midi a microjack original ,rembukai,A Coruña,01/07/2022,30/08/2022,30/8/2022,182,848
719,720,0,0,0,1,50,0,0,0,0,-,doepfer a 118 noise ,moog1406,Girona,08/10/2021,08/10/2022,30/8/2022,411,637
720,721,0,0,0,1,240,0,0,0,0,-,roland mc-303 ,Juan Ramos,Valencia,18/05/2022,19/09/2022,30/8/2022,734,944
721,722,0,0,0,1,1100,0,0,0,0,-,yamaha modx 7+funda original+librerías de pago ,kike22,Murcia,27/08/2022,26/10/2022,30/8/2022,118,520
722,723,0,0,0,1,340,0,0,0,0,-,bass station 2 ,clavinord,Madrid,24/08/2022,29/09/2022,30/8/2022,122,962
723,724,0,0,0,1,350,0,0,0,0,-,soniccell roland ,Edaurdo,Madrid,13/12/2019,29/09/2022,30/8/2022,665,708
724,725,0,0,0,1,300,0,0,0,0,-,roland boutique tr-08 y erica synths pico vco2 ,dbxer,Baleares,08/07/2022,06/09/2022,30/8/2022,315,533
725,726,0,0,0,1,175,0,0,0,0,-,teclado controlador roland a-800 pro ,Radioskaf,Barcelona,21/01/2022,12/09/2022,30/8/2022,747,916
726,727,0,0,0,1,3990,0,0,0,0,-,moog minimoog voyager 50 anyversary edition ,moog1406,Girona,08/06/2022,08/10/2022,30/8/2022,688,637
727,728,1,0,1,0,0,0,0,0,0,-,módulos eurorack ,Pablo M. - Sullibass,Zaragoza,24/08/2022,26/09/2022,30/8/2022,172,1704
728,729,0,0,0,1,1200,0,0,0,0,-,sintetizador analógico oberheim matrix 6 ,grizzvolga,Madrid,25/07/2022,26/09/2022,30/8/2022,742,1103
729,730,0,0,0,1,519,0,0,0,0,-,controlador midi roland a88 ivory feel ,AlvMad,Madrid,21/05/2022,28/09/2022,30/8/2022,774,565
730,731,0,0,1,0,1700,0,0,0,0,-,nord wave 2 o por hammond sk pro reservado ,Ismael Esteban,Guadalajara,25/08/2022,24/10/2022,30/8/2022,128,1341
731,732,0,0,0,1,1449,0,0,0,0,-,arturia matrixbrute ,moog1406,Girona,08/07/2021,08/10/2022,30/8/2022,1046,637
732,733,0,0,0,1,250,0,0,0,0,-,korg ms20 ic ,pattyco,Valencia,09/08/2022,10/10/2022,30/8/2022,282,772
733,734,0,0,0,1,2500,0,0,0,0,-,hammond xk-3 system ,facallema,A Coruña,09/08/2022,26/09/2022,30/8/2022,204,918
734,735,0,0,0,1,30,0,0,0,0,-,dsi prophet 08 - librería para ni kontakt y reason ,Zyon35,Córdoba,01/06/2022,18/09/2022,30/8/2022,252,536
735,736,0,0,1,0,0,0,0,0,0,-,"virus ti soundbanks todos los bancos hasta la fecha "" ahora también con viper vst "" ",DeESser,Alicante,19/08/2018,10/09/2022,30/8/2022,4141,651
736,737,0,0,0,1,550,0,0,0,0,-,elektron digitackt ,Sonitec,Valencia,16/08/2022,14/10/2022,30/8/2022,236,725
737,738,0,0,0,1,199,0,0,0,0,-,proteus 2 e-mu systems 16 bit multi-timbral digital sound module xr ,bloson,Cuenca,18/01/2021,05/09/2022,30/8/2022,1674,653
738,739,0,0,0,1,220,0,0,0,0,-,eurorack case de aluminio 3 filas 85hp + yarns mutable instruments ,javierdepascual,Madrid,18/04/2022,16/09/2022,30/8/2022,732,1587
739,740,0,0,1,0,750,0,0,0,0,-,nord electro 2 quizás tb ,rubenmunoz12345,A Coruña,18/04/2022,26/09/2022,30/8/2022,236,1364
740,741,0,0,0,1,12,0,0,0,0,-,lote 10 revistas keyboard musica y tecnología ,Radius,Tarragona,11/07/2022,09/09/2022,30/8/2022,193,616
741,742,0,0,0,1,20,0,0,0,0,-,banananuts pack befaco eurorack ,Blasting Modular,Barcelona,21/07/2022,19/09/2022,30/8/2022,214,1576
742,743,0,0,0,1,180,0,0,0,0,-,arturia drumbrute impact ,Jorge8989,Valencia,27/07/2022,25/09/2022,30/8/2022,448,729
743,744,0,0,0,1,5,0,0,0,1,-,"teclas y para roland, korg, yamaha, novation update 11 2 2022 ",Elver Galarga,Lugo,03/03/2015,24/09/2022,30/8/2022,16980,1229
744,745,0,0,0,1,100,0,0,0,0,-,korg volca keys ,Alejandro M. Molina Amador,Málaga,13/07/2022,28/09/2022,30/8/2022,376,2335
745,746,0,0,0,1,1,0,0,0,0,-,packs de sonidos para máquinas elektron ,Zyon35,Córdoba,01/06/2022,18/09/2022,30/8/2022,654,536
746,747,0,0,0,1,1490,0,0,0,0,-,ferrofish a32 ad da converter ,moog1406,Girona,13/11/2020,08/10/2022,30/8/2022,1886,637
747,748,0,0,0,1,1800,0,0,0,0,-,yamaha motif xs8 ,vicen51,Araba,23/09/2019,19/09/2022,30/8/2022,2320,635
748,749,0,0,0,1,45,0,0,0,0,-,tarjeta smart media 128mb mas adaptador ,int3rc0m,Madrid,01/09/2020,26/09/2022,30/8/2022,1520,752
749,750,0,0,0,1,145,0,0,0,0,-,módulo pianos roland p-330 ,yoquese,Madrid,09/10/2021,26/09/2022,30/8/2022,964,779
750,751,0,0,0,1,100,0,0,0,0,-,soporte para teclado ,Carlos,Madrid,23/08/2022,19/10/2022,30/8/2022,188,612
751,752,0,0,0,1,490,0,0,0,0,-,akemie castle - alm busy circuits ,Alinter,Cádiz,10/06/2022,09/09/2022,30/8/2022,462,719
752,753,0,0,0,1,650,0,0,0,0,-,waldorf micro q keyboard ,sergiommms,A Coruña,16/04/2022,26/09/2022,30/8/2022,920,1091
753,754,0,0,0,1,600,0,0,0,0,-,kurzweil pc3 le8 ,erissoma,Madrid,16/05/2021,13/09/2022,30/8/2022,1280,867
754,755,0,0,0,1,90,0,0,0,0,-,doepfer a-142-2 vca dual con adsr y ducking ,Pablo M. - Sullibass,Zaragoza,24/08/2022,23/10/2022,30/8/2022,106,1704
755,756,0,0,0,1,150,0,0,0,0,-,groovebox mc 303 ,alcachofazul,Madrid,29/07/2022,14/09/2022,30/8/2022,342,1261
756,757,0,1,0,0,0,0,0,0,0,-,proteus 2000 máximo 200€ ,CreativeStudio,Madrid,17/07/2022,24/09/2022,30/8/2022,392,1451
757,758,0,1,0,0,0,0,0,0,0,-,arturia microbrute ,sholme,Córdoba,16/08/2022,18/10/2022,30/8/2022,58,648
758,759,0,0,0,1,490,0,0,0,0,-,korg arp odyssey ,moog1406,Girona,12/11/2021,08/10/2022,30/8/2022,1078,637
759,760,0,0,0,1,300,0,0,0,0,-,akai s3000xl ,Dave,Almería,01/07/2022,28/09/2022,30/8/2022,922,384
