,urgent,buy,change,sell,price,gift,search,repair,parts,synt_brand,description,user,city,published,expire,date_scrapped,seen,anon_user
1,0,0,0,1,0,0,0,0,0,studio,maschine studio ,Riccardonce,S.C. de Tenerife, ,24/02/2023,31/12/2022,98,1117
2,0,0,0,1,0,0,0,0,0,ensoniq,ensoniq mc-32 ,cvsequencer,Barcelona,12/09/2022,25/01/2023,31/12/2022,299,1188
3,0,1,0,0,0,0,0,0,1,roli,"roli seaboard block, funcionando o para ",dave,Cádiz,30/11/2022,29/01/2023,31/12/2022,149,416
4,0,0,0,1,0,0,0,0,0,elektron,elektron sps-1 mk-i ,fine,Pontevedra,28/11/2022,30/01/2023,31/12/2022,316,418
5,0,0,0,1,0,0,0,0,0,akai,akai mpk 225 ,jazzman78,Madrid,10/12/2022,27/01/2023,31/12/2022,162,874
6,0,0,0,1,0,0,0,0,0,empress,zoia empress ,n.roman,Valladolid,27/12/2022,25/02/2023,31/12/2022,134,697
7,0,0,0,1,0,0,0,0,0,instruments,kordbot isla instruments ,IK3R,Barcelona,25/02/2022,30/01/2023,31/12/2022,1519,281
8,0,0,0,1,0,0,0,0,0,roland,roland d-50 ,7ºDisminuido,Málaga,10/12/2022,26/01/2023,31/12/2022,320,1286
9,0,0,0,1,0,0,0,0,0,audio,udo audio super 6 blue ,Miguel,Málaga,10/12/2022,27/01/2023,31/12/2022,268,611
10,0,0,0,1,0,0,0,0,0,dave smith ,prophet 08 pe ,roy242,Valencia,23/11/2022,25/01/2023,31/12/2022,694,498
11,0,0,0,1,0,0,0,0,0,-,varios sintetizadores solo venta ,Jorge Pérez,Las Palmas, ,27/02/2023,31/12/2022,436,1185
12,0,0,0,1,0,0,0,0,0,4ms,4ms quad pingable lfo+quad clock distributor ,Replicante,Barcelona,09/10/2021,28/01/2023,31/12/2022,1458,1031
13,0,0,1,0,0,0,0,0,0,teenage engineering ,korg microkorg xl plus por op-z ,Injuve,Pontevedra,24/10/2022,28/01/2023,31/12/2022,438,625
14,0,0,0,1,0,0,0,0,0,neutron,neutron semimodular analógico ,sasl,Valencia,15/02/2021,27/01/2023,31/12/2022,1532,435
15,0,0,0,1,0,0,0,0,0,mpc,stand akai mpc live 1 fuera stock env incl ,PETZOO,Cádiz,09/03/2022,26/01/2023,31/12/2022,979,481
16,0,0,0,1,0,0,0,0,0,moog,moog voyager + vx351 + cp251 ,Ablektro,Barcelona,26/12/2022,29/01/2023,31/12/2022,222,820
17,0,0,0,1,0,0,0,0,0,korg,korg krome 61 ,odeon,Las Palmas, ,19/02/2023,31/12/2022,168,533
18,0,0,0,1,0,0,0,0,0,roland,tarjetas roland sn-u110 02 y 12 ,Onyar,Girona,02/01/2022,25/01/2023,31/12/2022,889,521
19,0,0,0,1,0,0,0,0,0,yamaha,yamaha rx8 con envío ,Josep Thió,Girona,29/12/2022,28/02/2023,31/12/2022,162,1081
20,1,0,0,1,0,0,0,0,0,system,roland system 8 ,funkytime,Barcelona,09/10/2022,29/01/2023,31/12/2022,725,988
21,0,0,0,1,0,0,0,0,0,arturia,arturia drumbrute ,PABLO,Málaga,25/12/2022,23/02/2023,31/12/2022,114,366
22,0,0,0,1,0,0,0,0,0,korg,sintetizador va korg ms2000r ,Pablo,Madrid,09/10/2022,26/01/2023,31/12/2022,1101,494
23,0,0,0,1,0,0,0,0,0,doepfer,doepfer a-100lc3v low cost case vintage edition ,Storm,Bizkaia,25/05/2022,26/01/2023,31/12/2022,1157,533
24,0,1,0,0,0,0,0,0,0,behringer,behringer ms-1 bk ,eTorr,Bizkaia,03/12/2022,28/01/2023,31/12/2022,182,524
25,0,0,0,1,0,0,0,0,0,octatrack,elektron octatrack mki + 2 tarjetas 64gb y 16gb ,Javier m,Córdoba,12/10/2022,29/01/2023,31/12/2022,415,750
26,0,0,0,1,0,0,0,0,0,-,modal argon8 ,Storm,Bizkaia,29/03/2021,26/01/2023,31/12/2022,4807,533
27,0,0,0,1,0,0,0,0,0,nord lead ,3 ,M.E.M.O.,Málaga,24/12/2022,19/02/2023,31/12/2022,344,486
28,0,0,0,1,0,0,0,0,0,-,asm hydrasynth ,sasl,Valencia,03/09/2021,26/01/2023,31/12/2022,3758,435
29,0,0,0,1,0,0,0,0,0,noise,basimilus iteritas alter noise engineering ,taikpod,Barcelona,29/12/2022,27/02/2023,31/12/2022,84,748
30,0,0,0,1,0,0,0,0,0,nord lead ,clavia 4r ,Beached,Baleares,23/04/2022,25/01/2023,31/12/2022,1755,668
31,0,0,0,1,0,0,0,0,0,eurorack,toms 000 eurorack ,liradigital MRF,Madrid,22/07/2022,27/01/2023,31/12/2022,808,1419
32,0,0,0,1,0,0,0,0,0,roland,roland xv 5080 actualizado ,7ºDisminuido,Málaga,05/02/2022,26/01/2023,31/12/2022,2926,1286
33,0,0,0,1,0,0,0,0,0,vermona,órgano vermona et6-1 ,polypodium,Madrid,24/12/2022,29/01/2023,31/12/2022,332,1106
34,0,0,0,1,0,0,0,0,0,volca,korg volca sample mk1 pajen firmware ,Øliveira,Pontevedra,29/12/2022,27/02/2023,31/12/2022,86,964
35,0,0,0,1,0,0,0,0,0,roland,sintetizador roland spv-355 ,finess7,Huelva,20/08/2022,27/01/2023,31/12/2022,987,703
36,0,0,0,1,0,0,0,0,0,-,manual impreso mc909 en español ,bioroide,Madrid,11/10/2022,26/01/2023,31/12/2022,206,845
37,0,0,0,1,0,0,0,0,0,yamaha,yamaha sy77 ,moog1406,Girona,16/03/2022,26/01/2023,31/12/2022,1141,637
38,0,0,0,1,0,0,0,0,0,nord lead ,sonidos custom para a1 ,Kurzleader,Cuenca,11/04/2018,28/01/2023,31/12/2022,3565,1049
39,0,0,0,1,0,0,0,0,0,eurorack,modulos eurorack rebajados ,tomiwilli,Madrid,03/10/2022,25/01/2023,31/12/2022,1700,986
40,0,0,0,1,0,0,0,0,0,behringer,behringer monopoly ,moog1406,Girona,18/03/2022,27/01/2023,31/12/2022,698,637
41,0,0,0,1,0,0,0,0,0,black corporation ,deckard’s voice ,Aponsa,Barcelona,10/12/2022,07/02/2023,31/12/2022,386,610
42,0,0,0,1,0,0,0,0,0,poly,korg poly 61 m rebajado unos dias ,Aguilar242,Navarra,23/10/2022,30/01/2023,31/12/2022,824,861
43,0,0,0,1,0,0,0,0,0,eurorack,eurorack modulos ,ion,Valencia,12/10/2022,29/01/2023,31/12/2022,2076,326
44,0,0,0,1,0,0,0,0,0,eurorack,"módulo eurorack ""2hp snare"" ",f77,Barcelona,17/12/2022,28/02/2023,31/12/2022,120,212
45,0,0,0,1,0,0,0,0,0,studio,studio electronics atc-1 2600 filter cartridge ,FZappy,Barcelona,21/09/2021,28/01/2023,31/12/2022,1006,602
46,0,0,0,1,0,0,0,0,0,-,studiologic sl 73 mixface ,johse,Madrid,10/12/2022,28/01/2023,31/12/2022,341,537
47,0,0,0,1,0,0,0,0,0,-,prophet rev 2 - 8 ,antonio89,Granada,27/12/2022,26/02/2023,31/12/2022,118,873
48,0,0,0,1,0,0,0,0,0,-,sequential prophet 6 desktop ,ingravitacion-G,Gipuzkoa,26/12/2022,24/02/2023,31/12/2022,228,1506
49,0,0,0,1,0,0,0,0,0,-,"orejas rack neutron, pro 1, k2 80hp fin stock env incl ",PETZOO,Cádiz,22/01/2021,28/01/2023,31/12/2022,1713,481
50,0,0,0,1,0,0,0,0,0,korg,sintetizador piano korg n1 88 teclas contrapesadas ,jordipares3,Girona,18/09/2021,25/01/2023,31/12/2022,3623,1126
51,0,0,0,1,0,0,0,0,0,eurorack,tiptop buchla 245t sequential voltage source secuenciador módulo eurorack ,James,Barcelona,26/12/2022,24/02/2023,31/12/2022,152,496
52,0,0,1,0,0,0,0,0,0,roland,roland vs 24000 cd + monitor ,elprofesordedanza,Tarragona,29/07/2022,29/01/2023,31/12/2022,1045,1816
53,0,0,1,0,0,0,0,0,0,adam,funda para teclado de 5 octavas por soporte rack tipo adam hall ,bioroide,Madrid,01/04/2021,26/01/2023,31/12/2022,1252,845
54,0,0,0,1,0,0,0,0,0,eurorack,eurorack case 70hp model d ,Morphido,Madrid,12/12/2020,27/01/2023,31/12/2022,3112,834
55,0,0,0,1,0,0,0,0,0,yamaha,yamaha rm50 rhythm sound module ,yosualogan,Cantabria,07/05/2022,27/01/2023,31/12/2022,1036,1090
56,0,0,0,1,0,0,0,0,0,-,pcb modulares diy ,davygrolton,Valencia,23/11/2022,26/01/2023,31/12/2022,416,1209
57,0,0,0,1,0,0,0,0,0,sequential ,"waldorf quantum , ob-06 ,behringer rd-8 mk2,keylab49mk2, peak ",minahonda,Madrid,13/11/2022,30/01/2023,31/12/2022,1409,943
58,0,0,0,1,0,0,0,0,0,decksaver,korg ka350 serie volca y decksaver ,RexSiS,Madrid,15/11/2022,25/01/2023,31/12/2022,246,574
59,0,0,0,1,0,0,0,0,0,elektron,elektron analog rytm mki ,Javier m,Córdoba,19/08/2021,29/01/2023,31/12/2022,1736,750
60,0,0,0,1,0,0,0,0,0,elektron,elektron análog four mk2 ,MINILOGO,Sevilla,18/10/2022,29/01/2023,31/12/2022,728,606
61,0,0,0,1,0,0,0,0,0,korg,módulo rack korg tritón ,Roblemagic,Pontevedra,17/12/2022,18/02/2023,31/12/2022,390,1013
62,0,0,0,1,0,0,0,0,0,doepfer,doepfer a-106-1 xtreme filter ms20 ,instaljomar,Barcelona,08/06/2022,30/01/2023,31/12/2022,523,1188
63,0,0,0,1,0,0,0,0,0,virus,virus ti keyboard ,Arnau Sala,Girona,10/12/2022,29/01/2023,31/12/2022,412,920
64,0,0,0,1,0,0,0,0,0,roland,sintetizador analógico reon driftbox - edición limitada by roland ,dramer,Barcelona,26/12/2022,25/02/2023,31/12/2022,192,635
65,0,0,0,1,0,0,0,0,0,-,pack cintas de cassette sony ux60 chrome type ii ,Jovihu,Barcelona,25/11/2022,27/01/2023,31/12/2022,342,629
66,0,0,0,1,0,0,0,0,0,audio,módulo de sonidos y efectos sm pro audio vmachine reproductor de pluggins vst ,franpa,Alicante,02/07/2022,25/01/2023,31/12/2022,1290,632
67,0,0,0,1,0,0,0,0,0,behringer,behringer 2500 1033 envolvente ,FZappy,Barcelona,22/06/2022,28/01/2023,31/12/2022,934,602
68,0,0,0,1,0,0,0,0,0,arturia,secuenciador arturia beatstep ,Mato-Hari,Pontevedra,23/09/2022,25/01/2023,31/12/2022,549,834
69,0,0,0,1,0,0,0,0,0,-,"intellijel ""metropolis"" ",Dinius,Málaga,04/09/2022,26/01/2023,31/12/2022,489,620
70,1,0,0,1,0,0,0,0,0,oberheim,oberheim matrix-6 ,Axil,Madrid,24/12/2022,28/01/2023,31/12/2022,300,398
71,0,0,0,1,0,0,0,0,0,elektron,elektron digitakt ,edulo,Badajoz,30/12/2022,28/02/2023,31/12/2022,78,537
72,0,0,0,1,0,0,0,0,0,polyend,dreadbox medusa polyend impecable ,Rubén Perea,Málaga,18/11/2022,27/01/2023,31/12/2022,232,1165
73,0,0,0,1,0,0,0,0,0,eurorack,varios módulos eurorack ,Pablo,Madrid,09/10/2022,26/01/2023,31/12/2022,1564,494
74,0,0,0,1,0,0,0,0,0,roland,oferta rebajado roland fantom x88 ,Aguilar242,Navarra,02/04/2021,29/01/2023,31/12/2022,4065,861
75,0,0,0,1,0,0,0,0,0,erica synths ,dual fx ,Albert X,Barcelona,31/12/2022,01/03/2023,31/12/2022,56,722
76,0,0,0,1,0,0,0,0,0,udo,"udo super 6, nuevecito! ",logan3,Madrid,03/12/2022,30/01/2023,31/12/2022,646,580
77,0,0,0,1,0,0,0,0,0,kawai,kawai mp6 88 teclas ,jasynth,Madrid,30/09/2022,30/01/2023,31/12/2022,1585,769
78,0,0,0,1,0,0,0,0,0,virus,sintetizador access virus ti polar blanco en perfectas condiciones ,Abird,Guadalajara,20/10/2021,29/01/2023,31/12/2022,1355,482
79,0,0,0,1,0,0,0,0,0,neutron,behringer neutron ,bgf1973,Sevilla,17/12/2022,25/01/2023,31/12/2022,242,515
80,0,0,0,1,0,0,0,0,0,roland,roland sound canvas mando a distancia ,msound2,Córdoba,31/12/2022,01/03/2023,31/12/2022,94,712
81,0,0,0,1,0,0,0,0,0,roland,roland boutique sh01a blue+extras ,maldito_DB,Asturias,06/06/2022,29/01/2023,31/12/2022,1853,975
82,0,0,0,1,0,0,0,0,0,dreadbox,dreadbox abyss ,tomiwilli,Madrid,30/12/2022,28/02/2023,31/12/2022,204,986
83,0,0,0,1,0,0,0,0,0,dreadbox,dreadbox nymphes ,costamidnite,Madrid,28/12/2022,26/02/2023,31/12/2022,122,1284
84,0,0,0,1,0,0,0,0,0,waldorf,waldorf blofeld desktop negro + licencia sl ,afro.funk,Barcelona,31/05/2021,26/01/2023,31/12/2022,1262,906
85,0,0,0,1,0,0,0,0,0,elektron,elektron analog four mk1 ,mesmer_son,Barcelona,17/12/2022,13/02/2023,31/12/2022,160,1080
86,0,0,0,1,0,0,0,0,0,alesis,alesis v61 ,BassDrumsRecords,Madrid,09/08/2022,29/01/2023,31/12/2022,812,1638
87,0,0,0,1,0,0,0,0,0,-,sequential prophet x ,Storm,Bizkaia,18/12/2020,25/01/2023,31/12/2022,4291,533
88,0,0,1,0,0,0,0,0,0,mpc,mpc live 2 x sp404mk2 o mpc one ,vulgatron,Madrid,31/07/2022,27/01/2023,31/12/2022,751,994
89,0,0,0,1,0,0,0,0,0,novation,novation 61sl mkiii ,Dreun,Zaragoza,29/12/2022,27/02/2023,31/12/2022,78,510
90,0,0,0,1,0,0,0,0,0,roland,roland mt-32 lista de presets ,Samsimo,Madrid,03/07/2022,28/01/2023,31/12/2022,580,729
91,0,0,0,1,0,0,0,0,0,e-mu,e-mu systems procussion ,Kitarshokak.com,Gipuzkoa,31/08/2022,30/01/2023,31/12/2022,620,1513
92,0,0,0,1,0,0,0,0,0,behringer,behringer kxd15 ultratone amplificador para teclado ,galanpop,Madrid,28/11/2022,27/01/2023,31/12/2022,244,850
93,0,0,0,1,0,0,0,0,0,befaco,befaco hex mix vca v4 kit ,liradigital MRF,Madrid,28/12/2022,26/02/2023,31/12/2022,104,1419
94,0,0,0,1,0,0,0,0,0,-,nord a1 ,psycian,Madrid,17/12/2022,19/02/2023,31/12/2022,178,759
95,0,0,0,1,0,0,0,0,0,mpc,akai mpc one + extras ,maraudersound,Barcelona,30/12/2022,28/02/2023,31/12/2022,126,1402
96,0,0,0,1,0,0,0,0,0,korg,korg ms2000 ,Jorge Pérez,Las Palmas, ,26/02/2023,31/12/2022,204,1185
97,0,0,0,1,0,0,0,0,0,midi,cme uf7 controlador midi de 76 teclas teclado midi usb teclado electrónico ,instaljomar,Barcelona,29/09/2022,30/01/2023,31/12/2022,527,1188
98,0,0,0,1,0,0,0,0,0,-,"tarjetas voice crystal 1+2 para sq2 sqr+,sq1+ ",gato737,Barcelona,01/08/2022,27/01/2023,31/12/2022,466,588
99,0,0,0,1,0,0,0,0,0,volca,korg volca bass ,Alejandro M. Molina Amador,Málaga,13/07/2022,29/01/2023,31/12/2022,1355,2335
100,0,0,0,1,0,0,0,0,0,hexinverter,bassdrum mutant bd9 hexinverter électronique ,f77,Barcelona,17/12/2022,27/01/2023,31/12/2022,131,212
101,0,0,0,1,0,0,0,0,0,nord ,"clavia rack 2, envío incluido ",rolandhispasonic,Jaén,17/12/2022,28/01/2023,31/12/2022,416,1713
102,0,0,0,1,0,0,0,0,0,akai,akai s6000 ,Aiko N.,Valencia,23/03/2022,26/01/2023,31/12/2022,2122,544
103,0,0,0,1,0,0,0,0,0,bastl,bastl cv trinity ,liradigital MRF,Madrid,22/11/2022,27/01/2023,31/12/2022,248,1419
104,0,0,0,1,0,0,0,0,0,roland,roland sh 1000 ,Nick Wave,Baleares,15/10/2022,27/01/2023,31/12/2022,659,824
105,0,0,0,1,0,0,0,0,0,octatrack,elektron octatrack mki + 2 cards ,Groof,Madrid,27/12/2022,30/01/2023,31/12/2022,146,509
106,1,0,0,1,0,0,0,0,0,roland,roland 1976 analog synth genesis cure camel string machine ,TheMix,Pontevedra,29/12/2022,27/02/2023,31/12/2022,196,591
107,0,0,0,1,0,0,0,0,0,the,ehx the worm ,Tomasynt,Madrid,02/12/2022,28/01/2023,31/12/2022,271,863
108,0,0,1,0,0,0,0,0,0,nord stage nord stage ,3 hp76 por clavia 3 88 ,mmm,Guadalajara,29/12/2022,28/02/2023,31/12/2022,88,327
109,0,0,1,0,0,0,0,0,0,eurorack,o modulos y case eurorack ,siropene,Madrid,17/11/2022,26/01/2023,31/12/2022,923,869
110,0,0,0,1,0,0,0,0,0,noise,noise engineering imitor versio black ,edulo,Badajoz,28/12/2022,26/02/2023,31/12/2022,84,537
111,0,0,0,1,0,0,0,0,0,akai,akai mpd 232 ,jazzman78,Madrid,10/12/2022,27/01/2023,31/12/2022,250,874
112,1,0,0,1,0,0,0,0,0,roland,roland a 800 pro ,JavierB,Alicante,23/10/2022,30/01/2023,31/12/2022,813,675
113,0,0,1,0,0,0,0,0,0,novation,korg minilogue xd y novation launchpad pro mk3 ,JM72,Pontevedra,13/11/2022,28/01/2023,31/12/2022,468,256
114,0,0,0,1,0,0,0,0,0,-,sintes y mucho más ,clavinord,Madrid,24/08/2022,28/01/2023,31/12/2022,4084,962
115,0,0,0,1,0,0,0,0,0,modular,eurorack modular ,Eduardo Izurzu,Navarra,28/12/2022,26/02/2023,31/12/2022,298,1405
116,0,0,0,1,0,0,0,0,0,-,sintetizador drum machine vintage ,finess7,Huelva,10/11/2022,27/01/2023,31/12/2022,537,703
117,0,0,0,1,0,0,0,0,0,-,doboz touch sensing note memory ,Betacam,Madrid,03/12/2022,27/01/2023,31/12/2022,212,685
118,0,0,0,1,0,0,0,0,0,modular,módulos eurorack modular ,Replicante,Barcelona,03/12/2022,28/01/2023,31/12/2022,818,1031
119,0,0,1,0,0,0,0,0,0,erica synths ,x sonic portions lxr-02 ,David,Madrid,25/12/2022,23/02/2023,31/12/2022,184,488
120,0,0,0,1,0,0,0,0,0,-,sintetizador ver­mona drm1 mk3 trigger ,Mario,Cantabria,25/12/2022,27/01/2023,31/12/2022,48,504
121,0,0,0,1,0,0,0,0,0,doepfer,doepfer a-100 p9 ,Traupiano,Barcelona,16/11/2022,26/01/2023,31/12/2022,314,947
122,0,0,0,1,0,0,0,0,0,uno,sintetizador uno synth ,joaquim,Madrid,06/11/2022,05/01/2023,31/12/2022,327,758
123,0,0,0,1,0,0,0,0,0,studio,controlador fatar studio 900 ,dmaio2002us,Murcia,31/10/2022,28/01/2023,31/12/2022,697,950
124,0,0,0,1,0,0,0,0,0,erica synths ,graphic vco ,o_ak,Albacete,14/11/2022,13/01/2023,31/12/2022,204,410
125,0,0,0,1,0,0,0,0,0,teenage engineering ,varios nuevo ,dani,Madrid,25/12/2022,24/02/2023,31/12/2022,280,412
126,0,0,0,1,0,0,0,0,0,komplete,komplete kontrol s61 mk2 con fallo ,journeyman,Madrid,21/10/2022,28/01/2023,31/12/2022,825,1096
127,0,0,0,1,0,0,0,0,0,roland,roland sc-33 ,Samsimo,Madrid,15/05/2022,28/01/2023,31/12/2022,1020,729
128,0,0,0,1,0,0,0,0,0,korg,korg minilogue xd ,Morphido,Madrid,30/11/2022,27/01/2023,31/12/2022,380,834
129,0,0,0,1,0,0,0,0,0,casio,casio vl-tone vl-1 ,eTorr,León,01/04/2021,28/01/2023,31/12/2022,1385,524
130,0,0,0,1,0,0,0,0,0,yamaha,analog xperience para yamaha modx y montage ,bicho,Madrid,21/09/2019,25/01/2023,31/12/2022,2510,517
131,0,0,0,1,0,0,0,0,0,korg,korg monologue ,PABLO,Málaga,25/12/2022,23/02/2023,31/12/2022,184,366
132,0,0,0,1,0,0,0,0,0,roland,roland super jv 1080 con tarjetas de expansion ,Angel,Madrid,14/11/2022,26/01/2023,31/12/2022,570,487
133,1,0,1,0,0,0,0,0,0,akai,ableton push 2 + dinero por akai force ,Azik,Madrid,17/12/2022,28/01/2023,31/12/2022,188,399
134,0,0,0,1,0,0,0,0,0,-,modulos syntetizer buen precio ,elmandolce,Barcelona,11/11/2022,28/01/2023,31/12/2022,1582,1044
135,0,1,0,0,0,0,0,0,0,arturia,polybrute arturia ,sasl,Valencia,21/11/2022,29/01/2023,31/12/2022,184,435
136,0,0,1,0,0,0,0,0,0,yamaha,yamaha dx21 con manuales originales ,elprofesordedanza,Tarragona,17/12/2022,29/01/2023,31/12/2022,264,1816
137,0,0,0,1,0,0,0,0,0,access,access matrix programmer ,cvsequencer,Barcelona,03/08/2022,25/01/2023,31/12/2022,1118,1188
138,0,0,0,1,0,0,0,0,0,virus,access virus a ,larch,Gipuzkoa,05/09/2022,25/01/2023,31/12/2022,1128,522
139,0,0,0,1,0,0,0,0,0,novation,novation launchpad pro mk3 ,Almenara,S.C. de Tenerife, ,26/02/2023,31/12/2022,108,801
140,0,0,0,1,0,0,0,0,0,delptronics,"delptronics trigger man, ldb 2e, ldb 2x ",liradigital MRF,Madrid,13/07/2022,27/01/2023,31/12/2022,686,1419
141,0,0,0,1,0,0,0,0,0,-,syncussion sy-m ,soloeskuchalo,Barcelona,03/12/2022,28/01/2023,31/12/2022,326,1404
142,0,0,1,0,0,0,0,0,0,yamaha,cartucho rom yamaha dx7s por go pro ,int3rc0m,Madrid,27/02/2022,28/01/2023,31/12/2022,733,752
143,0,0,0,1,0,0,0,0,0,hammond,hammond sk1 ,Pau Ortolà,Valencia,07/04/2022,26/01/2023,31/12/2022,1178,1078
144,0,0,0,1,0,0,0,0,0,erica synths ,black polivoks vcf v2 ,rumtek,A Coruña, ,25/02/2023,31/12/2022,102,664
145,0,0,0,1,0,0,0,0,0,-,manguera leslie 9 pines ,fredo780,Barcelona,17/12/2022,25/01/2023,31/12/2022,102,687
146,0,0,0,1,0,0,0,0,0,roland,roland jd-800 impecable ,landstrung,Barcelona,18/02/2021,26/01/2023,31/12/2022,4965,1090
147,0,0,0,1,0,0,0,0,0,decksaver,novation peak con decksaver ,minahonda,Madrid,02/12/2022,28/01/2023,31/12/2022,274,943
148,0,0,0,1,0,0,0,0,0,buchla,buchla easel command 208 ,sasl,Valencia,05/04/2022,27/01/2023,31/12/2022,448,435
149,0,0,0,1,0,0,0,0,0,-,modal cobalt 8 ,ARPEGGIATORNIK,Granada,23/01/2022,12/02/2023,31/12/2022,1190,1047
150,0,0,0,1,0,0,0,0,0,eurorack,tiptop buchla 257t dual voltage processor módulo eurorack ,James,Barcelona,26/12/2022,24/02/2023,31/12/2022,110,496
151,0,0,0,1,0,0,0,0,0,korg,korg m 50 88 teclas ,jasynth,Madrid,30/12/2022,28/02/2023,31/12/2022,112,769
152,0,0,0,1,0,0,0,0,0,alesis,alesis vortex wireless 2 ,europe,Jaén,31/12/2022,01/03/2023,31/12/2022,30,656
153,0,0,0,1,0,0,0,0,0,decksaver,roland sp-404a + decksaver ,maraudersound,Barcelona,30/12/2022,28/02/2023,31/12/2022,80,1402
154,0,0,0,1,0,0,0,0,0,elektron,elektron model cycles ,Arturo Pulido Molina,Cáceres,14/11/2022,29/01/2023,31/12/2022,433,1930
155,0,0,0,1,0,0,0,0,0,waldorf,waldorf m sintetizador wavetable ,Storm,Bizkaia,24/12/2021,28/01/2023,31/12/2022,2199,533
156,0,0,0,1,0,0,0,0,0,-,intellijel plonk env incl ,PETZOO,Cádiz,27/12/2022,30/01/2023,31/12/2022,124,481
157,0,0,0,1,0,0,0,0,0,eurorack,right angle eurorack cable 20cm ,liradigital MRF,Madrid,15/09/2022,26/02/2023,31/12/2022,613,1419
158,0,0,0,1,0,0,0,0,0,behringer,behringer 2600 gray meanie ,Replicante,Barcelona,09/11/2022,28/01/2023,31/12/2022,976,1031
159,0,1,0,0,0,0,0,0,0,the,quasimidi the raven ,elprofesordedanza,Tarragona,25/11/2022,29/01/2023,31/12/2022,268,1816
160,0,0,0,1,0,0,0,0,0,-,secuenciador analogico 16 pasos dual 8 8 ,instaljomar,Barcelona,05/07/2022,30/01/2023,31/12/2022,1699,1188
161,0,0,0,1,0,0,0,0,0,yamaha,"yamaha cp70 pianos para yamaha motif xf, moxf, montage y modx ",bicho,Madrid,13/08/2018,25/01/2023,31/12/2022,3690,517
162,0,0,0,1,0,0,0,0,0,midi,6m0d6 de tubbutec y lpzw + cable midi - trs ,Raul Q. de Orte,Barcelona,24/12/2022,29/01/2023,31/12/2022,226,1238
163,0,0,0,1,0,0,0,0,0,clavia,case thomann para teclado clavia ,Tomasynt,Madrid,24/12/2022,25/01/2023,31/12/2022,137,863
164,0,0,0,1,0,0,0,0,0,korg,korg karma ,bulichan,Alicante,09/06/2021,29/01/2023,31/12/2022,3947,838
165,0,0,0,1,0,0,0,0,0,audio,"antimatter audio ""brain seed"" ",Dinius,Málaga,04/09/2022,26/01/2023,31/12/2022,315,620
166,0,0,0,1,0,0,0,0,0,yamaha,yamaha mox f8 ,juanmotero,Cádiz,25/12/2022,24/02/2023,31/12/2022,110,1092
167,0,0,0,1,0,0,0,0,0,-,sintetizador chameleon soundart legendario! ,David Vega,Barcelona,06/11/2022,05/01/2023,31/12/2022,699,907
168,0,0,0,1,0,0,0,0,0,waldorf,waldorf quantum ,minahonda,Madrid,18/12/2021,30/01/2023,31/12/2022,4835,943
169,0,0,0,1,0,0,0,0,0,doepfer,vcf doepfer a 106 1 xtreme filter ,Mato-Hari,Pontevedra,23/09/2022,25/01/2023,31/12/2022,340,834
170,0,0,0,1,0,0,0,0,0,elektron,elektron analog keys ,soloeskuchalo,Barcelona,03/12/2022,28/01/2023,31/12/2022,262,1404
171,0,0,0,1,0,0,0,0,0,elektron,elektron syntakt ,luca,Baleares,24/12/2022,22/02/2023,31/12/2022,212,421
172,0,0,1,0,0,0,0,0,0,roland,roland em-20 + soporte y funda también ,Todipe,Madrid,17/12/2022,25/01/2023,31/12/2022,152,613
173,0,0,0,1,0,0,0,0,0,novation,novation remote 25 ,bioroide,Madrid,09/10/2022,26/01/2023,31/12/2022,531,845
174,0,0,0,1,0,0,0,0,0,blackhole,eventide blackhole ,minahonda,Madrid,25/11/2022,30/01/2023,31/12/2022,396,943
175,0,0,0,1,0,0,0,0,0,yamaha,yamaha sy 77 + tarjetas de expansión ,Todovibra,Málaga,29/08/2021,30/01/2023,31/12/2022,2369,938
176,0,0,0,1,0,0,0,0,0,-,monitores estudio pmc tb2s ,moog1406,Girona,20/10/2021,26/01/2023,31/12/2022,2073,637
177,0,0,0,1,0,0,0,0,0,korg,diskette sonidos para el sampler korg dsm1 ,polypodium,Madrid,07/07/2022,27/01/2023,31/12/2022,466,1106
178,0,0,0,1,0,0,0,0,0,-,keystep pro black sequencer ,Traupiano,Barcelona,29/10/2022,26/01/2023,31/12/2022,518,947
179,0,0,0,1,0,0,0,0,0,roland,sonidos roland jupiter x xm series y zenology pro software ,JM72,Pontevedra,15/07/2022,28/01/2023,31/12/2022,888,256
180,0,0,0,1,0,0,0,0,0,emu,emu proteus 2000 ,jasynth,Madrid,30/09/2022,28/01/2023,31/12/2022,1377,769
181,0,0,0,1,0,0,0,0,0,-,stand digitakt + digitone ultima unidad env incl ,PETZOO,Cádiz,11/06/2019,28/01/2023,31/12/2022,4902,481
182,0,0,0,1,0,0,0,0,0,m-audio,m-audio oxygen pro 49 ,Quasak,Murcia,18/02/2022,30/01/2023,31/12/2022,886,614
183,0,0,0,1,0,0,0,0,0,moog,moog subsequent 37 ,Storm,Bizkaia,25/11/2022,25/01/2023,31/12/2022,338,533
184,0,0,0,1,0,0,0,0,0,the,"piano rhodes mark ii suitcase eighty eight 88, the top model! ",logan3,Madrid,24/12/2022,30/01/2023,31/12/2022,182,580
185,0,0,0,1,0,0,0,0,0,mpc,nuevo stand akai mpc live 2 env incl leer anuncio ,PETZOO,Cádiz,29/07/2020,28/01/2023,31/12/2022,2794,481
186,0,0,0,1,0,0,0,0,0,midi,robaux swt16+ con midi expander ,liradigital MRF,Madrid,22/11/2022,27/01/2023,31/12/2022,288,1419
187,0,0,0,1,0,0,0,0,0,yamaha,tg 500 yamaha ,gato737,Barcelona,21/07/2022,27/01/2023,31/12/2022,1128,588
188,0,0,0,1,0,0,0,0,0,system,moog system 15 ,qbueno,Barcelona,03/10/2020,29/01/2023,31/12/2022,6499,650
189,0,0,0,1,0,0,0,0,0,volca,korg volca kick ,yosualogan,Cantabria,15/06/2022,27/01/2023,31/12/2022,770,1090
190,0,0,0,1,0,0,0,0,0,bheringer,bheringer umx 61 ,40db,Valencia,04/03/2021,20/01/2023,31/12/2022,1343,298
191,0,0,0,1,0,0,0,0,0,roland,módulo batería roland r-8m y 2 tarjetas de sonido ,Angel,Madrid,14/11/2022,26/01/2023,31/12/2022,434,487
192,0,0,0,1,0,0,0,0,0,yamaha,manual y caja yamaha qy100 ,bioroide,Madrid,11/10/2022,26/01/2023,31/12/2022,268,845
193,0,0,0,1,0,0,0,0,0,akai,manual akai xr20 ,bioroide,Madrid,11/10/2022,26/01/2023,31/12/2022,242,845
194,0,0,0,1,0,0,0,0,0,arturia,arturia keystep ,Tangential,León,26/12/2022,24/02/2023,31/12/2022,86,1031
195,0,0,0,1,0,0,0,0,0,korg,funda korg para teclados de 61 teclas ,joan cerezo,Barcelona,10/10/2022,25/01/2023,31/12/2022,376,1104
196,0,0,0,1,0,0,0,0,0,roland,piano digital roland rp-102bn negro ,José María Villatoro,Málaga,25/12/2022,24/02/2023,31/12/2022,70,2175
197,0,0,0,1,0,0,0,0,0,-,ultimo precio digitone keys + extras env incl ,PETZOO,Cádiz,01/12/2022,30/01/2023,31/12/2022,422,481
198,0,0,0,1,0,0,0,0,0,yamaha,teclado yamaha cp 40 ,Mister Carrington,Madrid,10/12/2022,28/01/2023,31/12/2022,335,1707
199,0,0,0,1,0,0,0,0,0,yamaha,rebaja de reyes!!! yamaha mo8 ,Mr. White,Málaga,24/12/2022,21/02/2023,31/12/2022,240,782
200,0,0,0,1,0,0,0,0,0,kurzweil,placa sampler smp-r para kurzweil k2000r ,Maniac Broil,Barcelona,26/05/2021,28/01/2023,31/12/2022,2550,1121
201,0,0,0,1,0,0,0,0,0,decksaver,ob-06 con sonidos de pago y decksaver ,minahonda,Madrid,28/07/2022,30/01/2023,31/12/2022,1374,943
202,0,0,0,1,0,0,0,0,0,roland,roland jd xa ,Vjsj,Tarragona,25/09/2022,28/01/2023,31/12/2022,608,413
203,0,0,0,1,0,0,0,0,0,dreadbox,dreadbox erebus v3 + cables patch ,Triple A - Estudios,Madrid,27/12/2022,30/01/2023,31/12/2022,136,1678
204,0,0,0,1,0,0,0,0,0,e-rm,e-rm polygogo ,dce,Sevilla,24/12/2022,26/01/2023,31/12/2022,204,300
205,0,0,0,1,0,0,0,0,0,novation,novation circuit groovebox sintetizador drum machine ,cmbstd,Asturias,28/11/2022,27/01/2023,31/12/2022,288,637
206,0,0,0,1,0,0,0,0,0,vox,vox tonelab le multiefectos a válvulas ,Rubén Perea,Málaga,15/11/2022,27/01/2023,31/12/2022,298,1165
207,0,0,1,0,0,0,0,0,0,noise,noise engineering basimilus iteritas ,Replicante,Barcelona,04/12/2021,28/01/2023,31/12/2022,1911,1031
208,0,0,0,1,0,0,0,0,0,decksaver,roland vp 03 + k-25m + decksaver ,ruipintado,Pontevedra,24/04/2022,28/01/2023,31/12/2022,567,1087
209,0,0,0,1,0,0,0,0,0,-,"studiologic acuna 88 precio solo hasta reyes, despues retiro el anuncio ",luisjaen,Jaén,11/09/2022,30/01/2023,31/12/2022,1224,859
210,0,0,0,1,0,0,0,0,0,roland,roland jupiter 4 ,qbueno,Barcelona,22/01/2022,29/01/2023,31/12/2022,4029,650
211,0,0,0,1,0,0,0,0,0,roland,sintetizador roland sh-01a + teclado ,Litonano,Barcelona,30/12/2022,28/02/2023,31/12/2022,92,836
212,0,0,0,1,0,0,0,0,0,behringer,behringer ms 1 ,Alinter,Cádiz,09/07/2022,28/01/2023,31/12/2022,1500,719
213,0,0,0,1,0,0,0,0,0,doepfer,doepfer mcv4 ,Papaver,Barcelona,30/12/2022,28/02/2023,31/12/2022,76,719
214,0,0,0,1,0,0,0,0,0,yamaha,yamaha sk20 analog string machine ,logan3,Madrid,23/12/2021,29/01/2023,31/12/2022,2634,580
215,0,0,0,1,0,0,0,0,0,yamaha,"3 61, pedal yamaha fc5a, banqueta y pedal proel, funda thon ",Eduardo,Madrid,26/12/2022,24/02/2023,31/12/2022,139,708
216,0,0,0,1,0,0,0,0,0,-,keylab 49 mk2 negro ,minahonda,Madrid,08/01/2022,25/01/2023,31/12/2022,1658,943
217,0,0,0,1,0,0,0,0,0,dreadbox,dreadbox typhon ,Triple A - Estudios,Madrid,31/12/2022,01/03/2023,31/12/2022,64,1678
218,0,0,1,0,0,0,0,0,0,vox,vox continental 61 ,elprofesordedanza,Tarragona,27/12/2022,26/02/2023,31/12/2022,128,1816
219,0,0,0,1,0,0,0,0,0,eurorack,tiptop buchla 258t oscilador módulo eurorack ,James,Barcelona,26/12/2022,24/02/2023,31/12/2022,128,496
220,0,0,0,1,0,0,0,0,0,eurorack,módulos eurorack ,Dinius,Málaga,13/11/2021,26/01/2023,31/12/2022,8117,620
221,0,0,0,1,0,0,0,0,0,komplete,native instruments komplete kontrol s88 mki ,anderteje,Araba,26/12/2022,24/02/2023,31/12/2022,162,946
222,0,0,0,1,0,0,0,0,0,yamaha,"phat analog iii para yamaha motif xs, motif xf, moxf, montage y modx ",bicho,Madrid,13/01/2020,25/01/2023,31/12/2022,1354,517
223,0,0,1,0,0,0,0,0,0,korg,korg z1 ,javpin,Lugo,17/12/2022,17/02/2023,31/12/2022,300,648
224,0,0,0,1,0,0,0,0,0,yamaha,yamaha modx6+ ,moog1406,Girona,02/03/2022,26/01/2023,31/12/2022,992,637
225,0,0,0,1,0,0,0,0,0,instruments,mutable instruments midigal midipal ,Synthaddict,Madrid,19/08/2022,29/01/2023,31/12/2022,986,1151
226,0,0,0,1,0,0,0,0,0,yamaha,"c7 1 pianos para yamaha motif xf, moxf, montage y modx ",bicho,Madrid,11/10/2020,25/01/2023,31/12/2022,3004,517
227,0,0,0,1,0,0,0,0,0,yamaha,yamaha motif xf x maleta ,jesus,Valencia,19/05/2022,27/01/2023,31/12/2022,1594,554
228,0,0,0,1,0,0,0,0,0,decksaver,behringer rd-8 mkii y decksaver ,minahonda,Madrid,09/11/2022,30/01/2023,31/12/2022,807,943
229,0,0,0,1,0,0,0,0,0,-,kermit quad modulator mk3 ,sasl,Valencia,15/11/2022,26/01/2023,31/12/2022,184,435
230,0,0,0,1,0,0,0,0,0,odyssey,stardust synth cover para korg arp odyssey mini ,Mario,Cantabria,25/12/2022,28/01/2023,31/12/2022,52,504
231,0,0,0,1,0,0,0,0,0,-,cem 3396 ,cvsequencer,Barcelona,15/09/2022,25/01/2023,31/12/2022,426,1188
232,0,0,0,1,0,0,0,0,0,yamaha,yamaha portasound pss-140 ,Dreun,Zaragoza,29/12/2022,27/02/2023,31/12/2022,104,510
233,0,0,0,1,0,0,0,0,0,mpc,mpc live 2 ,vulgatron,Madrid,01/07/2022,25/01/2023,31/12/2022,1330,994
234,0,0,0,1,0,0,0,0,0,roland,roland boutique tr-09 ,Atala estudioa,Navarra,12/09/2022,29/01/2023,31/12/2022,676,1377
235,0,0,0,1,0,0,0,0,0,maschine,"mpc stuff live, mpd, mpk, force, maschine ",maldito_DB,Asturias,26/08/2022,29/01/2023,31/12/2022,1148,975
236,0,0,0,1,0,0,0,0,0,erica synths ,black wavetable vco ,dce,Sevilla,10/12/2022,26/01/2023,31/12/2022,176,300
237,0,0,0,1,0,0,0,0,0,korg,korg ms2000r ,Álvaro,Sevilla,06/11/2022,05/01/2023,31/12/2022,413,741
238,0,0,0,1,0,0,0,0,0,befaco,varios módulos diy befaco ,Capitan Spam,Barcelona,24/12/2022,27/01/2023,31/12/2022,256,1137
239,0,0,0,1,0,0,0,0,0,yamaha,sintetizador yamaha ex5 ,Angel,Madrid,13/11/2022,26/01/2023,31/12/2022,569,487
240,0,0,0,1,0,0,0,0,0,-,siel orchestra 2 ,Mato-Hari,Pontevedra,23/09/2022,25/01/2023,31/12/2022,906,834
241,0,0,0,1,0,0,0,0,0,crumar,crumar mojo clasic v2 preciosidad de 2 teclados ,japovaz,Ourense,01/12/2022,23/01/2023,31/12/2022,592,763
242,0,0,0,1,0,0,0,0,0,-,tip top quantizer ,Betacam,Madrid,03/12/2022,23/01/2023,31/12/2022,164,685
243,0,0,0,1,0,0,0,0,0,roland,roland tr8s ,Groof,Madrid,29/12/2022,27/02/2023,31/12/2022,134,509
244,0,0,0,1,0,0,0,0,0,komplete,native instruments komplete kontrol s49 mk2 ,Daniel Leinad,Madrid,22/11/2022,28/01/2023,31/12/2022,354,1210
245,0,0,0,0,0,1,0,0,0,-,galactic ascensión para modx y montage + ,bicho,Madrid,29/05/2020,25/01/2023,31/12/2022,1833,517
246,0,0,0,1,0,0,0,0,0,komplete,ni komplete kontrol m32 ,cvsequencer,Barcelona,12/10/2022,25/01/2023,31/12/2022,682,1188
247,0,0,0,1,0,0,0,0,0,cme,teclado controlador cme uf5 ,journeyman,Madrid,22/10/2021,28/01/2023,31/12/2022,1121,1096
248,0,0,0,1,0,0,0,0,0,e,vermona drm1 mk3 cv trigger & midi impoluta-600 e ,Rubén Perea,Málaga,22/10/2020,27/01/2023,31/12/2022,2386,1165
249,0,0,1,0,0,0,0,0,0,yamaha,sonidos yamaha modx ,kupi,Murcia,24/12/2022,26/01/2023,31/12/2022,90,441
250,0,0,0,1,0,0,0,0,0,-,endorphin es queen of pentacles ,FZappy,Barcelona,21/03/2022,28/01/2023,31/12/2022,1170,602
251,0,0,0,1,0,0,0,0,0,roland,roland mc 808 ,sanwiche,Alicante,17/12/2022,26/01/2023,31/12/2022,214,850
252,0,0,0,1,0,0,0,0,0,yamaha,yamaha dx7 ii d ,yosualogan,Cantabria,19/05/2022,27/01/2023,31/12/2022,2083,1090
253,0,0,0,1,0,0,0,0,0,yamaha,"royal 1 pianos para yamaha motif xs, motif xf, moxf y montage modx ",bicho,Madrid,09/07/2017,27/01/2023,31/12/2022,5957,517
254,0,0,0,1,0,0,0,0,0,kawai,kawai rc-2 tarjeta memoria ,IK3R,Barcelona,17/03/2022,30/01/2023,31/12/2022,484,281
255,0,0,0,1,0,0,0,0,0,yamaha,yamaha motif 7 xs ,jesus,Valencia,01/10/2022,27/01/2023,31/12/2022,1087,554
256,0,0,0,1,0,0,0,0,0,casio,casio cz 101 ,odeon,Las Palmas, ,29/01/2023,31/12/2022,284,533
257,0,0,0,1,0,0,0,0,0,alesis,teclado controlador alesis qx 61 ,javiawake,Madrid,10/12/2022,28/01/2023,31/12/2022,142,947
258,0,0,0,1,0,0,0,0,0,-,medeli akx10 ,vicen51,Araba,20/03/2022,28/01/2023,31/12/2022,2121,635
259,0,0,0,1,0,0,0,0,0,-,siel kiwi opera-6 dk-600 ,Axil,Madrid,16/11/2022,28/01/2023,31/12/2022,775,398
260,0,0,0,1,0,0,0,0,0,mpc,akai mpc x + extras ,maraudersound,Barcelona,30/12/2022,28/02/2023,31/12/2022,142,1402
261,0,0,0,1,0,0,0,0,0,roland,roland jv-880 ,Samsimo,Madrid,26/09/2022,28/01/2023,31/12/2022,755,729
262,0,0,0,1,0,0,0,0,0,moog,moog mother 32 sintetizador analógico semimodular ,fine,Pontevedra,03/12/2022,30/01/2023,31/12/2022,202,418
263,0,0,0,1,0,0,0,0,0,-,norns shield ,yak95,Madrid,16/10/2022,28/01/2023,31/12/2022,883,435
264,0,0,0,1,0,0,0,0,0,yamaha,yamaha kx 61 con bolsa de transporte ,dmaio2002us,Murcia,11/09/2022,28/01/2023,31/12/2022,556,950
265,0,0,0,1,0,0,0,0,0,roland,controlador midi roland a88 ivory feel ,AlvMad,Madrid,21/05/2022,27/01/2023,31/12/2022,1242,565
266,0,0,0,1,0,0,0,0,0,vermona,vermona drm1 mkiii sintetizador percusión analógico nuevo ,Albornozz,Madrid,20/11/2022,30/01/2023,31/12/2022,217,961
267,0,0,0,1,0,0,0,0,1,novation,"teclas y para roland, korg, yamaha, novation update 11 2 2022 ",Elver Galarga,Lugo,03/03/2015,26/01/2023,31/12/2022,18754,1229
268,0,0,0,1,0,0,0,0,0,elektron,packs de sonidos para máquinas elektron ,Dj.Zyon.42,Córdoba,01/06/2022,25/01/2023,31/12/2022,1362,800
269,0,0,0,1,0,0,0,0,0,novation,novation remote zero sl mk ii ,Pai,Madrid,10/12/2022,28/01/2023,31/12/2022,304,282
270,0,0,1,0,0,0,0,0,0,-,tarjeta smart media 128mb mas adaptador por go pro ,int3rc0m,Madrid,01/09/2020,28/01/2023,31/12/2022,1747,752
271,0,0,0,1,0,0,0,0,0,alm busy ,akemie castle - circuits ,Alinter,Cádiz,10/06/2022,28/01/2023,31/12/2022,844,719
