Unnamed: 0,urgent,buy,change,sell,price,gift,search,repair,parts,synt_brand,description,city,seen,published_dt,expire_dt,date_scrapped_dt
1,0,0,0,1,120,0,0,0,0,korg,korg volca sample 2 ,Zaragoza,52,2024-02-09,2024-07-08,2024-02-09
2,0,0,0,1,200,0,0,0,0,korg,korg 05r w módulo ,Madrid,834,2023-07-27,2024-07-07,2024-02-09
3,0,0,0,1,3190,0,0,0,0,clavia,clavia nord stage 4 73 keys ,Baleares,385,2024-02-02,2024-07-05,2024-02-09
4,0,0,1,0,0,0,0,0,0,roland,roland rd 2000 ,Madrid,738,2023-11-19,2024-07-02,2024-02-09
5,0,0,0,1,425,0,0,0,0,korg,korg drumlogue ,Bizkaia,1970,2023-01-24,2024-07-08,2024-02-09
6,0,0,0,1,2300,0,0,0,0,-,"varios sintes, pedales, cajas ",Valladolid,2010,2023-09-04,2024-07-06,2024-02-09
7,0,0,0,1,550,0,0,0,0,deepmind,deepmind 12 d ,Barcelona,334,2024-02-04,2024-07-07,2024-02-09
8,0,0,0,1,75,0,0,0,0,m-audio,controlador m-audio 5 octavas evolution mk461c ,Madrid,925,2023-02-15,2024-07-02,2024-02-09
9,0,0,0,1,1100,0,0,0,0,luthier,le luthier onde ,Barcelona,767,2023-10-09,2024-07-07,2024-02-09
10,0,0,0,1,120,0,0,0,0,bohm,bohm dynamic 12 24 ,Madrid,558,2024-01-26,2024-07-06,2024-02-09
11,0,0,0,1,240,0,0,0,0,roland,roland eg 101 ,Cantabria,967,2023-06-16,2024-07-07,2024-02-09
12,0,0,0,1,460,0,0,0,0,modal,"modal cobalt + extras, en garantía ",Sevilla,589,2023-12-10,2024-07-04,2024-02-09
13,0,0,0,1,359,0,0,0,0,arturia,arturia keystep pro ,Girona,1761,2021-08-25,2024-07-08,2024-02-09
14,0,0,0,1,410,0,0,0,0,yamaha,sampler yamaha a5000 con extras ,Madrid,586,2024-01-12,2024-07-05,2024-02-09
15,0,0,0,1,890,0,0,0,0,access,access virus ti desktop ,Barcelona,96,2024-02-09,2024-07-08,2024-02-09
16,0,0,0,1,125,0,0,0,0,yamaha,yamaha su10 sampler 16 bits portátil compatible sds ,Alicante,216,2024-02-06,2024-07-06,2024-02-09
17,0,0,0,1,600,0,0,0,0,jomox,jomox xbase999 ,Barcelona,432,2023-06-16,2024-05-20,2024-02-09
18,0,0,0,1,275,0,0,0,0,moog,moog theremini ,Barcelona,718,2023-12-09,2024-07-06,2024-02-09
19,0,0,1,0,0,0,0,0,0,mpc,librería propia mpc ,Madrid,494,2023-09-30,2024-07-04,2024-02-09
20,0,0,0,1,60,0,0,0,0,roland,roland sr-jv80-10 bass and drums ,Madrid,4838,2020-08-28,2024-06-16,2024-02-09
21,0,0,0,1,400,0,0,0,0,akai,akai ewi 5000 ,Bizkaia,174,2024-02-06,2024-07-06,2024-02-09
22,0,0,0,1,700,0,0,0,0,elektron,elektron analog heat mkii ,Madrid,72,2024-02-08,2024-07-08,2024-02-09
23,0,0,0,1,43,0,0,0,0,doepfer,doepfer a-148 sample and hold ,Asturias,304,2024-02-02,2024-07-09,2024-02-09
24,0,0,0,1,369,0,0,0,0,roland,estación de trabajo roland mv-30 + librería de sonidos roland d-70 ,Zaragoza,1126,2023-06-21,2024-07-07,2024-02-09
25,0,0,0,1,15,0,0,0,0,audibax,bolsa de teclado audibax ,Sevilla,164,2024-02-05,2024-07-05,2024-02-09
26,0,0,0,1,1800,0,0,0,0,sequential,sequential prophet rev2 16 voices ,Valencia,1589,2023-10-27,2024-07-06,2024-02-09
27,0,0,0,1,3400,0,0,0,0,korg,korg pa 5x 61 ,Girona,42,2024-02-09,2024-07-09,2024-02-09
28,0,0,0,1,650,0,0,0,0,digitakt,digitakt con 3 meses ,Badajoz,638,2023-12-05,2024-07-07,2024-02-09
29,0,0,0,1,59,0,0,0,0,crumar,soft bag teclado crumar mojo 61 ,Madrid,342,2024-01-26,2024-07-03,2024-02-09
30,0,0,0,1,40,0,0,0,0,korg,decksaver cubrepolvo para korg minilogue ,Cantabria,386,2024-01-26,2024-07-05,2024-02-09
31,0,0,0,1,1150,0,0,0,0,future retro ,777 ,Málaga,719,2023-12-07,2024-07-08,2024-02-09
32,0,0,0,1,430,0,0,0,0,casio,casio fz10m fz-10m fz1 gotek emulator ,Madrid,652,2024-01-19,2024-07-02,2024-02-09
33,0,0,0,1,130,0,0,0,0,midi,módulo midi emu proteus 1 plus orchestral ,Madrid,492,2024-01-26,2024-07-06,2024-02-09
34,0,0,0,1,90,0,0,0,0,behringer,behringer eurorack 104 + cp1a ,Barcelona,620,2023-12-09,2024-07-06,2024-02-09
35,0,0,0,1,830,0,0,0,0,elektron,elektron syntakt ,Araba,368,2024-01-26,2024-06-28,2024-02-09
36,0,0,0,1,425,0,0,0,0,casio,teclado casio celviano ap80r ,Barcelona,278,2023-10-10,2024-07-08,2024-02-09
37,0,0,0,1,90,0,0,0,0,roland,roland sc-33 ,Madrid,2291,2022-05-15,2024-07-05,2024-02-09
38,0,0,0,1,369,0,0,0,0,roland,módulo secuenciador de producción musical roland mv-30 ver videos demo ,Zaragoza,2461,2023-01-25,2024-07-05,2024-02-09
39,0,0,0,1,50,0,0,0,0,korg,stardust synth cover para korg arp odyssey mini ,Cantabria,364,2024-01-26,2024-07-04,2024-02-09
40,0,0,0,1,650,0,0,0,0,elektron,elektron digitone ,Barcelona,406,2024-02-02,2024-07-08,2024-02-09
41,0,0,0,1,75,0,0,0,0,doepfer,doepfer a-106-1 xtreme filter ms20 ,Barcelona,1437,2022-06-08,2024-07-07,2024-02-09
42,0,0,0,1,359,0,0,0,0,akai,rebaja enero 15% a aplicar sampler akai s3000xl ver video ,Zaragoza,598,2024-01-19,2024-07-05,2024-02-09
43,0,0,0,1,139,0,0,0,0,-,pedal overdrive chiralityaudio splinter ,Barcelona,346,2023-08-15,2024-07-06,2024-02-09
44,0,0,0,1,750,0,0,0,0,tasty,tasty chips electronics gr1 ,Baleares,1404,2023-06-07,2024-07-04,2024-02-09
45,0,0,0,1,100,0,0,0,0,-,"equipos de estudio, sintes, caja de ritmo y secuenciador ",Araba,4583,2023-06-01,2024-07-06,2024-02-09
46,0,0,0,1,4000,0,0,0,0,hammond,hammond cv ,A Coruña,631,2023-09-25,2024-06-15,2024-02-09
47,0,0,0,1,75,0,0,0,0,casio,casio vl-tone vl-1 ,Bizkaia,490,2023-11-16,2024-07-05,2024-02-09
48,0,0,0,1,1500,0,0,0,0,nord electro ,6d 61+bolsa+funda ,Albacete,255,2023-12-10,2024-06-07,2024-02-09
49,0,0,0,1,289,0,0,0,0,arturia,teclado controlador arturia keylab mkii de 49 teclas ,A Coruña,780,2023-10-01,2024-07-04,2024-02-09
50,0,0,0,1,300,0,0,0,0,yamaha,yamaha reface cs ,Madrid,450,2023-11-14,2024-07-05,2024-02-09
51,0,0,0,1,60,0,0,0,0,behringer,behringer td3 ,Barcelona,48,2024-02-09,2024-07-09,2024-02-09
52,0,0,0,1,130,0,0,0,0,digitech,digitech studio quad ,Valencia,1144,2023-01-05,2024-02-07,2024-02-09
53,0,0,0,1,250,0,0,0,0,dreadbox,dreadbox typhon ,Madrid,136,2024-02-07,2024-07-07,2024-02-09
54,0,0,0,1,900,0,0,0,0,roland,roland tr-707 con expansión hka ,Madrid,164,2024-02-06,2024-03-08,2024-02-09
55,0,0,0,1,65,0,0,0,0,arturia,arturia keystep ,Pontevedra,592,2024-01-12,2024-07-05,2024-02-09
56,0,0,0,1,600,0,0,0,0,clavia,clavia nord lead 2 v1 06 condición excelente ,Barcelona,663,2024-01-19,2024-07-08,2024-02-09
57,0,0,0,1,1000,0,0,0,0,waldorf,waldorf kyra ,Madrid,557,2024-01-26,2024-07-08,2024-02-09
58,0,0,0,1,1200,0,0,0,0,virus,virus ti2 ,Barcelona,891,2023-12-13,2024-02-07,2024-02-09
59,0,0,0,1,2700,0,0,0,0,akai,akai mpc 3000 ,Barcelona,346,2023-11-01,2024-04-29,2024-02-09
60,0,1,0,0,0,0,0,0,0,-,buzz audio elixir ,Sevilla,236,2024-02-03,2024-07-03,2024-02-09
61,0,0,0,1,4000,0,0,0,0,jomox,jomox resonator neuronium ,Barcelona,950,2023-10-12,2024-07-07,2024-02-09
62,0,0,0,1,145,0,0,0,0,befaco,befaco kickall ,Valencia,1424,2023-06-15,2024-07-06,2024-02-09
63,0,0,0,1,120,0,0,0,0,casio,mini sintetizador casio vl-tone vl-1 ,Barcelona,1057,2023-03-30,2024-07-06,2024-02-09
64,0,0,0,1,4900,0,0,0,0,buchla,buchla music easel portable electric music box ,Girona,1764,2022-02-24,2024-07-02,2024-02-09
65,0,0,0,1,275,0,0,0,0,dreadbox,dreadbox typhon ,Navarra,539,2023-12-10,2024-02-06,2024-02-09
66,0,0,0,1,60,0,0,0,0,teenage engineering ,po-20 arcade ,Córdoba,58,2024-02-08,2024-07-08,2024-02-09
67,0,0,0,1,300,0,0,0,0,korg,korg electribe 2 sampler ,Madrid,1184,2023-09-03,2024-07-06,2024-02-09
68,0,0,0,1,300,0,0,0,0,novation,novation bassstation key ,Barcelona,354,2024-02-02,2024-03-04,2024-02-09
69,0,0,1,0,2500,0,0,0,0,dsi,dsi prophet 12 desktop ,Valencia,1118,2024-01-19,2024-07-05,2024-02-09
71,0,0,0,1,190,0,0,0,0,modular,caja para modular 3u ,Barcelona,1427,2023-02-13,2024-07-06,2024-02-09
72,0,0,0,1,255,0,0,0,0,4ms,ensemble oscillator 4ms ,Barcelona,513,2023-12-10,2024-02-07,2024-02-09
73,0,0,0,1,80,0,0,0,0,yamaha,suport de hihat yamaha amb potes giratòries i ungla anti-lliscant ,Barcelona,42,2024-02-09,2024-07-09,2024-02-09
74,0,0,0,1,100,0,0,0,0,studio,studio electronics atc-1 2600 filter cartridge ,Barcelona,1889,2021-09-21,2024-07-08,2024-02-09
75,0,0,0,1,190,0,0,0,0,mutable,mutable instruments elements ,Gipuzkoa,185,2024-02-05,2024-03-07,2024-02-09
76,0,0,0,1,150,0,0,0,0,roland,adsr dual roland 540 ,Barcelona,480,2023-11-29,2024-07-07,2024-02-09
77,0,0,0,1,350,0,0,0,0,roland,roland jv-1080 con 3 expansiones de sonido ,Madrid,644,2023-12-11,2024-07-08,2024-02-09
78,0,0,0,1,60,0,0,0,0,bheringer,bheringer umx 61 ,Valencia,2492,2021-03-04,2024-07-08,2024-02-09
79,0,0,0,1,250,0,0,0,0,behringer,behringer rd8 ,Barcelona,514,2023-12-05,2024-07-04,2024-02-09
80,0,0,0,1,600,0,0,0,0,access,access virus ti snow ,Baleares,214,2024-01-19,2024-06-18,2024-02-09
81,0,0,0,1,280,0,0,0,0,behringer,behringer rd9 ,Madrid,184,2024-02-07,2024-07-07,2024-02-09
82,0,0,0,1,790,0,0,0,0,behringer,behringer model d + pro 1 + k2 ,Madrid,734,2023-11-30,2024-07-09,2024-02-09
83,0,0,0,1,210,0,0,0,0,-,iconnectaudio 4+ ,Madrid,194,2024-02-06,2024-07-06,2024-02-09
84,0,0,0,1,1390,0,0,0,0,ketron,ketron lounge ssd 240 gb ,Baleares,544,2024-01-19,2024-07-05,2024-02-09
85,0,0,0,1,2550,0,0,0,0,roland,roland juno 6 ,Tarragona,1142,2023-04-14,2024-05-14,2024-02-09
86,0,0,0,1,1499,0,0,0,0,waldorf,waldorf m sintetizador wavetable ,Bizkaia,3875,2021-12-24,2024-07-06,2024-02-09
87,0,0,0,1,0,0,0,0,0,elektron,packs de sonidos para máquinas elektron ,Córdoba,539,2023-11-03,2024-07-06,2024-02-09
88,0,0,0,1,1149,0,0,0,0,arturia,arturia matrixbrute ,Madrid,779,2023-12-04,2024-07-04,2024-02-09
89,0,0,0,1,2250,0,0,0,0,leslie,leslie 122 clásico y autónomo ii ,Zaragoza,1075,2023-05-16,2024-07-09,2024-02-09
90,0,0,0,1,140,0,0,0,0,akai,akai s3000xl ,Madrid,221,2024-02-06,2024-07-06,2024-02-09
91,0,0,0,1,800,0,0,0,0,yamaha,yamaha motif xs6 en perfecto estado ,Barcelona,538,2024-01-12,2024-07-03,2024-02-09
92,0,0,0,1,185,0,0,0,0,waldorf,waldorf streichfett ,Sevilla,192,2024-02-05,2024-07-05,2024-02-09
93,0,0,0,1,85,0,0,0,0,kurzweil,kurzweil controlador ribbon pc2rib ,Madrid,554,2024-01-26,2024-07-05,2024-02-09
94,0,0,0,1,2500,0,0,0,0,yamaha,yamaha montage 7 ,Madrid,779,2023-10-09,2024-07-04,2024-02-09
95,0,0,0,1,790,0,0,0,0,korg,korg cx3 restaurado ,Zaragoza,1716,2023-05-26,2024-07-07,2024-02-09
96,0,0,0,1,499,0,0,0,0,korg,korg poly 61 + flight case ,Málaga,368,2024-02-03,2024-07-03,2024-02-09
97,0,0,0,1,120,0,0,0,0,gator,gator g-pg-49 funda teclado nueva ,Valencia,288,2024-02-02,2024-07-06,2024-02-09
98,0,0,0,1,600,0,0,0,0,korg,korg pa2xpro ,Bizkaia,180,2024-02-06,2024-07-06,2024-02-09
99,0,0,0,1,525,0,0,0,0,analog,leipzig-s 2 late model analog synthesizer ,Málaga,718,2023-12-08,2024-07-04,2024-02-09
100,0,0,0,1,275,0,0,0,0,korg,korg m50 sintetizador ,Madrid,218,2024-02-08,2024-07-08,2024-02-09
101,0,0,0,1,3000,0,0,0,0,korg,"mega pack korg oasys, roland a80 y korg 01prox ",Ourense,384,2024-01-19,2024-06-18,2024-02-09
102,0,0,0,1,250,0,0,0,0,korg,korg microkorg sintetizador ,Cádiz,682,2023-11-28,2024-07-08,2024-02-09
103,0,0,0,1,460,0,0,0,0,akemie,akemie castle ,La Rioja,328,2023-12-07,2024-07-05,2024-02-09
104,0,0,0,1,129,0,0,0,0,artiphon,artiphon orba 2 ,Madrid,412,2024-01-26,2024-07-04,2024-02-09
105,0,0,0,1,560,0,0,0,0,roland,roland tr-606 drumatix caja de ritmos analógica + salidas individualles ,Barcelona,644,2024-01-19,2024-07-08,2024-02-09
106,0,0,0,1,400,0,0,0,0,yamaha,yamaha qy700 secuenciador workstation ,Barcelona,470,2023-08-27,2024-07-07,2024-02-09
107,0,0,0,1,1750,0,0,0,0,mfb,sintetizador analógico parafónico programable mfb dominion 1 en perfecto estado ,Barcelona,156,2024-02-08,2024-07-08,2024-02-09
108,0,0,0,1,300,0,0,0,0,waldorf,waldorf blofeld ,Madrid,800,2023-11-20,2024-07-07,2024-02-09
109,0,0,0,1,80,0,0,0,0,-,po 20 arcade teenage enginering ,Valencia,350,2023-12-12,2024-07-05,2024-02-09
110,0,0,0,1,190,0,0,0,0,jomox,jomox mbase 11 ,Sevilla,570,2023-11-17,2024-07-04,2024-02-09
113,0,0,0,1,400,0,0,0,0,knas,knas ekdahl moisturizer ,Madrid,480,2023-12-12,2024-06-09,2024-02-09
114,0,0,0,1,750,0,0,0,0,akai,sampler akai s900 ,Cádiz,514,2024-01-19,2024-07-08,2024-02-09
115,0,0,0,1,450,0,0,0,0,e-mu,e-mu 5000 ultra ,Barcelona,1452,2023-03-15,2024-07-03,2024-02-09
116,0,0,0,1,600,0,0,0,0,-,tiptop mantis case + modulos ,Madrid,234,2024-02-06,2024-07-06,2024-02-09
117,0,0,0,1,450,0,0,0,0,novation,novation ks rack también cambio por tr8s ,Madrid,1457,2023-01-20,2024-07-07,2024-02-09
118,0,0,0,1,280,0,0,0,0,roland,jp-08 roland boutique ,Barcelona,1652,2023-06-05,2024-07-03,2024-02-09
119,0,0,0,1,200,0,0,0,0,kawai,kawai k1r modulo ,Madrid,1012,2023-07-27,2024-07-07,2024-02-09
120,0,0,0,1,380,0,0,0,0,waldorf,"waldorf stvc "" vendido"" ",Navarra,765,2024-01-12,2024-07-04,2024-02-09
121,0,0,0,1,600,0,0,0,0,eurorack,varios módulos eurorack ,Barcelona,554,2023-12-07,2024-07-06,2024-02-09
122,0,0,0,1,1980,0,0,0,0,keys,nord piano 5 88 keys ,Baleares,608,2024-01-19,2024-07-08,2024-02-09
123,0,0,0,1,150,0,0,0,0,-,malekko varigate 4+ black leer bien ,Barcelona,861,2023-07-03,2024-07-08,2024-02-09
124,0,0,0,1,900,0,0,0,0,roland,roland alpha juno-2 ,Barcelona,183,2024-02-06,2024-07-06,2024-02-09
125,0,0,0,1,45,0,0,0,0,roland,roland dk-01 boutique dock nuevo ,Valencia,1648,2023-03-08,2024-07-06,2024-02-09
126,0,0,0,1,1400,0,0,0,0,yamaha,yamaha yc61 ,Málaga,471,2023-11-06,2024-05-04,2024-02-09
127,0,0,0,1,1500,0,0,0,0,roland,roland v-synth gt ,Barcelona,1329,2023-07-10,2024-07-03,2024-02-09
128,0,0,0,1,575,0,0,0,0,leslie,gabinete de sonido leslie dynacord dc-300-e ,Zaragoza,1741,2023-01-20,2024-07-07,2024-02-09
129,0,0,0,1,380,0,0,0,0,korg,korg minilogue ,Alicante,1081,2023-10-16,2024-07-09,2024-02-09
130,0,0,0,1,1350,0,0,0,0,korg,korg sv2 88 en garantia ,Málaga,1008,2023-11-13,2024-07-03,2024-02-09
131,0,0,0,1,739,0,0,0,0,eurorack,caja eurorack - 7u 104hp - 2 many synths ,Madrid,1127,2023-09-18,2024-05-18,2024-02-09
132,0,0,0,1,12000,0,0,0,0,moog,moog system 15 ,Barcelona,8278,2020-10-03,2024-07-09,2024-02-09
133,0,0,0,1,2050,0,0,0,0,leslie,leslie 122 clásico y autónomo ,Zaragoza,1029,2023-05-16,2024-07-07,2024-02-09
134,0,0,1,0,2950,0,0,0,0,custom,custom system ,Valencia,492,2024-02-02,2024-07-05,2024-02-09
135,0,0,0,1,240,0,0,0,0,eowave,eowave domino desktop ,Araba,214,2024-02-05,2024-07-05,2024-02-09
136,0,0,0,1,150,0,0,0,0,roland,roland r8-m con 2 tarjetas de sonidos ,Madrid,774,2023-12-11,2024-07-08,2024-02-09
137,0,0,0,1,230,0,0,0,0,eurorack,black hole dsp 2 modulo eurorack ,Barcelona,114,2024-02-07,2024-07-08,2024-02-09
138,0,0,0,1,1200,0,0,0,0,prophet,prophet rev2 8voces desktop ,Valencia,291,2024-01-19,2024-06-18,2024-02-09
139,0,0,0,1,1600,0,0,0,0,yamaha,yamaha montage 6 ,Castellón,428,2024-02-03,2024-07-03,2024-02-09
140,0,0,0,1,40,0,0,0,0,intellijel,intellijel patas 7u case ,Madrid,484,2024-01-12,2024-02-06,2024-02-09
141,0,0,0,1,325,0,0,0,0,falcon,falcon 3 0+ librerias ,Madrid,711,2023-06-21,2024-07-08,2024-02-09
142,0,0,0,1,1199,0,0,0,0,squarp,squarp instruments hapax secuenciador avanzado ,Bizkaia,1629,2023-02-23,2024-07-08,2024-02-09
143,0,0,0,1,350,0,0,0,0,intellijel,intellijel palette 104 ,Madrid,257,2024-02-04,2024-07-07,2024-02-09
144,0,0,0,1,165,0,0,0,0,midi,teclado midi nektar panorama t4 ,Castellón,112,2024-02-07,2024-07-07,2024-02-09
145,0,0,0,1,255,0,0,0,0,roland,roland ju06 ,Madrid,961,2023-09-25,2024-07-02,2024-02-09
146,0,0,0,1,140,0,0,0,0,befaco,befaco kickall ,Madrid,142,2023-10-24,2024-04-21,2024-02-09
147,0,0,0,1,225,0,0,0,0,doepfer,doepfer a-100lc3v low cost case vintage edition ,Bizkaia,2614,2022-05-25,2024-07-06,2024-02-09
148,0,0,0,1,3099,0,0,0,0,udo,"udo super gemini, sequential prophet 10 module,,prophet rev2-8 module, pro 3 se, pro 3,elektron rytm mkii, waldorf m, ",Bizkaia,19559,2021-02-17,2024-06-09,2024-02-09
149,0,0,0,1,500,0,0,0,0,analogue solutions ,oberkorn 3 ,Barcelona,972,2023-10-16,2024-02-07,2024-02-09
150,0,1,1,0,0,0,0,0,0,mopho,módulo mopho ,Valladolid,134,2024-02-07,2024-07-07,2024-02-09
151,0,0,0,1,130,0,0,0,0,mutable,mutable instruments rings clono módulo de eurorack ,Barcelona,564,2023-09-20,2024-06-16,2024-02-09
152,0,0,0,1,50,0,0,0,0,midi,midi thru philip rees v3 ,Girona,574,2023-10-20,2024-07-08,2024-02-09
153,0,0,0,1,600,0,0,0,0,korg,korg kingkorg black ,Pontevedra,1307,2023-07-08,2024-07-09,2024-02-09
154,0,0,0,1,150,0,0,0,0,yamaha,yamaha rev500 ,Valencia,5069,2016-11-07,2024-02-07,2024-02-09
155,0,0,0,1,300,0,0,0,0,roland,roland xv-5050 módulo ,Madrid,982,2023-07-27,2024-07-07,2024-02-09
156,0,0,0,1,290,0,0,0,0,-,kit controlador para leslies de 6 pines 122 y 147 familias 6h y 6w ,Zaragoza,1779,2021-07-10,2024-07-09,2024-02-09
157,0,0,0,1,875,0,0,0,0,kawai,kawai ep608 piano electrico ,Barcelona,376,2024-02-03,2024-07-03,2024-02-09
158,0,0,0,1,520,0,0,0,0,roland,roland tr8s ,Sevilla,617,2023-11-17,2024-07-04,2024-02-09
159,0,0,0,1,325,0,0,0,0,dreadbox,dreadbox erebus v2 ,Madrid,88,2024-02-07,2024-07-08,2024-02-09
160,0,0,0,1,125,0,0,0,0,korg,korg x3 como módulo ,Barcelona,772,2023-09-14,2024-07-08,2024-02-09
161,0,0,1,0,0,0,0,0,0,eurorack,eurorack ,Zaragoza,552,2024-01-26,2024-07-08,2024-02-09
162,0,0,0,1,6000,0,0,0,0,hammond,hammond a100 con leslie 760 ,Zaragoza,6948,2020-11-03,2024-07-09,2024-02-09
163,0,0,0,1,350,0,0,0,0,behringer,behringer ms-1 bk ,Bizkaia,583,2023-11-16,2024-07-05,2024-02-09
164,0,0,0,1,60,0,0,0,0,behringer,behringer rd6 ,Barcelona,60,2024-02-09,2024-07-09,2024-02-09
165,0,0,0,1,120,0,0,0,0,hexinverter,hexinverter mutant hi hats tambien cambio ,Barcelona,775,2023-10-22,2024-02-07,2024-02-09
166,0,0,0,1,139,0,0,0,0,doepfer,doepfer a-111-6 full synth voice ,Zaragoza,580,2023-11-30,2024-07-07,2024-02-09
167,0,0,0,1,480,0,0,0,0,eowave,eowave quadrantid swarm module ,Madrid,234,2024-02-04,2024-07-07,2024-02-09
168,0,0,0,1,365,0,0,0,0,yamaha,yamaha mx61 con funda incluida ,Barcelona,1251,2023-07-20,2024-06-30,2024-02-09
169,0,0,0,1,600,0,0,0,0,sherman,sherman filterbank 2 ,Madrid,99,2024-02-08,2024-07-08,2024-02-09
170,0,0,0,1,1879,0,0,0,0,modular,sintetizador modular endorphines shuttle system eurorack a estrenar ,Madrid,1621,2023-02-20,2024-02-08,2024-02-09
171,0,0,0,1,750,0,0,0,0,korg,korg m 50 88 teclas ,Madrid,2282,2022-12-30,2024-07-08,2024-02-09
172,0,0,1,0,0,0,0,0,0,roland,roland alpha juno por korg wavestate ,Barcelona,308,2024-02-03,2024-07-06,2024-02-09
173,0,0,0,1,1950,0,0,0,0,leslie,leslie 147 autónomo ,Zaragoza,961,2023-05-26,2024-07-07,2024-02-09
174,0,0,0,1,99,0,0,0,0,korg,diosplay para korg m-3 nueva sin usar ,Castellón,96,2024-02-07,2024-07-07,2024-02-09
175,0,0,0,1,395,0,0,0,0,korg,korg minilogue xd + bancos + osciladores fx ,Granada,462,2024-02-02,2024-07-01,2024-02-09
176,0,0,0,1,180,0,0,0,0,elektron,"estuche doble a medida elektron syntakt , digitakt,digitone,etc ",Madrid,2054,2023-06-18,2024-07-01,2024-02-09
177,0,0,0,1,1200,0,0,0,0,nord electro ,5 hp 73 teclas ,Valencia,200,2024-02-05,2024-07-05,2024-02-09
178,0,0,0,1,50,0,0,0,0,behringer,autocom mdx1200 behringer ,Valencia,991,2023-01-05,2024-02-07,2024-02-09
179,0,0,0,1,950,0,0,0,0,waldorf,waldorf micro q keyboard ,Barcelona,338,2024-02-02,2024-07-02,2024-02-09
180,0,0,0,1,400,0,0,0,0,behringer,behringer 2600 en garantía y embalaje original ,Sevilla,719,2024-01-19,2024-07-04,2024-02-09
181,0,0,0,1,135,0,0,0,0,modular,2 buses y fuente para modular befaco regalo la caja ,Barcelona,6145,2019-02-09,2024-07-06,2024-02-09
182,0,0,0,1,950,0,0,0,0,asm,asm hydrasynth keyboard ,Madrid,746,2023-11-16,2024-07-03,2024-02-09
183,0,0,0,1,275,0,0,0,0,teletype,terminal teletype ,Madrid,313,2023-11-08,2024-05-13,2024-02-09
184,0,0,0,1,375,0,0,0,0,korg,korg kingkorg ,Navarra,102,2024-02-09,2024-07-08,2024-02-09
185,0,0,0,1,200,0,0,0,0,roland,roland u-220 con tarjeta expansión orchestral strings ,Araba,498,2024-01-12,2024-07-04,2024-02-09
186,0,0,0,1,25,0,0,0,0,roland,roland sound canvas mando a distancia ,Córdoba,484,2022-12-31,2024-07-08,2024-02-09
187,0,1,0,0,0,0,0,0,0,-,grabación flash eprom y pld k2500 ,Alicante,660,2023-09-30,2024-07-04,2024-02-09
188,0,0,0,1,780,0,0,0,0,analogue solutions ,telemark bajo el precio ,Valencia,1279,2023-10-04,2024-07-07,2024-02-09
189,0,0,0,1,925,0,0,0,0,dexibell,piano dexibell vivo s1 ,Burgos,412,2024-01-12,2024-07-05,2024-02-09
190,0,0,0,1,900,0,0,0,0,access,access virus c tambien cambio por analog rytm o syntakt ,Madrid,1134,2023-09-08,2024-07-06,2024-02-09
191,0,0,0,1,950,0,0,0,0,novation,novation peak en garantía ,Madrid,324,2024-02-02,2024-07-02,2024-02-09
192,0,0,0,1,470,0,0,0,0,akai,akai mpc one ,Pontevedra,180,2024-02-06,2024-07-06,2024-02-09
193,0,0,0,1,550,0,0,0,0,mutable,mutable instruments ambika ,Valencia,716,2023-10-22,2024-07-07,2024-02-09
194,0,0,0,1,450,0,0,0,0,moog,moog mother 32 + regalo decksaver ,Barcelona,919,2023-10-09,2024-04-06,2024-02-09
195,0,0,0,1,410,0,0,0,0,endorphin,endorphin es queen of pentacles solo venta ,Lugo,450,2024-01-26,2024-06-26,2024-02-09
196,0,0,0,1,499,0,0,0,0,modal,modal argon8 ,Bizkaia,6133,2021-03-29,2024-07-06,2024-02-09
197,0,0,1,0,1500,0,0,0,0,-,electron machinedrum sps1 uw mk1 ,Valencia,606,2023-12-10,2024-07-05,2024-02-09
198,0,0,0,1,180,0,0,0,0,casio,sintetizador casio cz-1000 cz1000 + alimentador + manual instrucciones ,Alicante,274,2024-02-06,2024-07-06,2024-02-09
199,0,0,0,1,769,0,0,0,0,-,dirtywave m8 tracker ,Barcelona,197,2024-02-06,2024-07-06,2024-02-09
200,0,0,0,1,1500,0,0,0,0,nord lead ,3 ,Valencia,76,2024-02-09,2024-07-08,2024-02-09
201,0,0,0,1,200,0,0,0,0,yamaha,yamaha cs1x ,Pontevedra,318,2023-10-14,2024-07-06,2024-02-09
202,0,0,0,1,100,0,0,0,0,maschine,maschine mk i ,Valencia,4085,2020-04-26,2024-02-07,2024-02-09
203,0,0,0,1,429,0,0,0,0,arturia,arturia keylab mkii 61 teclado controlador midi ,Lugo,1572,2023-01-04,2024-07-04,2024-02-09
204,0,0,0,1,10,0,0,0,0,mutable,mutable instruments panels ,Madrid,398,2023-11-15,2024-07-06,2024-02-09
205,0,0,0,1,170,0,0,0,0,akai,akai mpk61 teclado controlador ,Madrid,438,2024-01-12,2024-06-13,2024-02-09
206,0,0,0,1,200,0,0,0,0,beringer,beringer nuetron ,Madrid,118,2024-02-07,2024-07-07,2024-02-09
207,0,0,0,1,970,0,0,0,0,elektron,elektron syntakt e25 limited edition ,Araba,461,2024-01-26,2024-07-08,2024-02-09
208,0,0,0,1,440,0,0,0,0,moog,"moog mavis, bastl instruments kastle 1 5 & b drum y korg sq1 ",Barcelona,240,2024-02-05,2024-07-05,2024-02-09
210,0,0,0,1,750,0,0,0,0,roland,roland cr8000 cr-8000 korg kms-30 ,Madrid,721,2024-01-19,2024-07-02,2024-02-09
211,0,0,0,1,5000,0,0,0,0,roland,roland jupiter 4 ,Barcelona,6136,2022-01-22,2024-07-09,2024-02-09
212,0,0,0,1,750,0,0,0,0,roland,roland d05 & dtronics dt01 ,Barcelona,138,2024-02-09,2024-03-10,2024-02-09
213,0,0,0,1,425,0,0,0,0,doepfer,doepfer a-100p9 case psu3 eurorack x 2 ,Málaga,384,2023-12-04,2024-06-20,2024-02-09
214,0,0,0,1,1895,0,0,0,0,clavia,clavia nord modular g2+exp+case ,A Coruña,988,2023-11-16,2024-07-03,2024-02-09
215,0,0,0,1,150,0,0,0,0,-,nord soft case piano 73 ,Baleares,494,2024-01-19,2024-07-05,2024-02-09
216,0,0,0,1,1000,0,0,0,0,korg,korg 900ps 1975 ,Madrid,1468,2023-08-21,2024-07-08,2024-02-09
217,0,0,0,1,200,0,0,0,0,jomox,jomox mbrane 11 y midifighter twister white ,Madrid,236,2024-02-06,2024-07-06,2024-02-09
218,0,0,0,1,235,0,0,0,0,roland,roland tr6s ,Barcelona,60,2024-02-09,2024-07-09,2024-02-09
219,0,0,0,1,120,0,0,0,0,roland,roland a300 pro ,Madrid,124,2024-02-07,2024-07-07,2024-02-09
220,0,0,1,0,0,0,0,0,0,korg,korg 01 prox con flight case cambio por studiologic sl88 reservado ,Ourense,620,2023-11-13,2024-07-03,2024-02-09
222,0,0,0,1,299,0,0,0,0,korg,korg oasys por tiempo limitado con gator xxl reservado ,Ourense,1149,2023-11-13,2024-07-03,2024-02-09
223,0,0,0,1,140,0,0,0,0,eurorack,dual drive eurorack ,Zaragoza,566,2023-10-15,2024-07-08,2024-02-09
224,0,0,0,1,250,0,0,0,0,korg,korg r3 sinte y vocoder ,Barcelona,119,2024-02-07,2024-07-07,2024-02-09
225,0,0,0,1,600,0,0,0,0,asm,asm hydrasynth desktop ,Barcelona,390,2023-12-07,2024-07-06,2024-02-09
226,0,0,0,1,400,0,0,0,0,polyend,polyend tracker ,Madrid,2108,2023-09-02,2024-07-09,2024-02-09
227,0,0,1,0,0,0,0,0,0,volca,volca keys o drum nuevos por un volca bass ,Barcelona,82,2024-02-07,2024-07-07,2024-02-09
228,0,0,0,1,650,0,0,0,0,analogue solutions ,oberkorn 3 sequencer ,Málaga,580,2023-12-08,2024-07-08,2024-02-09
229,0,0,0,1,150,0,0,0,0,novation,novation circuit groovebox ,Barcelona,124,2024-02-08,2024-07-08,2024-02-09
230,0,0,0,1,260,0,0,0,0,korg,korg volca bass + keys + beats ,Barcelona,568,2024-01-12,2024-07-08,2024-02-09
231,0,0,0,1,6,0,0,0,0,iomega,disquetes iomega zip 100 mb nuevos y precintados ,Zaragoza,478,2024-01-26,2024-07-02,2024-02-09
232,0,0,0,1,350,0,0,0,0,komplete,komplete s61 mk2 ,Madrid,144,2024-02-07,2024-07-07,2024-02-09
233,0,0,0,1,925,0,0,0,0,leslie,leslie 815 proline ,Zaragoza,3140,2020-11-06,2024-07-09,2024-02-09
234,0,0,0,1,745,0,0,0,0,elektron,elektron digitone + decksaver ,Girona,1641,2022-01-20,2024-07-08,2024-02-09
235,0,0,0,1,200,0,0,0,0,-,malekko varigate 4+ ,La Rioja,280,2023-11-11,2024-07-05,2024-02-09
236,0,1,0,0,0,0,0,0,0,korg,korg arp 2600m ,Madrid,302,2023-12-09,2024-07-04,2024-02-09
237,0,0,0,1,5999,0,0,0,0,rhodes,"piano rhodes mark ii suitcase eighty eight 88, the top model! ",Madrid,1952,2022-12-23,2024-07-05,2024-02-09
238,0,0,0,1,150,0,0,0,0,modular,black market modular eurorack case + tiptop rack and power ,Málaga,518,2023-11-24,2024-06-12,2024-02-09
239,0,0,0,1,230,0,0,0,0,korg,teclado korg x3 sintetizador ,Girona,422,2023-11-14,2024-07-05,2024-02-09
240,0,0,0,1,10,0,0,0,0,elektron,cable elektron usb tipo a a tipo b ,Cantabria,79,2024-02-09,2024-07-08,2024-02-09
241,0,1,0,0,0,0,0,0,0,system,"system 100 o caja, módulos sueltos, mod generativos, railes, etc ",Granada,245,2024-02-06,2024-07-06,2024-02-09
242,0,0,0,1,450,0,0,0,0,yamaha,clavinova piano digital yamaha clp-120 ,Madrid,456,2024-02-02,2024-06-30,2024-02-09
243,0,0,0,1,4500,0,0,0,0,buchla,buchla easel vintage custom ,Valencia,263,2024-02-06,2024-07-07,2024-02-09
244,0,0,0,1,1800,0,0,0,0,korg,korg nautilus 88 teclas contrapesadas en garantía ,Murcia,680,2023-11-19,2024-07-09,2024-02-09
245,0,0,0,1,770,0,0,0,0,roland,roland 1976 analog synth genesis cure camel string machine ,Pontevedra,2502,2022-12-29,2024-07-04,2024-02-09
246,0,0,0,1,450,0,0,0,0,behringer,behringer 2600 gray meanie ,Barcelona,1091,2023-08-30,2024-07-08,2024-02-09
247,0,0,0,1,110,0,0,0,0,teia,teia vcateam dual vca euroack ,Málaga,312,2023-12-04,2024-06-19,2024-02-09
248,0,0,1,0,1300,0,0,0,0,moog,moog subsequent 37 ,Valencia,918,2023-12-14,2024-07-05,2024-02-09
249,0,0,0,1,80,0,0,0,0,korg,funda flight case para korg kronos 73 teclas ,Madrid,598,2023-09-20,2024-07-02,2024-02-09
250,0,0,0,1,360,0,0,0,0,music,tokyo tape music center dual sine sawtooth generator model 158 -eurorack ,Cantabria,701,2023-09-17,2024-07-02,2024-02-09
251,0,0,0,1,89,0,0,0,0,nord stage ,"case thon para electro, 73 y otros teclados ",Madrid,1006,2023-06-18,2024-07-03,2024-02-09
252,0,0,0,1,1250,0,0,0,0,nord electro ,5 61d ,Zaragoza,596,2023-12-11,2024-07-07,2024-02-09
253,0,0,0,1,1150,0,0,0,0,mfb,mfb tanzbar caja de ritmos analógica ,Madrid,619,2023-07-22,2024-02-06,2024-02-09
254,0,0,1,0,0,0,0,0,0,yamaha,yamaha modx6 --lo busco-- ,Jaén,342,2024-02-02,2024-07-02,2024-02-09
255,0,0,0,1,65,0,0,0,0,arturia,arturia minifreak v ,Madrid,564,2024-01-26,2024-02-03,2024-02-09
257,0,0,0,1,375,0,0,0,0,erica synths ,"- lxr drum module eurorack, en garantía ",Madrid,591,2024-02-02,2024-07-02,2024-02-09
258,0,0,0,1,475,0,0,0,0,roland,roland fantom s ,Barcelona,825,2023-09-14,2024-07-08,2024-02-09
259,0,0,0,1,85,0,0,0,0,kawai,sintetizador kawai k1m ,Barcelona,80,2024-02-09,2024-07-09,2024-02-09
260,0,0,0,1,100,0,0,0,0,novation,novation launchpad pro mk2 ,Barcelona,110,2024-02-08,2024-07-08,2024-02-09
261,0,0,0,1,110,0,0,0,0,novation,novation sl 25 mk2 ,Zaragoza,1555,2023-02-07,2024-07-03,2024-02-09
262,0,0,0,1,350,0,0,0,0,arturia,arturia key step pro ,Granada,566,2023-12-12,2024-02-07,2024-02-09
263,0,0,0,1,290,0,0,0,0,emu,sampler emu esi 2000 ,Valencia,846,2023-07-08,2024-07-07,2024-02-09
264,0,0,0,1,190,0,0,0,0,eurorack,eurorack monograf - frequency central ,Zaragoza,492,2023-12-07,2024-07-07,2024-02-09
265,0,0,0,1,1590,0,0,0,0,hammond,hammond m100 de 1965 ,Zaragoza,1934,2023-01-16,2024-07-07,2024-02-09
266,0,0,0,1,450,0,0,0,0,yamaha,yamaha sy77 modal argon8x ,Valladolid,901,2023-09-20,2024-07-06,2024-02-09
267,0,0,0,1,340,0,0,0,0,eurorack,modulos eurorack ,Valencia,656,2024-01-26,2024-07-05,2024-02-09
268,0,0,0,1,75,0,0,0,0,doepfer,doepfer a-192-1 cvm16 ,Gipuzkoa,186,2024-02-05,2024-03-07,2024-02-09
269,0,0,0,1,550,0,0,0,0,midi,oxi one sequencer + midi expander ,Málaga,584,2023-12-12,2024-06-28,2024-02-09
270,0,0,0,1,75,0,0,0,0,eurorack,pico vca2 eurorack modulo ,Cantabria,514,2023-09-17,2024-07-02,2024-02-09
271,0,0,0,1,495,0,0,0,0,korg,korg minilogue xd + decksaver ,Girona,1910,2022-01-21,2024-07-08,2024-02-09
272,0,0,0,1,125,0,0,0,0,cortex,urings construído por cortex modulex ,Gipuzkoa,342,2023-11-20,2024-05-18,2024-02-09
273,0,0,0,1,369,0,0,0,0,roland,rebaja navidad 15% a aplicar secuenciador modulo de sonidos roland mv-30 ,Zaragoza,736,2023-11-22,2024-07-05,2024-02-09
274,0,0,0,1,120,0,0,0,0,roland,roland u-110 ,Madrid,812,2023-07-31,2024-07-04,2024-02-09
275,0,0,0,1,600,0,0,0,0,korg,korg cx-3 mki analógico 1979 restaurado ,Valencia,1167,2023-10-06,2024-07-06,2024-02-09
276,0,0,0,1,5200,0,0,0,0,moog,pack moog voyager + moogerfoogers acepto cambios ,Barcelona,839,2023-10-19,2024-07-06,2024-02-09
277,0,0,0,1,90,0,0,0,0,behringer,behringer eurorack system-100 121 + 150 ,Barcelona,674,2023-12-09,2024-07-04,2024-02-09
278,0,0,0,1,900,0,0,0,0,roland,roland gr 700 guitar synthesizer ,Girona,1476,2022-05-10,2024-07-08,2024-02-09
279,0,0,0,1,90,0,0,0,0,doepfer,doepfer dual quantizer vintage edition ,Madrid,444,2023-11-29,2024-07-15,2024-02-09
280,0,0,0,1,170,0,0,0,0,-,flight case ,Valencia,396,2024-01-26,2024-07-14,2024-02-09
281,0,0,0,1,19,0,0,0,0,custom,sonidos custom para nord lead a1 ,Cuenca,5068,2018-04-11,2024-07-18,2024-02-09
282,0,0,0,1,450,0,0,0,0,yamaha,yamaha tg77 ,Madrid,188,2024-02-07,2024-07-15,2024-02-09
283,0,0,0,1,245,0,0,0,0,casio,casio xw-g1 groove synthesizer ,A Coruña,366,2023-10-03,2024-03-31,2024-02-09
284,0,0,1,0,0,0,1,0,0,arturia,arturia rackbrute 3u ,Zaragoza,90,2024-02-07,2024-07-16,2024-02-09
285,0,0,0,1,3200,0,0,0,0,korg,korg pa5x 61 teclas ,Barcelona,306,2024-02-02,2024-07-17,2024-02-09
286,0,0,0,1,250,0,0,0,0,erica synths ,sample drum modulo ,Barcelona,335,2023-11-22,2024-05-20,2024-02-09
287,0,0,0,1,260,0,0,0,0,roland,roland bk-3 en buenas condiciones ,Madrid,150,2024-02-06,2024-07-15,2024-02-09
288,0,0,0,1,350,0,0,0,0,intellijel,"intellijel ""metropolis"" ",Málaga,241,2023-10-02,2024-02-18,2024-02-09
289,0,0,0,1,20,0,0,0,0,roland,roland cbbdj202 bolsa transporte ,Burgos,264,2024-02-02,2024-02-16,2024-02-09
290,0,0,0,1,390,0,0,0,0,komplete,komplete kontrol s61 mk2 ,Baleares,145,2024-02-06,2024-07-15,2024-02-09
291,0,0,0,1,220,0,0,0,0,dreadbox,dreadbox whiteline oscillator 2 modulos eurorack ,Asturias,210,2023-12-12,2024-07-16,2024-02-09
292,0,0,0,1,70,0,0,0,0,korg,korg taktile 49 teclas ,Salamanca,100,2024-02-09,2024-07-17,2024-02-09
293,0,0,0,1,10,0,0,0,0,midi,cables midi ,Cantabria,82,2024-02-05,2024-07-14,2024-02-09
294,0,0,0,1,500,0,0,0,0,roland,sintetizador roland alpha juno 1 ,Barcelona,160,2024-02-08,2024-07-16,2024-02-09
295,0,0,0,1,620,0,0,0,0,elektron,elektron digitakt ,Girona,108,2024-02-05,2024-07-14,2024-02-09
296,0,0,0,1,3150,0,0,0,0,buchla,buchla easel command + expansión x7 usb-a midi + extras ,Barcelona,1076,2023-06-13,2024-07-17,2024-02-09
297,0,0,0,1,60,0,0,0,0,intellijel,intellijel octalink 1u eurorack ,Málaga,92,2024-02-07,2024-07-16,2024-02-09
298,0,0,0,1,1800,0,0,0,0,akai,lote de akai ,Madrid,330,2024-02-03,2024-07-12,2024-02-09
299,0,0,0,1,600,0,0,0,0,solton,solton arranger plus caja de ritmos y sintetizador ,Girona,94,2024-02-09,2024-07-17,2024-02-09
300,0,0,0,1,25,0,0,0,0,intellijel,intellijel line-in 1u eurorack x3 ,Málaga,90,2024-02-07,2024-07-16,2024-02-09
301,0,0,0,1,300,0,0,0,0,kurzweil,kurzweil pc2r ,Pontevedra,324,2024-02-03,2024-07-11,2024-02-09
302,0,0,0,1,220,0,0,0,0,uno,uno synth pro ,Barcelona,192,2024-02-06,2024-07-15,2024-02-09
303,0,0,0,1,180,0,0,0,0,noise,noise engineering zularic repetitor ,Barcelona,162,2024-02-04,2024-03-15,2024-02-09
304,0,0,0,1,150,0,0,0,0,boss,boss bx-80 mixer sound like aphex twin! ,Málaga,332,2024-02-06,2024-07-15,2024-02-09
305,0,0,0,1,40,0,0,0,0,noise,ladik n-220 silenzio! noise gate eurorack ,Málaga,88,2024-02-07,2024-07-16,2024-02-09
306,0,0,0,1,110,0,0,0,0,akai,akai mpd 226 ,Madrid,414,2023-09-26,2024-07-13,2024-02-09
307,0,0,0,1,590,0,0,0,0,winter,winter modular eloquencer + eme expansion ,Barcelona,236,2023-11-26,2024-01-25,2024-02-09
308,0,0,0,1,89,0,0,0,0,-,flightcase teclado ,Madrid,276,2024-02-02,2024-07-15,2024-02-09
309,0,0,0,1,50,0,0,0,0,xaoc,xaoc bytom eurorack ,Málaga,100,2024-02-07,2024-07-16,2024-02-09
310,0,0,0,1,875,0,0,0,0,kawai,kawai ep608 ,Barcelona,100,2024-02-09,2024-07-17,2024-02-09
311,0,0,0,1,510,0,0,0,0,acidlab,acidlab m1nm1 ,Barcelona,197,2024-02-05,2024-03-15,2024-02-09
312,0,0,0,1,300,0,0,0,0,korg,korg microkorg s ,Barcelona,586,2023-09-06,2024-05-13,2024-02-09
313,0,0,0,1,30,0,0,0,0,korg,korg nanokey2 ,Zaragoza,170,2024-02-05,2024-07-13,2024-02-09
314,0,0,0,1,750,0,0,0,0,eurorack,case eurorack nono lander 2 3x101hp ,Madrid,531,2023-09-06,2024-03-29,2024-02-09
315,0,0,0,1,650,0,0,0,0,mopho,mopho sintetizador ,Madrid,62,2024-02-09,2024-07-17,2024-02-09
316,0,0,0,1,5750,0,0,0,0,modular,sistema modular completo ,Barcelona,1745,2023-07-26,2024-07-17,2024-02-09
317,0,0,0,1,159,0,0,0,0,-,soporte de teclado triple proel ,Barcelona,598,2023-12-20,2024-07-14,2024-02-09
318,0,0,0,1,0,0,0,0,0,eurorack,módulos eurorack varios 1u y 3u ,Madrid,2560,2023-10-09,2024-07-17,2024-02-09
319,0,0,1,0,1650,0,0,0,0,korg,o korg kronos ,Madrid,289,2024-02-05,2024-07-13,2024-02-09
320,0,0,0,1,580,0,0,0,0,siel,siel orchestra string machine - 1979 ,Madrid,298,2024-02-03,2024-07-12,2024-02-09
321,0,0,0,1,1499,0,0,0,0,roland,roland tr-707 hka rom ,Barcelona,115,2024-02-09,2024-07-17,2024-02-09
322,0,0,0,1,500,0,0,0,0,roland,roland tr77 tr-77 ,Madrid,226,2024-02-04,2024-07-13,2024-02-09
323,0,0,0,1,25,0,0,0,0,akai,soporte akai mpc one ,Madrid,700,2023-08-20,2024-02-17,2024-02-09
324,0,0,0,1,350,0,0,0,0,yamaha,sampler yamaha a4000 ,Barcelona,1847,2023-01-04,2024-07-17,2024-02-09
325,0,0,0,1,2000,0,0,0,0,-,teclado tyros 5 con 76 teclas con ampliación a 1024m y 2 packs de sonidos y ritmos ,Madrid,991,2023-04-16,2024-07-15,2024-02-09
326,0,0,0,1,120,0,0,0,0,damage,audio damage freq shift eurorack ,Málaga,90,2024-02-07,2024-07-16,2024-02-09
327,0,0,0,1,225,0,0,0,0,novation,novation ultranova ,Cádiz,442,2024-01-19,2024-07-12,2024-02-09
328,0,0,0,1,3000,0,0,0,0,young,piano young chang u121 diseño ,Sevilla,144,2024-02-07,2024-07-15,2024-02-09
329,0,0,0,1,7,0,0,0,0,roland,roland qd quick disks ,Zamora,492,2023-11-29,2024-02-14,2024-02-09
330,0,0,0,1,190,0,0,0,0,emu,modulo emu b3 ,Zamora,526,2023-09-23,2024-05-15,2024-02-09
331,0,0,0,1,1000,0,0,0,0,access,access virus ti ,Madrid,142,2024-02-07,2024-07-15,2024-02-09
332,0,0,0,1,450,0,0,0,0,doepfer,doepfer a100 eurorack case ,Barcelona,190,2024-02-05,2024-07-14,2024-02-09
333,0,0,0,1,450,0,0,0,0,moog,moog mother 32 + dfam ,Barcelona,1184,2023-09-06,2024-05-13,2024-02-09
334,0,0,0,1,2550,0,0,0,0,yamaha,yamaha montage 8 ,Madrid,746,2023-07-18,2024-07-16,2024-02-09
335,0,0,0,1,180,0,0,0,0,roland,caja de ritmos roland rhythm 33 ,Madrid,233,2024-01-19,2024-07-17,2024-02-09
336,0,0,0,1,500,0,0,0,0,akai,akai mpc1000 jjos2 + 128 mb ,Barcelona,400,2023-07-05,2024-07-13,2024-02-09
337,0,0,0,1,190,0,0,0,0,novation,novation circuit rhythm ,Madrid,158,2024-02-06,2024-07-15,2024-02-09
338,0,0,0,1,100,0,0,0,0,-,m audio keystation 61 mk3 ,Barcelona,86,2024-02-08,2024-07-16,2024-02-09
339,0,0,0,1,60,0,0,0,0,eurorack,eurorack ladik quantizer ,Zaragoza,86,2024-02-07,2024-07-16,2024-02-09
340,0,0,0,1,900,0,0,0,0,elektron,elektron analog rytm mk1 ,Almería,376,2024-02-02,2024-07-16,2024-02-09
341,0,0,0,1,190,0,0,0,0,akai,akai sg01v ,Madrid,1202,2023-03-31,2024-07-17,2024-02-09
342,0,0,0,1,95,0,0,0,0,roland,roland e15 ,Barcelona,142,2024-02-05,2024-07-14,2024-02-09
343,0,0,0,1,150,0,0,0,0,erica synths ,black joystick 2 ,Barcelona,112,2024-02-07,2024-07-16,2024-02-09
344,0,0,0,1,120,0,0,0,0,eurorack,case eurorack con teclado ,Tarragona,114,2024-02-09,2024-07-17,2024-02-09
345,0,0,0,1,65,0,0,0,0,native,native instruments maschine mk1 ,Valencia,456,2024-01-26,2024-07-13,2024-02-09
346,0,0,0,1,950,0,0,0,0,novation,novation peak en perfecto estado con soporte y desksaver ,Girona,118,2024-02-05,2024-07-14,2024-02-09
347,0,0,0,1,800,0,0,0,0,roland,roland fa-06 ,Granada,1577,2023-06-24,2024-07-14,2024-02-09
348,0,1,1,0,0,0,1,0,0,-,erica black sequencer tb ,Zaragoza,84,2024-02-07,2024-07-16,2024-02-09
349,0,0,0,1,500,0,0,0,0,roland,roland tr-8s ,Murcia,397,2023-09-21,2024-01-31,2024-02-09
350,0,0,0,1,175,0,0,0,0,midi,controlador midi swissonic 88 teclas ,Guadalajara,604,2023-09-23,2024-07-14,2024-02-09
351,0,0,0,1,450,0,0,0,0,casio,casio privia px-160 ,Madrid,54,2024-02-09,2024-07-17,2024-02-09
352,0,0,0,1,300,0,0,0,0,-,cold mac -módulo eurorack- ,Granada,322,2023-12-13,2024-06-10,2024-02-09
353,0,0,0,1,1165,0,0,0,0,eurorack,"varias cosas eurorack cases, módulos ",Madrid,187,2024-02-08,2024-07-16,2024-02-09
354,0,0,0,1,800,0,0,0,0,yamaha,yamaha modx 6 más accesorios originales yamaha ,Madrid,230,2024-02-04,2024-07-13,2024-02-09
355,0,0,0,1,30,0,0,0,0,-,funda soundwear ,Pontevedra,156,2023-09-27,2024-06-07,2024-02-09
356,0,0,0,1,400,0,0,0,0,vermona,vermona piano strings sintetizador ,Madrid,1171,2023-09-11,2024-07-17,2024-02-09
357,0,0,0,1,1600,0,0,0,0,arturia,arturia origin desktop ,Lleida,414,2024-02-04,2024-07-12,2024-02-09
358,0,0,0,1,1200,0,0,0,0,elektron,elektron maschinedrume sps-1uw ,Barcelona,238,2024-02-05,2024-03-15,2024-02-09
359,0,0,0,1,140,0,0,0,0,roland,caja de ritmos roland r8 ,Barcelona,140,2024-02-07,2024-07-16,2024-02-09
360,0,0,0,1,290,0,0,0,0,-,microfreak stellar + microfono + decksaver ,Valencia,354,2024-02-02,2024-07-14,2024-02-09
361,0,0,0,1,290,0,0,0,0,intellijel,intellijel plonk modular eurorack ,Barcelona,144,2024-02-06,2024-07-15,2024-02-09
362,0,0,0,1,7000,0,0,0,0,korg,korg arp2600 fs reissu 2020 ,Madrid,759,2023-09-08,2024-07-14,2024-02-09
363,0,0,0,1,45,0,0,0,0,eurorack,eurorack secuenciador cv y gates ,Zaragoza,108,2024-02-07,2024-07-16,2024-02-09
364,0,0,0,1,390,0,0,0,0,roland,se02 roland boutique ,Madrid,541,2023-09-08,2024-07-14,2024-02-09
365,0,0,0,1,150,0,0,0,0,roland,roland mc 307 ,Asturias,816,2023-11-23,2024-07-15,2024-02-09
366,0,0,1,0,0,0,0,0,0,moog,moog dfam por subharmonican ,Barcelona,162,2024-02-04,2024-07-13,2024-02-09
367,0,0,1,0,1800,0,0,0,0,prophet,o prophet 6 ,Cádiz,206,2024-02-08,2024-07-16,2024-02-09
368,0,0,1,0,2650,0,0,0,0,system,polivoks system ,Valencia,294,2024-02-03,2024-07-12,2024-02-09
369,0,0,0,1,110,0,0,0,0,native,native instrument komplete kontrol s25 ,Barcelona,240,2023-11-20,2024-05-18,2024-02-09
370,0,0,0,1,7650,0,0,0,0,roland,roland tr-808 rhythm composer ,Alicante,543,2023-12-06,2024-07-12,2024-02-09
371,0,0,0,1,250,0,0,0,0,-,microkorg xl + ,Málaga,198,2023-11-06,2024-05-04,2024-02-09
372,0,0,0,1,175,0,0,0,0,buchla,buchla 281t tiptop audio ,Barcelona,178,2024-02-06,2024-07-15,2024-02-09
373,0,0,0,1,3700,0,0,0,0,sequential,sequential prophet 10 rev 4 reissu ,Madrid,823,2023-09-08,2024-07-14,2024-02-09
374,0,0,0,1,220,0,0,0,0,arturia,arturia microfreak ,Madrid,46,2024-02-09,2024-07-17,2024-02-09
375,0,0,0,1,480,0,0,0,0,-,mochika x-5 átomosynth sinte semimodular ,Madrid,1053,2023-05-15,2024-07-15,2024-02-09
376,0,0,0,1,50,0,0,0,0,eurorack,"eurorack diy befaco, erica synth ",Madrid,96,2024-02-09,2024-07-17,2024-02-09
377,0,0,0,1,349,0,0,0,0,roland,roland a80 por tiempo limitado reservado ,Ourense,820,2023-11-13,2024-07-15,2024-02-09
378,0,0,0,1,13,0,0,0,0,roland,ventana display repuesto para roland tr-909 ,Cantabria,201,2023-12-18,2024-07-14,2024-02-09
379,0,0,0,1,1250,0,0,0,0,roland,roland jp8080 ,Madrid,748,2023-10-20,2024-02-17,2024-02-09
380,0,0,0,1,200,0,0,0,0,roland,roland mc307 ,Barcelona,316,2023-10-13,2024-07-16,2024-02-09
381,0,0,0,1,1499,0,0,0,0,korg,korg m3 61 ampliado ,Barcelona,512,2023-09-13,2024-07-15,2024-02-09
382,0,0,0,1,375,0,0,0,0,endorphin,endorphin es ghost black envio incluido ,Madrid,200,2023-12-10,2024-07-14,2024-02-09
383,0,0,0,1,165,0,0,0,0,ornament,ornament and crime ,Zaragoza,158,2024-02-05,2024-07-17,2024-02-09
384,0,0,0,1,40,0,0,0,0,midi,midi solutions quadra thru ,Madrid,72,2024-02-09,2024-07-17,2024-02-09
385,0,0,0,1,75,0,0,0,0,casio,teclado casio ctk631 ,Madrid,630,2023-03-31,2024-07-17,2024-02-09
386,0,0,0,1,70,0,0,0,0,meris,meris midi i o ,Málaga,174,2024-02-07,2024-07-16,2024-02-09
387,0,0,0,1,180,0,0,0,0,korg,korg kaosspad kp3 ,Madrid,64,2024-02-09,2024-07-17,2024-02-09
388,0,0,0,1,320,0,0,0,0,roland,roland xv5050 ,Cádiz,122,2024-02-08,2024-07-17,2024-02-09
389,0,0,0,1,100,0,0,0,0,bheringer,dedalera bheringer bcf 1010 nueva ,Girona,203,2024-02-03,2024-07-12,2024-02-09
390,0,0,0,1,260,0,0,0,0,korg,korg electribe production station ,Barcelona,182,2024-02-05,2024-03-15,2024-02-09
391,0,0,0,1,650,0,0,0,0,roland,roland sh3 sh-3 filtro moog ,Madrid,352,2024-02-04,2024-07-13,2024-02-09
392,0,0,0,1,450,0,0,0,0,yamaha,yamaha p125wh ,Pontevedra,148,2024-02-05,2024-07-14,2024-02-09
393,0,0,0,1,40,0,0,0,0,eurorack,intelijel headphones 1u eurorack ,Málaga,84,2024-02-07,2024-07-16,2024-02-09
394,0,0,0,1,90,0,0,0,0,befaco,befaco a*b+c modular eurorack ,Barcelona,132,2024-02-06,2024-07-15,2024-02-09
395,0,0,0,1,1700,0,0,0,0,ensoniq,sintetizador ensoniq sq80 ,Barcelona,372,2023-10-22,2024-07-16,2024-02-09
396,0,0,0,1,1000,0,0,0,0,elektron,sintetizador elektron digitone keys ,Barcelona,377,2023-11-01,2024-07-16,2024-02-09
397,0,0,0,1,10,0,0,0,0,korg,cassettes patches para sintes korg ,Madrid,659,2023-08-28,2024-07-13,2024-02-09
398,0,0,0,1,315,0,0,0,0,korg,korg electribe sampler ,Barcelona,146,2024-02-05,2024-03-15,2024-02-09
399,0,0,0,1,80,0,0,0,0,befaco,secuenciador analógico befaco slicer v3 ,Asturias,1399,2022-02-22,2024-04-01,2024-02-09
400,0,0,0,1,1400,0,0,0,0,-,nord piano 88 ,Valencia,670,2023-11-23,2024-02-13,2024-02-09
401,0,0,0,1,650,0,0,0,0,maschine,mode maschine xoxbox ,Barcelona,171,2024-02-05,2024-03-15,2024-02-09
402,0,0,0,1,45,0,0,0,0,-,estuche teclado ,Sevilla,140,2024-02-07,2024-07-16,2024-02-09
403,0,0,0,1,160,0,0,0,0,moog,moog werkstatt 01 & cv expander muy nuevo ,Madrid,202,2024-02-06,2024-07-15,2024-02-09
404,0,0,0,1,365,0,0,0,0,make noise ,0 cntrl ,Pontevedra,222,2024-02-02,2024-07-17,2024-02-09
405,0,0,0,1,150,0,0,0,0,roland,mam mb33 - clon roland tb 303 ,Madrid,62,2024-02-09,2024-07-17,2024-02-09
406,0,0,0,1,55,0,0,0,0,-,tiptop bd 808 ,Málaga,114,2024-02-06,2024-07-15,2024-02-09
407,0,0,0,1,180,0,0,0,0,behringer,behringer cat ,Barcelona,948,2023-09-17,2024-07-13,2024-02-09
408,0,0,0,1,450,0,0,0,0,moog,moog mother32 ,Madrid,62,2024-02-09,2024-07-17,2024-02-09
409,0,0,0,1,190,0,0,0,0,korg,korg n5 fallo iluminación pantalla ,Madrid,868,2023-03-31,2024-07-17,2024-02-09
410,0,0,0,1,630,0,0,0,0,strymon,strymon ola - dig - bluesky ,Valencia,406,2024-02-02,2024-07-14,2024-02-09
411,0,0,0,1,495,0,0,0,0,roland,sampler s750 roland ,Madrid,872,2023-09-30,2024-07-09,2024-02-09
412,0,0,0,1,650,0,0,0,0,kurzweil,kurzweil pc3 le6 ,Madrid,537,2023-11-05,2024-07-10,2024-02-09
413,0,0,0,1,290,0,0,0,0,kurzweil,kurzweil sp4-7 76 teclas semipesadas ,Barcelona,24,2024-02-08,2024-07-14,2024-02-09
414,0,0,0,1,96,0,0,0,0,dreadbox,dreadbox 2x whiteline random ,Asturias,332,2024-01-26,2024-07-13,2024-02-09
415,0,0,0,1,120,0,0,0,0,dreadbox,dreadbox whiteline filter módulos eurorack ,Asturias,164,2023-12-14,2024-07-13,2024-02-09
416,0,0,0,1,3100,0,0,0,0,moog,moog voyager blue edition como nuevo ,Barcelona,526,2024-01-12,2024-06-16,2024-02-09
417,0,0,0,1,116,0,0,0,0,dreadbox,dreadbox whiteline 2x lfo ,Asturias,166,2024-01-26,2024-07-13,2024-02-09
418,0,0,0,1,350,0,0,0,0,roland,sintetizador roland se-02 como nuevo ,Madrid,146,2024-02-06,2024-07-11,2024-02-09
419,0,0,0,1,1150,0,0,0,0,arturia,arturia matrixbrute ,Navarra,808,2023-09-14,2024-07-11,2024-02-09
420,0,0,0,1,65,0,0,0,0,doepfer,doepfer a-124 wasp filter ,Lugo,100,2024-02-06,2024-07-11,2024-02-09
421,0,0,0,1,499,0,0,0,0,yamaha,yamaha sy99 full ,Sevilla,414,2024-02-04,2024-07-09,2024-02-09
422,0,0,0,1,379,0,0,0,0,korg,korg opsix ,Girona,1078,2021-12-21,2024-07-10,2024-02-09
423,0,0,0,1,1500,0,0,0,0,sequential,sequential prophet rev2-8 ,Gipuzkoa,156,2024-02-06,2024-07-11,2024-02-09
424,0,0,0,1,499,0,0,0,0,modal,modal argon 8x ,Girona,1330,2022-01-27,2024-07-10,2024-02-09
425,0,0,0,1,250,0,0,0,0,behringer,behringer rd-8 ,Madrid,176,2024-02-06,2024-07-10,2024-02-09
426,0,0,0,1,1600,0,0,0,0,eurorack,módulos eurorack con caja ,Madrid,374,2024-02-04,2024-07-09,2024-02-09
427,0,0,0,1,130,0,0,0,0,eurorack,ryo aperture eurorack ,Badajoz,227,2023-10-09,2024-04-06,2024-02-09
428,0,0,0,1,300,0,0,0,0,squarp,squarp instruments hermod negro ,Baleares,150,2024-02-06,2024-07-11,2024-02-09
429,0,0,0,1,120,0,0,0,0,novation,novation remote sl 37 ,Jaén,148,2024-02-06,2024-07-11,2024-02-09
430,0,0,0,1,80,0,0,0,0,korg,korg microkey2 49 ,Castellón,198,2024-02-05,2024-07-10,2024-02-09
432,0,0,0,1,45,0,0,0,0,yamaha,pedal yamaha fc3a nuevo ,Madrid,108,2024-02-08,2024-07-13,2024-02-09
433,0,0,0,1,60,0,0,0,0,roland,funda roland cb-88rl ,Pontevedra,12,2024-02-08,2024-07-14,2024-02-09
434,0,0,0,1,170,0,0,0,0,midi,drum kat midi controller drumkat ,Madrid,192,2023-12-18,2024-07-11,2024-02-09
435,0,0,0,1,110,0,0,0,0,korg,korg volca kick + decksaver + fuente alimentacion ,Tarragona,539,2023-12-05,2024-07-09,2024-02-09
436,0,0,0,1,410,0,0,0,0,roland,sintetizador roland se-02 + mk-25 m + plug in ,Madrid,1016,2024-01-12,2024-07-10,2024-02-09
437,0,1,1,0,0,0,0,0,0,roland,roland fantom 06 ,Valencia,56,2024-02-09,2024-07-13,2024-02-09
438,0,0,0,1,0,0,0,0,0,-,varios actualizado!! ,Valencia,4862,2022-11-15,2024-07-10,2024-02-09
439,0,0,0,1,460,0,0,0,0,roland,roland ju-06a+k25m+decksaver ,Girona,529,2023-11-21,2024-07-12,2024-02-09
440,0,0,0,1,160,0,0,0,0,roland,roland ax1 ,Barcelona,168,2024-02-06,2024-07-11,2024-02-09
441,0,0,0,1,1950,0,0,0,0,korg,korg kronos 2 61 ,Cantabria,1938,2023-12-07,2024-07-09,2024-02-09
442,0,0,0,1,575,0,0,0,0,kurzweil,kurzweil pc3x88 ,Barcelona,464,2023-10-07,2024-04-04,2024-02-09
443,0,0,0,1,1200,0,0,0,0,ensoniq,sampler ensoniq asr 10 ,Cádiz,718,2024-01-12,2024-07-09,2024-02-09
444,0,0,0,1,480,0,0,0,0,subharmonicon,subharmonicon ,Lugo,90,2024-02-09,2024-07-14,2024-02-09
445,0,0,0,1,750,0,0,0,0,akai,akai mpc 2500 ,Girona,1008,2022-01-03,2024-07-10,2024-02-09
446,0,0,0,1,1200,0,0,0,0,elektron,elektron machinedrum ,Barcelona,290,2024-02-05,2024-07-10,2024-02-09
447,0,0,0,1,150,0,0,0,0,klavis,klavis twin waves mki ,Asturias,176,2024-01-12,2024-07-13,2024-02-09
448,0,0,0,1,280,0,0,0,0,roland,roland sh01a ,Bizkaia,102,2024-02-07,2024-03-14,2024-02-09
449,0,0,0,1,550,0,0,0,0,roland,roland tr8-s + extras ,Sevilla,898,2023-10-11,2024-07-10,2024-02-09
450,0,0,0,1,170,0,0,0,0,studiologic,"studiologic sl-990 pro, teclado controlador midi ",Barcelona,144,2024-02-07,2024-07-12,2024-02-09
451,0,0,0,1,1450,0,0,0,0,nord electro ,4 sw 73 ,Guadalajara,648,2023-10-27,2024-07-09,2024-02-09
452,0,0,0,1,425,0,0,0,0,nord lead ,1 - rack ,Valencia,64,2024-02-09,2024-07-18,2024-02-09
453,0,0,0,1,95,0,0,0,0,erica synths ,pico drums ,Valencia,769,2023-07-12,2024-07-18,2024-02-09
454,0,0,0,1,260,0,0,0,0,noise,noise engineering - loquelic iteritas oscilador dual complejo eurorack ,Madrid,58,2024-02-09,2024-07-18,2024-02-09
455,0,0,0,1,180,0,0,0,0,roland,teclado controlador roland a37 ,Bizkaia,40,2024-02-09,2024-07-18,2024-02-09
456,0,0,0,1,1000,0,0,0,0,nord stage ,3 88 ha ,Barcelona,268,2024-02-09,2024-07-18,2024-02-09
457,0,0,0,1,40,0,0,0,0,studilogic,studilogic fatar sl880 ,Madrid,60,2024-02-09,2024-07-18,2024-02-09
458,0,0,0,1,160,0,0,0,0,mutable,mutable instruments shades ,Valencia,218,2023-09-16,2024-07-18,2024-02-09
459,0,0,0,1,500,0,0,0,0,moog,moog dfam sintetizador analogico ,Valencia,38,2024-02-09,2024-07-18,2024-02-09
460,0,0,0,1,475,0,0,0,0,korg,korg radias ,Sevilla,252,2023-09-08,2024-07-18,2024-02-09
461,0,0,0,1,300,0,0,0,0,akai,akai mpc1000 ,Madrid,67,2024-02-09,2024-07-18,2024-02-09
462,0,0,0,1,20,0,0,0,0,-,key control 25xt ,Madrid,26,2024-02-09,2024-07-18,2024-02-09
463,0,0,0,1,1075,0,0,0,0,instruments,instruments prophet 08 + 51 encoders ,Navarra,1465,2023-08-06,2024-07-18,2024-02-09
464,0,0,0,1,225,0,0,0,0,roland,roland mvs-1 vintage synth module ,Zaragoza,91,2024-02-09,2024-07-18,2024-02-09
465,0,0,0,1,280,0,0,0,0,yamaha,yamaha mo8 ,Bizkaia,70,2024-02-09,2024-07-18,2024-02-09
466,0,0,0,1,100,0,0,0,0,m-audio,m-audio keystation 61 mkii ,Madrid,56,2024-02-09,2024-07-18,2024-02-09
467,0,0,0,1,360,0,0,0,0,waldorf,waldorf pulse rack ,Barcelona,575,2023-12-18,2024-07-19,2024-02-09
468,0,0,0,1,400,0,0,0,0,dreadbox,dreadbox erebus v3 ,Guadalajara,52,2024-02-09,2024-07-25,2024-02-09
469,0,0,0,1,3700,0,0,0,0,roland,roland mks-80 super jupiter rev5 + stereoping synthprogrammer ,Bizkaia,470,2023-12-23,2024-07-24,2024-02-09
470,0,0,0,1,130,0,0,0,0,befaco,befaco kickall eurorack ,Badajoz,162,2024-02-05,2024-07-22,2024-02-09
471,0,0,0,1,200,0,0,0,0,-,bastl grandpa – dual sampler + spa expansión [eurorack] ,Madrid,58,2024-02-08,2024-07-25,2024-02-09
473,0,0,0,1,120,0,0,0,0,erica synths ,black clap ,Madrid,276,2024-02-03,2024-07-20,2024-02-09
475,0,0,1,0,0,0,1,0,0,disting,disting mk4 ,Madrid,20,2024-02-09,2024-07-26,2024-02-09
476,0,0,0,1,180,0,0,0,0,roland,sintetizador roland jv1080 ,Barcelona,334,2024-02-03,2024-07-26,2024-02-09
477,0,0,0,1,655,0,0,0,0,pioneer,pioneer dj - toraiz sp-16 - ,Asturias,290,2024-02-02,2024-07-19,2024-02-09
478,0,0,0,1,250,0,0,0,0,squarp,squarp instruments rample ,Gipuzkoa,208,2024-02-04,2024-07-21,2024-02-09
479,0,0,0,1,46,0,0,0,0,roland,roland m-128d memory card ,Madrid,191,2024-02-04,2024-07-21,2024-02-09
480,0,0,0,1,1600,0,0,0,0,yamaha,yamaha motif xf6 ,Madrid,142,2024-02-07,2024-07-24,2024-02-09
481,0,0,0,1,1250,0,0,0,0,access,access virus ti2 ,Bizkaia,229,2024-02-04,2024-07-21,2024-02-09
482,0,0,0,1,340,0,0,0,0,noise,noise engineering mimetic digitalis silver [eurorack] ,Madrid,58,2024-02-08,2024-07-25,2024-02-09
483,0,0,0,1,725,0,0,0,0,roland,roland fantom x8 ampliado 512 ram ,Navarra,1479,2023-05-11,2024-07-23,2024-02-09
484,0,0,1,0,1401,0,0,0,0,korg,o korg kronos ,Madrid,308,2024-02-05,2024-07-22,2024-02-09
485,0,0,0,1,180,0,0,0,0,behringer,behringer td-3-mo-sr ,Murcia,598,2023-09-21,2024-01-31,2024-02-09
486,0,0,0,1,450,0,0,0,0,behringer,behringer blue marvin 2600 ,Madrid,176,2024-02-07,2024-07-24,2024-02-09
487,0,0,0,1,225,0,0,0,0,intellijel,intellijel steppy [eurorack] ,Madrid,50,2024-02-08,2024-07-25,2024-02-09
488,0,0,0,1,3400,0,0,0,0,roland,roland mrs-2 promar compuphonic sintetizador analogico monofonico ,Madrid,276,2024-02-05,2024-07-22,2024-02-09
489,0,0,0,1,280,0,0,0,0,-,robaux swt 16+ ,Madrid,224,2024-02-03,2024-07-20,2024-02-09
490,0,0,0,1,650,0,0,0,0,arturia,arturia keylab 88 mk2 ,Pontevedra,136,2024-02-06,2024-07-23,2024-02-09
491,0,0,0,1,100,0,0,0,0,mutable,peaks versión no mutable instruments ,Gipuzkoa,214,2024-02-04,2024-07-21,2024-02-09
492,0,0,0,1,120,0,0,0,0,doepfer,doepfer a-140-2 dual micro adsr ,Madrid,241,2024-02-03,2024-07-24,2024-02-09
493,0,0,0,1,160,0,0,0,0,midi,teclado midi contrapesado 88 teclas ,Barcelona,4,2024-02-08,2024-07-26,2024-02-09
494,0,0,0,1,250,0,0,0,0,komplete,komplete kontrol s49 mk2 ,Madrid,173,2024-02-05,2024-07-22,2024-02-09
495,0,0,0,1,120,0,0,0,0,xaoc,xaoc devices tallin ,Valencia,322,2024-02-02,2024-07-26,2024-02-09
496,0,0,0,1,180,0,0,0,0,alm busy ,circuits pamela’s new workout ,Valencia,305,2024-02-02,2024-07-26,2024-02-09
497,0,0,0,1,490,0,0,0,0,yamaha,yamaha s 80 ,Valencia,335,2023-11-12,2024-05-10,2024-02-09
498,0,0,0,1,295,0,0,0,0,behringer,behringer pro 800 garantía y envío incluido a península ,Barcelona,256,2024-02-08,2024-07-25,2024-02-09
499,0,0,0,1,300,0,0,0,0,eurorack,varios sintes y módulos eurorack ,Córdoba,6243,2023-04-17,2024-02-21,2024-02-09
500,0,0,0,1,0,0,0,0,0,yamaha,teclado yamaha yc61 ,Valencia,242,2024-02-03,2024-07-20,2024-02-09
501,0,1,0,0,0,1,0,0,0,behringer,behringer ms-1 mk2 ,Barcelona,218,2024-02-05,2024-07-22,2024-02-09
502,0,0,0,1,285,0,0,0,0,red,red panda particle 2 ,Madrid,150,2024-02-06,2024-07-23,2024-02-09
503,0,0,0,1,390,0,0,0,0,befaco,befaco hexmix hexpander [eurorack] ,Madrid,68,2024-02-08,2024-07-25,2024-02-09
505,0,0,0,1,700,0,0,0,0,yamaha,yamaha tyros 2 ,Cádiz,328,2024-02-02,2024-07-19,2024-02-09
506,0,0,0,1,220,0,0,0,0,modular,st modular sum v2 ,Madrid,312,2024-02-03,2024-07-20,2024-02-09
507,0,0,0,1,2050,0,0,0,0,roland,roland jupiter x ,Barcelona,156,2024-02-07,2024-07-24,2024-02-09
508,0,0,0,1,100,0,0,0,0,-,prok drums [eurorack] - reservado ,Madrid,56,2024-02-08,2024-07-25,2024-02-09
509,0,0,0,1,975,0,0,0,0,squarp,squarp hapax secuenciador ,Granada,128,2024-02-07,2024-07-25,2024-02-09
510,0,0,0,1,2100,0,0,0,0,clavia,clavia nord wave 2 ,Madrid,244,2024-02-04,2024-07-21,2024-02-09
511,0,0,0,1,180,0,0,0,0,korg,korg monologue ,Barcelona,508,2023-12-01,2024-07-25,2024-02-09
512,0,0,0,1,1000,0,0,0,0,kurzweil,kurzweil artis 7 ,Valencia,360,2023-10-31,2024-04-28,2024-02-09
513,0,0,0,1,350,0,0,0,0,4ms,4ms dual looping delay ,Madrid,202,2024-02-03,2024-07-24,2024-02-09
514,0,0,0,1,1400,0,0,0,0,korg,korg pa1000 como nuevo!!! ,Tarragona,28,2024-02-09,2024-07-26,2024-02-09
515,0,0,0,1,1200,0,0,0,0,studio,studio electronics se-3x ,Bizkaia,594,2023-09-14,2024-07-21,2024-02-09
516,0,0,0,1,45,0,0,0,0,doepfer,doepfer a-131 vca exp ,Gipuzkoa,191,2024-02-04,2024-07-21,2024-02-09
517,0,0,0,1,70,0,0,0,0,-,maleta teclado de 5 octavas ,Barcelona,268,2023-10-06,2024-04-03,2024-02-09
518,0,0,0,1,1850,0,0,0,0,viscount,organo viscount legend live ,Sevilla,228,2024-02-04,2024-03-23,2024-02-09
519,0,0,0,1,80,0,0,0,0,technics,**urge** órgano technics pcm sound e11l ,Córdoba,442,2023-12-04,2024-06-01,2024-02-09
520,0,0,0,1,400,0,0,0,0,birkids,birkids the bateleur vco + expander ,Madrid,225,2024-02-03,2024-07-20,2024-02-09
521,0,0,0,1,400,0,0,0,0,korg,sintetizador korg m1 ,Toledo,233,2023-12-18,2024-06-15,2024-02-09
522,0,0,0,1,75,0,0,0,0,-,teclado m-adio oxygen 49 mkv ,Barcelona,212,2024-02-03,2024-07-20,2024-02-09
523,0,0,0,1,5,0,0,0,1,novation,"teclas y para roland, korg, yamaha, novation update 11 2 2022 ",Lugo,22551,2015-03-03,2024-07-23,2024-02-09
525,0,0,0,1,40,0,0,0,0,m-audio,teclado controlador m-audio axiom 25 ,Baleares,292,2023-11-23,2024-07-20,2024-02-09
526,0,0,0,1,200,0,0,0,0,eventide,eventide blackhole pedal ,Valencia,164,2024-02-06,2024-07-23,2024-02-09
527,0,0,0,1,110,0,0,0,0,io,io instruments euporie ,Madrid,251,2024-02-03,2024-07-20,2024-02-09
528,0,0,0,1,100,0,0,0,0,doepfer,doepfer a-145 lfo 2 unidades ,Barcelona,42,2024-02-09,2024-07-25,2024-02-09
529,0,0,0,1,170,0,0,0,0,yamaha,yamaha sy22 ,Barcelona,310,2023-12-19,2024-07-25,2024-02-09
530,0,0,0,1,79,0,0,0,0,korg,korg nts-1 ,Madrid,418,2024-02-02,2024-07-24,2024-02-09
531,0,0,0,1,90,0,0,0,0,-,polyseq magerit ,Valladolid,128,2024-02-07,2024-07-24,2024-02-09
532,0,0,0,1,30,0,0,0,0,tiptop audio ,cables stackcable ,Madrid,68,2024-02-09,2024-07-25,2024-02-09
533,0,0,0,1,370,0,0,0,0,korg,korg trinity ,Madrid,82,2024-02-08,2024-07-25,2024-02-09
534,0,0,0,1,140,0,0,0,0,erica synths ,drum mixer lite ,Madrid,269,2024-02-03,2024-07-24,2024-02-09
535,0,0,0,1,140,0,0,0,0,eurorack,flame joyrec eurorack ,Lugo,226,2024-02-03,2024-07-24,2024-02-09
536,0,0,0,1,165,0,0,0,0,2hp,2hp pluck - mult - trim ,Valencia,284,2024-02-02,2024-07-23,2024-02-09
537,0,0,0,1,65,0,0,0,0,-,tiptop sd808 hats808 [eurorack] ,Madrid,44,2024-02-08,2024-07-25,2024-02-09
539,0,0,0,1,270,0,0,0,0,akai,akai mpk2 49 ,Ourense,124,2024-02-06,2024-03-25,2024-02-09
540,0,0,0,1,100,0,0,0,0,akai,modulos de percusión vintage akai xe 8 y yamaha rm 50 ,Madrid,776,2023-12-08,2024-07-21,2024-02-09
541,0,0,0,1,80,0,0,0,0,roland,roland a49 ,Cádiz,202,2024-02-04,2024-07-21,2024-02-09
542,0,0,0,1,0,0,0,0,0,eurorack,modulos eurorack ,Sevilla,1402,2023-09-27,2024-07-23,2024-02-09
543,0,0,0,1,65,0,0,0,0,teletype,i2c2midi teletype expander falta ponerle el teensy eurorack ,Lugo,230,2024-02-03,2024-07-24,2024-02-09
544,0,0,0,1,1000,0,0,0,0,roland,roland system 8 ,Girona,168,2024-02-06,2024-07-23,2024-02-09
545,0,0,0,1,375,0,0,0,0,-,rob hordijk's benjolin ,Gipuzkoa,216,2024-02-06,2024-07-23,2024-02-09
546,0,0,0,1,180,0,0,0,0,intellijel,intellijel mutamix eurorack ,Málaga,435,2023-12-04,2024-07-21,2024-02-09
547,0,0,0,1,245,0,0,0,0,korg,korg pss-50 progammable super section vintage ,Madrid,20,2024-02-08,2024-07-26,2024-02-09
548,0,0,0,1,299,0,0,0,0,korg,hard case + korg oasys 88 ,Ourense,54,2024-02-09,2024-07-26,2024-02-09
549,0,0,0,1,1800,0,0,0,0,oberheim,oberheim ob6 desktop ,Valencia,114,2024-02-09,2024-07-25,2024-02-09
550,0,0,0,1,120,0,0,0,0,roland,roland em 15 ,Girona,120,2024-02-06,2024-07-23,2024-02-09
551,0,0,0,1,300,0,0,0,0,-,3unds osciladores 555 + 1und 4046 ,Madrid,42,2024-02-09,2024-07-26,2024-02-09
552,0,0,0,1,1700,0,0,0,0,moog,moog matriarch dark edition ,Valencia,270,2024-02-06,2024-07-23,2024-02-09
554,0,0,0,1,271,0,0,0,0,roland,roland juno-d ,Madrid,96,2024-02-08,2024-07-25,2024-02-09
555,0,0,0,1,200,0,0,0,0,mutable,mutable instruments shruthi 1 ,Tarragona,276,2024-02-04,2024-07-21,2024-02-09
556,0,0,0,1,420,0,0,0,0,yamaha,"teclado sintetizador yamaha mx49 blue, seminuevo,porte incluido ",Cantabria,132,2024-01-19,2024-07-25,2024-02-09
557,0,0,0,1,375,0,0,0,0,korg,korg minilogue xd + bancos + osciladores fx ,Granada,224,2024-02-06,2024-07-23,2024-02-09
558,0,0,0,1,850,0,0,0,0,verbos,verbos electronics bark filter processor ,Barcelona,194,2024-02-04,2024-03-23,2024-02-09
559,0,0,0,1,120,0,0,0,0,mutable,mutable instruments grids ,Madrid,239,2024-02-03,2024-07-24,2024-02-09
560,0,0,0,1,299,0,0,0,0,eurorack,caja eurorack modulaire maritime accra 6u con alimentador mean well ,Madrid,254,2024-02-03,2024-07-20,2024-02-09
561,0,0,0,1,500,0,0,0,0,korg,korg emx1 ,Madrid,202,2024-02-05,2024-07-22,2024-02-09
562,0,0,0,1,120,0,0,0,0,io,io instruments themisto ,Madrid,248,2024-02-03,2024-07-20,2024-02-09
563,0,0,0,1,250,0,0,0,0,herzlich,teclado de herzlich ,Gipuzkoa,200,2024-02-06,2024-07-23,2024-02-09
564,0,0,0,1,100,0,0,0,0,befaco,befaco crush delay v2 [eurorack] ,Madrid,50,2024-02-08,2024-07-25,2024-02-09
565,0,0,0,1,50,0,0,0,0,korg,korg ps-2 doble pedal footswitch + cable jack especial de conexión ,Madrid,68,2024-02-09,2024-07-25,2024-02-09
566,0,0,0,1,300,0,0,0,0,waldorf,sintetizador waldorf micro q ,Albacete,690,2023-10-29,2024-04-26,2024-02-09
567,0,0,0,1,75,0,0,0,0,roland,roland mc 50 mk2 sequencer ,Madrid,408,2024-02-02,2024-06-27,2024-02-09
568,0,0,0,1,295,0,0,0,0,roland,jx-08 roland boutique ,Barcelona,1016,2023-07-10,2024-07-03,2024-02-09
569,0,0,0,1,4000,0,0,0,0,moog,moog minimoog voyager performer edition ,Barcelona,691,2023-07-12,2024-07-01,2024-02-09
570,0,0,0,1,208,0,0,0,0,behringer,behringer model d env incluido ,Cádiz,384,2023-11-20,2024-07-05,2024-02-09
571,0,0,0,1,1950,0,0,0,0,roland,roland v-synth gt 2 0 ,Girona,2121,2022-06-09,2024-07-01,2024-02-09
572,0,0,0,1,600,0,0,0,0,-,kyma capy ls ,Madrid,541,2023-10-11,2024-06-30,2024-02-09
573,0,0,0,1,135,0,0,0,0,yamaha,yamaha fl1024 2 módulos de 1gb ,Castellón,182,2023-10-29,2024-04-26,2024-02-09
574,0,0,1,0,0,0,0,0,0,-,"cambio, o vendo, funda transporte modx7 por la de nord 73 ",Valencia,300,2024-02-02,2024-06-29,2024-02-09
575,0,0,0,1,450,0,0,0,0,moog,theremin moog etherwave ,Barcelona,320,2024-02-03,2024-06-30,2024-02-09
576,0,1,0,0,0,0,0,0,0,ensoniq,ensoniq esqm ,Barcelona,376,2024-02-02,2024-07-04,2024-02-09
577,0,0,0,1,850,0,0,0,0,eurorack,eurorack nerdseq con expansiónes ,Barcelona,230,2024-02-04,2024-07-01,2024-02-09
578,0,0,0,1,265,0,0,0,0,boss,"pedal doble boss re-20 ""space echo"" + adaptador ",Barcelona,322,2024-01-26,2024-06-19,2024-02-09
579,0,0,0,1,250,0,0,0,0,novation,novation bass station rack ,Barcelona,452,2024-01-19,2024-07-05,2024-02-09
580,0,0,0,1,575,0,0,0,0,moog,moog moogerfooger cp 251 ,Barcelona,651,2023-10-05,2024-07-01,2024-02-09
581,0,0,0,1,250,0,0,0,0,yamaha,yamaha qy700 ,Madrid,394,2023-12-04,2024-06-30,2024-02-09
582,0,0,0,1,199,0,0,0,0,roland,sintetizador analógico reon driftbox - edición limitada by roland ,Barcelona,452,2024-02-02,2024-06-29,2024-02-09
583,0,0,0,1,280,0,0,0,0,novation,sintetizador novation ultranova ,Albacete,520,2023-11-26,2024-05-24,2024-02-09
584,0,0,0,1,1450,0,0,0,0,moog,moog prodigy ,Valencia,805,2023-11-05,2024-05-03,2024-02-09
585,0,0,0,1,198,0,0,0,0,behringer,behringer rd8 mk1 ,Madrid,497,2024-01-19,2024-07-03,2024-02-09
586,0,0,0,1,69,0,0,0,0,cre8audio,cre8audio módulo eurorack cellz ,Barcelona,358,2023-11-08,2024-05-06,2024-02-09
587,0,0,0,1,199,0,0,0,0,jomox,jomox t-resonator mkii ,Girona,1866,2022-04-05,2024-07-01,2024-02-09
588,0,0,0,1,750,0,0,0,0,octatrack,octatrack mk1 ,Madrid,212,2024-02-04,2024-07-01,2024-02-09
589,0,0,0,1,1400,0,0,0,0,nord ,electro 6d 61+funda ,Málaga,410,2023-10-31,2024-04-28,2024-02-09
590,0,0,0,1,162,0,0,0,0,nano,nano rand s h generador eurorack qu-bit ,Barcelona,264,2023-11-07,2024-05-05,2024-02-09
591,0,0,0,1,600,0,0,0,0,yamaha,piano yamaha cvp 203 ,Barcelona,945,2023-03-11,2024-06-30,2024-02-09
592,0,0,0,1,120,0,0,0,0,frequency,filtro whiteface frequency central eurorack ,Barcelona,347,2023-11-17,2024-05-15,2024-02-09
593,0,0,1,0,0,0,1,0,0,minibrute,minibrute 2s - ofrezco eurorack ,Zaragoza,244,2024-02-04,2024-07-01,2024-02-09
594,0,0,0,1,50,0,0,0,0,moog,pedal expresión moog ep-2 ,Barcelona,620,2023-10-05,2024-07-01,2024-02-09
595,0,0,0,1,800,0,0,0,0,akai,akai force + extras ,Pontevedra,512,2023-12-04,2024-07-05,2024-02-09
596,0,0,0,1,220,0,0,0,0,roland,módulo roland jv-1010 ,Valencia,240,2024-02-04,2024-07-01,2024-02-09
597,0,0,1,0,3650,0,0,0,0,system,black system iii ,Valencia,106,2024-02-09,2024-07-05,2024-02-09
598,0,0,0,1,900,0,0,0,0,roland,roland jx3p ,Zaragoza,238,2024-02-05,2024-07-02,2024-02-09
599,0,0,0,1,25,0,0,0,0,roland,interfaz roland midi usb um-one ,Madrid,350,2024-02-02,2024-06-29,2024-02-09
600,0,0,0,1,160,0,0,0,0,roland,roland jv1010 ,Madrid,396,2024-01-26,2024-07-01,2024-02-09
601,0,0,0,1,1500,0,0,0,0,hammond,organo hammond e-100 ,Sevilla,698,2023-08-09,2024-06-30,2024-02-09
602,0,0,0,1,300,0,0,0,0,yamaha,yamaha sy 55 ,Barcelona,214,2024-02-04,2024-07-01,2024-02-09
603,0,0,0,1,0,0,0,0,0,-,"sintes y efectos, rebaja de precios ",Barcelona,4728,2023-01-15,2024-06-29,2024-02-09
604,0,0,0,1,1199,0,0,0,0,arturia,arturia matrixbrute impecable sintetizador analógico ,Madrid,1900,2023-05-28,2024-02-05,2024-02-09
605,0,1,1,0,0,0,0,0,0,eurorack,o módulos eurorack qunexus volca fm ,Barcelona,1149,2022-11-04,2024-02-01,2024-02-09
606,0,0,0,1,2600,0,0,0,0,yamaha,yamaha genos ,Madrid,346,2024-02-03,2024-06-30,2024-02-09
607,0,0,0,1,20,0,0,0,0,yamaha,pedal yamaha de sustain ,Madrid,306,2024-02-02,2024-06-29,2024-02-09
608,0,0,0,1,1300,0,0,0,0,jomox,jomox alpha base ,Valencia,852,2023-07-10,2024-06-10,2024-02-09
609,0,0,0,1,303,0,0,0,0,acidlab,m303 acidlab eurorack ,Valencia,268,2024-02-04,2024-07-01,2024-02-09
610,0,0,0,1,1500,0,0,0,0,elektron,elektron machinedrum mkii + soporte ,Navarra,762,2024-02-04,2024-07-01,2024-02-09
611,0,0,0,1,1900,0,0,0,0,roland,roland juno 106 ,Zaragoza,388,2024-01-26,2024-06-24,2024-02-09
612,0,0,0,1,180,0,0,0,0,arturia,arturia rackbrute 3u nuevo ,Madrid,130,2024-02-07,2024-03-06,2024-02-09
613,0,0,0,1,95,0,0,0,0,befaco,befaco stmix eurorack ,Madrid,348,2023-12-02,2024-01-19,2024-02-09
614,0,0,0,1,1050,0,0,0,0,roland,roland jupiter xm + extras ,Pontevedra,727,2023-10-19,2024-06-30,2024-02-09
615,0,0,0,1,525,0,0,0,0,faderfox,faderfox mx12 ,Málaga,438,2023-12-04,2024-06-20,2024-02-09
616,0,0,0,1,125,0,0,0,0,behringer,behringer crave ,Zaragoza,174,2024-02-06,2024-07-03,2024-02-09
617,0,0,0,1,300,0,0,0,0,knobula,knobula poly cinematic ,Barcelona,62,2024-02-07,2024-06-24,2024-02-09
618,0,0,0,1,680,0,0,0,0,roland,roland tr-727 caja de ritmos latinos ,Barcelona,140,2024-02-02,2024-06-23,2024-02-09
619,0,1,0,0,0,0,0,0,0,korg,módulo korg m3 ,Sevilla,86,2024-02-02,2024-06-18,2024-02-09
620,0,0,0,1,160,0,0,0,0,befaco,befaco cvthing factory assembled ,Barcelona,167,2023-10-27,2024-04-24,2024-02-09
621,0,0,0,1,760,0,0,0,0,mpc,mpc live mk2 ,Valencia,287,2024-02-02,2024-06-23,2024-02-09
622,0,0,0,1,2050,0,0,0,0,udo,udo audio super 6 ,Madrid,139,2024-02-07,2024-06-24,2024-02-09
623,0,0,0,1,400,0,0,0,0,korg,korg trinity plus ,Sevilla,141,2024-02-05,2024-06-22,2024-02-09
624,0,0,0,1,300,0,0,0,0,korg,korg pa 300 ,Murcia,285,2023-10-29,2024-06-19,2024-02-09
625,0,0,0,1,225,0,0,0,0,-,ms-101 ,Cádiz,414,2023-11-06,2024-06-18,2024-02-09
626,0,0,0,1,250,0,0,0,0,roland,roland torcido ,Barcelona,498,2023-09-14,2024-05-21,2024-02-09
627,0,0,0,1,1000,0,0,0,0,nord lead ,4 ,Sevilla,112,2024-02-05,2024-06-22,2024-02-09
628,0,0,0,1,180,0,0,0,0,make noise ,rené v1 ,Barcelona,280,2023-11-19,2024-01-19,2024-02-09
629,0,0,0,1,1350,0,0,0,0,isla,isla s2400 ,Málaga,342,2024-01-12,2024-06-20,2024-02-09
630,0,0,0,1,400,0,0,0,0,yamaha,"sintetizador yamaha mx49 v2, perfecto,porte incluido ",Cantabria,194,2023-09-28,2024-06-25,2024-02-09
631,0,0,0,1,250,0,0,0,0,korg,korg ms-04 pedal cv analogico ,Madrid,184,2024-01-26,2024-06-23,2024-02-09
632,0,0,0,1,540,0,0,0,0,casio,casio fz-1 ,Valencia,588,2023-10-18,2024-06-23,2024-02-09
633,0,0,0,1,150,0,0,0,0,-,small stone 1976 ,Madrid,113,2023-11-19,2024-05-17,2024-02-09
634,0,0,0,1,150,0,0,0,0,-,soporte piano ,Castellón,604,2023-03-17,2024-06-25,2024-02-09
635,0,0,0,1,520,0,0,0,0,korg,korg radias módulo sin teclado ,Madrid,878,2024-01-19,2024-06-05,2024-02-09
636,0,0,0,1,120,0,0,0,0,komplete,"n i komplete kontrol a25, arturia beatstep pro y keystep ",Barcelona,572,2023-09-14,2024-05-21,2024-02-09
637,0,0,0,1,1400,0,0,0,0,yamaha,teclado escenario yamaha cp73 ,Bizkaia,120,2024-02-02,2024-06-18,2024-02-09
638,0,0,0,1,265,0,0,0,0,roland,roland boutique jd-08 ,Bizkaia,18,2024-02-09,2024-06-26,2024-02-09
639,0,0,0,1,360,0,0,0,0,arturia,arturia keylab 61 mkii black edition + analog lab v + piano v ,Madrid,130,2023-11-21,2024-01-22,2024-02-09
640,0,0,0,1,1100,0,0,0,0,moog,sinte moog sub37 ,Sevilla,160,2024-02-05,2024-06-22,2024-02-09
641,0,0,0,1,40,0,0,0,0,-,making sound machines multiplikand ,Barcelona,99,2024-01-19,2024-06-07,2024-02-09
642,0,0,0,1,150,0,0,0,0,mutable,mutable instruments shruthi original ,Madrid,156,2024-01-19,2024-06-26,2024-02-09
643,0,0,1,0,55,0,0,0,0,adam,funda para teclado de 5 octavas por soporte rack tipo adam hall ,Madrid,1812,2021-04-01,2024-06-23,2024-02-09
644,0,0,0,1,1200,0,0,0,0,elektron,elektron analog rytm mkii black + decksaver ,Baleares,54,2024-02-07,2024-06-24,2024-02-09
645,0,0,0,1,800,0,0,0,0,analogue solutions ,megacity step sequencer ,Málaga,192,2024-01-19,2024-06-19,2024-02-09
646,0,0,0,1,125,0,0,0,0,-,ne sinc bucina ,Barcelona,148,2024-01-19,2024-06-26,2024-02-09
647,0,0,0,1,980,0,0,0,0,korg,korg triton studio 61 teclas ,Madrid,128,2024-02-02,2024-06-18,2024-02-09
648,0,0,0,1,1300,0,0,0,0,yamaha,yamaha modx7 + ,Huelva,226,2023-11-18,2024-06-22,2024-02-09
649,0,0,1,0,0,0,1,0,0,roland,roland fantom 06 ,Barcelona,52,2024-02-07,2024-02-25,2024-02-09
650,0,0,0,1,0,0,0,0,0,roland,roland mrs-2 promar compuphonic sintetizador analogico monofonico ,Madrid,1520,2023-11-04,2024-06-18,2024-02-09
651,0,0,0,1,855,0,0,0,0,oto,oto biscuit ,Barcelona,192,2023-11-28,2024-06-26,2024-02-09
652,0,0,0,1,700,0,0,0,0,syncussion,syncussion sy-1m psyco ,Barcelona,392,2023-09-13,2024-01-22,2024-02-09
653,0,1,0,0,0,0,0,0,0,minifreak,sintetizador minifreak ,Salamanca,56,2024-02-07,2024-06-25,2024-02-09
654,0,0,0,1,220,0,0,0,0,nano,nano modules ona x2 ,Valencia,69,2024-02-07,2024-06-24,2024-02-09
655,0,0,0,1,55,0,0,0,0,-,blofeld license sl ,Madrid,144,2024-01-26,2024-06-25,2024-02-09
656,0,0,0,1,790,0,0,0,0,yamaha,yamaha motif xs ,Alicante,198,2024-01-26,2024-06-21,2024-02-09
657,0,0,0,1,750,0,0,0,0,yamaha,piano yamaha p-120 ,Zamora,46,2024-02-08,2024-06-25,2024-02-09
658,0,0,0,1,1050,0,0,0,0,roland,roland jd-xa oferta ,Barcelona,895,2022-10-08,2024-06-18,2024-02-09
659,0,0,0,1,90,0,0,0,0,-,antumbra klik ,Madrid,98,2024-01-19,2024-06-26,2024-02-09
660,0,0,0,1,120,0,0,0,0,m-audio,keystation 88 de m-audio mk2 ,Navarra,47,2024-02-09,2024-06-25,2024-02-09
661,0,0,0,1,325,0,0,0,0,doepfer,doepfer a-100p6 case psu3 eurorack ,Málaga,187,2024-01-12,2024-06-20,2024-02-09
662,0,0,0,1,150,0,0,0,0,4ms,4ms rcd y expander ,Madrid,80,2024-01-19,2024-06-26,2024-02-09
663,0,0,0,1,800,0,0,0,0,eurorack,case eurorack 12u 104hp ,Madrid,48,2024-02-09,2024-06-26,2024-02-09
664,0,0,0,1,2000,0,0,0,0,kawai,piano kawai k-200 wh ,Tarragona,156,2024-01-19,2024-06-02,2024-02-09
665,0,0,0,1,390,0,0,0,0,behringer,behringer vocoder vc340 ,Barcelona,346,2024-01-19,2024-06-22,2024-02-09
666,0,0,0,1,400,0,0,0,0,yamaha,yamaha dx7 iid ,Madrid,174,2024-02-07,2024-06-24,2024-02-09
667,0,1,0,0,0,0,0,0,0,arp,slider cap para arp odyssey mkiii ,Burgos,238,2023-10-25,2024-06-24,2024-02-09
668,0,0,0,1,150,0,0,0,0,eurorack,multifx eurorack estéreo dervish ,Barcelona,140,2024-01-26,2024-06-09,2024-02-09
669,0,0,0,1,500,0,0,0,0,waldorf,waldorf nw1 mod1 dvca1 comp1 ,Madrid,330,2023-10-22,2024-06-26,2024-02-09
670,0,0,0,1,900,0,0,0,0,formanta,formanta maestro híbrido digital analógico 4 voces manufacturado en urss ,Barcelona,266,2024-02-02,2024-06-23,2024-02-09
671,0,0,1,0,0,0,0,0,0,mutable,mutable instruments ripples v2 ,Barcelona,172,2023-10-30,2024-06-24,2024-02-09
672,0,0,0,1,120,0,0,0,0,gator,gator g-pg-61 funda teclado nueva ,Valencia,238,2023-10-06,2024-06-24,2024-02-09
673,0,0,0,1,90,0,0,0,0,korg,korg volca kick rebajado 10 euros ,Madrid,653,2023-03-20,2024-04-09,2024-02-09
674,0,0,0,1,400,0,0,0,0,modal,modal argon 8 ,Baleares,56,2024-02-09,2024-06-25,2024-02-09
675,0,0,0,1,80,0,0,0,0,-,maleta rígida ,Castellón,723,2023-02-12,2024-06-25,2024-02-09
676,0,0,0,1,1100,0,0,0,0,nord lead ,4 ,Madrid,358,2023-10-10,2024-04-07,2024-02-09
677,0,0,0,1,1150,0,0,0,0,elektron,elektron octatrack mk2 ,Tarragona,29,2024-02-09,2024-02-26,2024-02-09
678,0,0,0,1,300,0,0,0,0,wardrf blofed ,,Madrid,134,2023-11-10,2024-05-08,2024-02-09
679,0,0,0,1,90,0,0,0,0,doepfer,doepfer a199 spring reverb ,Madrid,139,2023-10-27,2024-06-26,2024-02-09
680,0,0,0,1,1900,0,0,0,0,korg,oportunidad korg 88 sv2 vintage ,Murcia,186,2024-01-26,2024-06-23,2024-02-09
681,0,0,0,1,1250,0,0,0,0,virus,virus ti polar cambio por desktop ,Valencia,229,2024-01-19,2024-06-24,2024-02-09
682,0,0,0,1,70,0,0,0,0,arturia,arturia keystep controller & sequencer ,Madrid,122,2023-11-21,2024-01-22,2024-02-09
683,0,0,0,1,560,0,0,0,0,instruments,oxi one de oxi instruments ,Madrid,100,2024-02-07,2024-06-24,2024-02-09
684,1,0,0,1,85,0,0,0,0,erica synths erica synths ,pico drum 1 + pico programmer ,Málaga,102,2024-01-26,2024-06-18,2024-02-09
685,0,0,0,1,120,0,0,0,0,akai,akai mpk mini plus ,Almería,84,2024-02-02,2024-06-19,2024-02-09
686,0,0,0,1,1825,0,0,0,0,yamaha,yamaha montage 7 ,Madrid,220,2024-01-26,2024-06-25,2024-02-09
687,0,0,0,1,420,0,0,0,0,behringer,behringer 2600 ,Barcelona,318,2024-02-02,2024-06-18,2024-02-09
688,0,0,0,1,350,0,0,0,0,korg,korg wavestation ex ,Almería,338,2024-01-19,2024-06-25,2024-02-09
689,0,0,0,1,380,0,0,0,0,uno,uno synth pro x ,Girona,1313,2022-04-29,2024-06-19,2024-02-09
690,0,0,0,1,1750,0,0,0,0,korg,korg sv2-73s stage vintage digital piano ,Barcelona,56,2024-02-08,2024-06-25,2024-02-09
691,0,0,0,1,60,0,0,0,0,-,teclado casiotone ct-310 ,A Coruña,805,2023-07-03,2024-05-23,2024-02-09
692,0,0,0,1,450,0,0,0,0,asm,asm hydrasynth explorer ,Salamanca,206,2024-02-03,2024-06-23,2024-02-09
693,0,0,0,1,600,0,0,0,0,eurorack,case eurorack 12u 84hp ,Madrid,34,2024-02-09,2024-06-26,2024-02-09
694,0,0,0,1,280,0,0,0,0,isla,kordbot isla instruments ,Barcelona,2505,2022-02-25,2024-01-19,2024-02-09
695,0,0,0,1,499,0,0,0,0,synthesis,synthesis technology e352 cloud terrarium vco ,Barcelona,104,2024-02-04,2024-06-21,2024-02-09
696,0,0,0,1,700,0,0,0,0,-,teclado workstation sintetizador - 61 teclas semi contrapesadas ,Barcelona,188,2023-11-30,2024-06-04,2024-02-09
697,0,0,0,1,270,0,0,0,0,komplete,teclado komplete kontrol s61 mk2 ,Barcelona,330,2023-11-18,2024-01-17,2024-02-09
698,0,0,0,1,210,0,0,0,0,xaoc,xaoc devices batumi ,Madrid,78,2023-12-08,2024-02-06,2024-02-09
699,0,0,0,1,1650,0,0,0,0,yamaha,yamaha cp88 ,Sevilla,257,2023-10-22,2024-04-19,2024-02-09
700,0,1,0,0,0,0,0,0,0,roland,roland fa 06 ,Bizkaia,91,2023-12-01,2024-05-29,2024-02-09
701,0,0,0,1,350,0,0,0,0,roland,roland jd-xi ,Barcelona,294,2023-12-04,2024-06-09,2024-02-09
702,0,0,0,1,30,0,0,0,0,elektron,soporte elektron analog rytm four octatrack ,Barcelona,146,2023-12-10,2024-06-07,2024-02-09
703,0,0,0,1,250,0,0,0,0,arturia,arturia drumbrute ,Badajoz,172,2023-11-25,2024-06-01,2024-02-09
704,0,0,0,1,300,0,0,0,0,x0xb0x,x0xb0x 303 ,Segovia,333,2023-10-13,2024-04-10,2024-02-09
705,0,0,0,1,350,0,0,0,0,midi,"midi club juno ctrl, controlador para roland alpha juno 1 2, mks50, hs10 80 ",Málaga,304,2023-11-29,2024-05-31,2024-02-09
706,0,0,0,1,250,0,0,0,0,mpc,mpc live para reparar o piezas ,Toledo,2164,2022-01-03,2024-06-06,2024-02-09
707,0,0,0,1,280,0,0,0,0,eurorack,"eurorack, caja eurorack diy, sintetizador modular ",Murcia,308,2023-10-02,2024-01-31,2024-02-09
708,0,0,0,1,675,0,0,0,0,yamaha,yamaha dx7 iid ,Girona,1366,2021-04-13,2024-06-02,2024-02-09
709,0,0,0,1,900,0,0,0,0,moog,moog subsequent 25 ,Salamanca,354,2023-12-09,2024-06-06,2024-02-09
710,0,0,0,1,60,0,0,0,0,moog,moog eurorack case 60 hp ,Valencia,192,2023-11-29,2024-05-27,2024-02-09
711,0,0,0,1,100,0,0,0,0,midi,teclado maestro midi roland a 33 ,Madrid,129,2023-12-05,2024-06-02,2024-02-09
712,0,0,0,1,500,0,0,0,0,korg,korg trinity plus ,Baleares,1138,2023-07-07,2024-06-27,2024-02-09
713,0,0,0,1,110,0,0,0,0,eurorack,"módulo eurorack ""2hp snare"" ",Barcelona,502,2022-12-16,2024-03-22,2024-02-09
714,0,0,0,1,180,0,0,0,0,-,sr-jv80 expansion boards sr jv techno and dance ,Barcelona,832,2023-03-12,2024-03-19,2024-02-09
715,0,0,0,1,20,0,0,0,0,-,mochila para transportar teclado ,Barcelona,474,2023-02-03,2024-06-01,2024-02-09
716,0,0,0,1,150,0,0,0,0,korg,módulo de sonido korg n1r ,Valencia,393,2023-12-02,2024-05-30,2024-02-09
717,0,0,0,1,1200,0,0,0,0,viscount,viscount legend live ,Madrid,330,2023-12-08,2024-02-06,2024-02-09
718,0,0,0,1,550,0,0,0,0,mopho,mopho dave smith ,Madrid,1381,2023-01-14,2024-05-02,2024-02-09
719,0,0,0,1,325,0,0,0,0,chase,chase bliss mood mk1 pedal de efectos ,Madrid,52,2024-02-09,2024-07-20,2024-02-09
720,0,0,0,1,90,0,0,0,0,midi,teclado midi novation impulse 25 ,Tarragona,94,2024-02-07,2024-07-19,2024-02-09
721,0,0,0,1,180,0,0,0,0,-,electro harmonix bass microsynth ,Madrid,102,2024-02-07,2024-07-19,2024-02-09
722,0,0,0,1,500,0,0,0,0,kurzweil,kurzweil k2000r full expanded roms sampler pram pcm scsi discoduro ,Alicante,289,2024-02-08,2024-07-19,2024-02-09
723,0,0,0,1,140,0,0,0,0,studiologic,studiologic fatar sl 880 ,Alicante,122,2024-02-07,2024-07-19,2024-02-09
724,0,0,0,1,358,0,0,0,0,modal,argon 8m modal electronics ,Madrid,135,2024-02-07,2024-07-19,2024-02-09
725,0,0,0,1,1090,0,0,0,0,sequential,sequential take 5 re-estreno reservado ,Málaga,243,2024-02-07,2024-07-19,2024-02-09
726,0,0,0,1,150,0,0,0,0,eurorack,filtro ujove eurorack ,Madrid,42,2024-02-09,2024-07-20,2024-02-09
727,0,0,0,1,425,0,0,0,0,korg,korg minilogue xd module ,Pontevedra,66,2024-02-09,2024-07-20,2024-02-09
728,0,0,0,1,210,0,0,0,0,roland,roland boutique jx08 re-estreno !!! ,Málaga,220,2024-02-07,2024-07-19,2024-02-09
729,0,0,0,1,210,0,0,0,0,roland,roland boutique ju-06a re-estreno !!! ,Málaga,185,2024-02-07,2024-07-19,2024-02-09
730,0,0,0,1,0,0,0,0,0,roland,roland juno-60 + md-8 midi dcb interface ,Barcelona,362,2024-02-09,2024-07-09,2024-02-09
731,0,0,0,1,150,0,0,0,0,korg,korg monologue ,Granada,326,2023-12-02,2024-05-30,2024-02-09
732,0,0,0,1,650,0,0,0,0,elektron,machinedrum sps-1 mki - elektron ,Pontevedra,154,2024-02-09,2024-07-06,2024-02-09
733,0,0,1,0,0,0,0,0,0,elektron,db01 y elektron model cycles ,Madrid,404,2024-02-02,2024-06-27,2024-02-09
734,0,0,0,1,450,0,0,0,0,eurorack,eurorack case submodular shadow 6u 208hp + intellijel power tps80w ,Barcelona,452,2023-12-06,2024-06-28,2024-02-09
735,0,0,0,1,1700,0,0,0,0,doepfer,doepfer a-100 basic system ,Barcelona,594,2023-11-21,2024-01-29,2024-02-09
736,0,0,0,1,320,0,0,0,0,yamaha,yamaha mo6 video dentro ,Segovia,639,2023-11-03,2024-06-27,2024-02-09
737,0,0,0,1,90,0,0,0,0,korg,korg sq-1 secuenciador ,Madrid,618,2023-08-30,2024-06-29,2024-02-09
738,0,0,0,1,275,0,0,0,0,novation,mininova de novation ,Madrid,372,2024-02-02,2024-06-28,2024-02-09
739,0,0,0,1,60,0,0,0,0,kawai,kawai rc-2 tarjeta memoria ,Barcelona,1279,2022-03-17,2024-01-30,2024-02-09
740,0,0,0,1,50,0,0,0,0,2hp,2hp switch ,Barcelona,411,2023-07-18,2024-06-27,2024-02-09
741,0,0,0,1,300,0,0,0,0,minibrute,minibrute 2 ,Alicante,378,2024-02-03,2024-06-29,2024-02-09
742,0,0,0,1,450,0,0,0,0,jomox,jomox xbase 09 clon tr-909 ,Gipuzkoa,108,2024-02-09,2024-07-30,2024-02-09
743,0,0,0,1,480,0,0,0,0,korg,sintetizador korg minilogue xd ,Cáceres,272,2024-02-04,2024-07-26,2024-02-09
744,0,0,0,1,5500,0,0,0,0,alesis,sintetizador andromeda a6 alesis ,Madrid,420,2024-02-05,2024-07-26,2024-02-09
745,0,0,0,1,1360,0,0,0,0,lzx,euroracks de video lzx ,Barcelona,120,2024-02-09,2024-07-30,2024-02-09
746,0,1,0,0,99,0,0,0,0,critter,septavox de critter & guitari ,Alicante,66,2024-02-09,2024-07-30,2024-02-09
747,0,0,0,1,480,0,0,0,0,yamaha,yamaha mox6+funda ,Barcelona,86,2024-02-09,2024-07-30,2024-02-09
748,0,0,0,1,270,0,0,0,0,komplete,teclado komplete kontrol s-61mk2 ,Barcelona,146,2024-02-06,2024-03-30,2024-02-09
749,0,0,0,1,400,0,0,0,0,eurorack,paquete de módulos eurorack ,Barcelona,164,2024-02-08,2024-07-30,2024-02-09
750,0,0,0,1,1200,0,0,0,0,access,access virus ti 2 ,Madrid,168,2024-02-06,2024-03-30,2024-02-09
751,0,0,0,1,140,0,0,0,0,mutable,mutable instruments grids clone ,Valencia,660,2023-07-12,2024-07-30,2024-02-09
752,0,0,0,1,450,0,0,0,0,arturia,arturia minifreak ,Alicante,214,2024-02-06,2024-07-28,2024-02-09
753,0,0,0,1,600,0,0,0,0,deepmind,deepmind 12d y bolsa de transporte original behringuer ,Madrid,650,2023-09-08,2024-07-27,2024-02-09
754,0,0,0,1,1400,0,0,0,0,novation,novation summit ,Barcelona,246,2024-02-05,2024-07-26,2024-02-09
755,0,0,0,1,900,0,0,0,0,analog,sintetizador analog four keys de elektron con rockcase ,Granada,52,2024-02-09,2024-07-30,2024-02-09
756,0,0,0,1,425,0,0,0,0,-,teenage op-z mas extras ,Pontevedra,78,2024-02-09,2024-07-30,2024-02-09
757,0,1,0,0,0,0,0,0,0,e-mu,sampler e-mu emax i se rack ,Murcia,421,2023-09-30,2024-07-28,2024-02-09
758,0,0,0,1,1000,0,0,0,0,roland,roland juno x en barcelona ,Barcelona,192,2024-02-09,2024-07-30,2024-02-09
759,0,0,0,1,370,0,0,0,0,tascam,mezclador de 16 líneas tascam lm-8st ,Madrid,732,2023-09-12,2024-07-27,2024-02-09
760,0,0,0,1,80,0,0,0,0,arturia,arturia minilab 3 ,Alicante,62,2024-02-09,2024-07-30,2024-02-09
761,0,0,0,1,160,0,0,0,0,befaco,befaco rampage [eurorack] ,Madrid,142,2024-02-07,2024-07-28,2024-02-09
762,0,0,0,1,1200,0,0,0,0,dsi,dsi prophet ‘08 ,Madrid,230,2024-02-06,2024-03-30,2024-02-09
763,0,0,0,1,1250,0,0,0,0,korg,korg lambda ,Madrid,330,2024-02-06,2024-07-30,2024-02-09
764,0,0,0,1,250,0,0,0,0,elektron,elektron model samples - perfecto estado ,Jaén,312,2023-12-11,2024-06-08,2024-02-09
765,0,0,1,0,0,0,0,0,0,novation,novation 49sl mk3 por el 61sl ,Cantabria,116,2024-02-08,2024-07-29,2024-02-09
766,0,0,0,1,560,0,0,0,0,virus,virus snow ,Gipuzkoa,72,2024-02-09,2024-07-30,2024-02-09
767,0,0,0,1,80,0,0,0,0,korg,korg sq1 secuenciador ,Madrid,120,2024-02-08,2024-07-29,2024-02-09
768,0,0,0,1,50,0,0,0,0,befaco,befaco dual atenuverter [eurorack] ,Madrid,140,2024-02-07,2024-07-28,2024-02-09
769,0,0,0,1,700,0,0,0,0,-,wmd performer mixer ,Barcelona,146,2024-02-08,2024-07-29,2024-02-09
770,0,0,0,1,350,0,0,0,0,modbap,modbap osiris wavetable osc ,Barcelona,126,2024-02-08,2024-07-29,2024-02-09
771,0,0,0,1,250,0,0,0,0,behringer,behringer rd-8 2019-2022 ,Madrid,236,2024-02-06,2024-07-27,2024-02-09
772,0,0,0,1,450,0,0,0,0,yamaha,yamaha wx5 controlador de viento midi ,Madrid,623,2022-12-09,2024-03-02,2024-02-09
773,0,0,0,1,500,0,0,0,0,kurzweil,kurzweil pc3le7 ,Sevilla,191,2024-02-06,2024-07-28,2024-02-09
774,0,0,0,1,350,0,0,0,0,rhodes,sínte rhodes ,Granada,412,2024-02-05,2024-07-26,2024-02-09
775,0,0,0,1,1400,0,0,0,0,yamaha,yamaha wx5 y aerophone ae-30 pro ,Alicante,76,2024-02-09,2024-07-30,2024-02-09
776,0,0,0,1,1999,0,0,0,0,korg,korg prologue 16 ,Madrid,222,2024-02-06,2024-03-30,2024-02-09
777,0,0,0,1,950,0,0,0,0,yamaha,yamaha motif xs6 ,Girona,2569,2022-06-08,2024-07-30,2024-02-09
778,0,0,0,1,125,0,0,0,0,4ms,4ms rotating clock divider + expansión [eurorack] ,Madrid,238,2024-02-05,2024-07-26,2024-02-09
779,0,0,0,1,1250,0,0,0,0,motif,motif xs 7 ,Valencia,188,2024-02-07,2024-07-28,2024-02-09
780,0,0,0,1,40,0,0,0,0,moog,moog mother two-tier rack stand ,Valencia,200,2024-02-04,2024-07-26,2024-02-09
781,0,0,1,0,0,0,0,0,0,roland,roland fantom8 por piano pared ,Sevilla,72,2024-02-09,2024-07-30,2024-02-09
782,0,0,0,1,500,0,0,0,0,roland,roland rs09 ,Madrid,328,2024-02-06,2024-07-30,2024-02-09
783,0,1,0,0,5000,0,0,0,0,mutable,mutable clouds ,Barcelona,154,2024-02-07,2024-07-29,2024-02-09
784,0,0,0,1,135,0,0,0,0,2hp,2hp verb [eurorack] ,Madrid,136,2024-02-07,2024-07-28,2024-02-09
785,0,0,0,1,1179,0,0,0,0,sequential,pro 2 sequential ,Gipuzkoa,102,2024-02-09,2024-07-30,2024-02-09
786,0,0,0,1,1111,0,0,0,0,roland,roland v-synth xt ,Madrid,242,2024-02-06,2024-03-30,2024-02-09
787,0,0,0,1,410,0,0,0,0,roland,roland sh-4d groovebox & desktop synth module ,Cantabria,44,2024-02-09,2024-07-28,2024-02-09
788,0,0,0,1,1400,0,0,0,0,yamaha,en venta workstation yamaha psr sx 900 ,Madrid,76,2024-02-09,2024-07-10,2024-02-09
789,0,0,0,1,1500,0,0,0,0,pulsar-23,soma pulsar-23 white ,Barcelona,436,2023-10-11,2024-07-10,2024-02-09
790,0,0,0,1,125,0,0,0,0,-,quik-lok z-726l - soporte para teclado 2 niveles ,Madrid,96,2024-02-09,2024-07-10,2024-02-09
791,0,0,0,1,875,0,0,0,0,moog,moog grand mother dark + decksaver ,Málaga,504,2024-01-12,2024-06-28,2024-02-09
792,0,0,0,1,2700,0,0,0,0,nord stage ,3 hp76 ,Barcelona,316,2024-02-02,2024-06-26,2024-02-09
793,0,0,0,1,1850,0,0,0,0,nord electro ,6 d ,Baleares,983,2023-07-31,2024-06-27,2024-02-09
794,0,0,0,1,500,0,0,0,0,eurorack,eurorack módulos mannequins ,Barcelona,344,2024-02-02,2024-06-27,2024-02-09
795,0,0,0,1,320,0,0,0,0,roland,roland mc-101 + bancos de sonido + funda ,Granada,212,2024-02-07,2024-07-01,2024-02-09
796,0,0,0,1,140,0,0,0,0,roland,teclado controlador roland a-800 pro ,Sevilla,652,2023-11-01,2024-06-26,2024-02-09
798,0,0,0,1,250,0,0,0,0,make noise ,maths ,Valencia,32,2024-02-09,2024-07-28,2024-02-09
799,0,0,0,1,250,0,0,0,0,korg,korg microstation ,Barcelona,44,2024-02-09,2024-07-17,2024-02-09
800,0,0,0,1,600,0,0,0,0,lyra-8,soma lyra-8 ,Valencia,114,2024-02-08,2024-07-22,2024-02-09
801,0,0,0,1,90,0,0,0,0,-,maleta de 73 teclas ,Valencia,132,2024-02-07,2024-07-22,2024-02-09
802,0,0,0,1,20,0,0,0,0,casio,teclado musical casio sa 77 ,Burgos,52,2024-02-09,2024-07-11,2024-02-09
803,0,0,0,1,235,0,0,0,0,novation,novation mininova sintetizador vocoder ,Granada,36,2024-02-09,2024-07-11,2024-02-09
804,0,0,0,1,499,0,0,0,0,deepmind,nehringer deepmind 12 desktop + decenas de bancos ,Granada,150,2024-02-07,2024-06-27,2024-02-09
805,0,0,0,1,270,0,0,0,0,waldorf,waldorf blofeld modulo ,Cádiz,70,2024-02-07,2024-06-26,2024-02-09
806,0,0,0,1,150,0,0,0,0,jaspers,soporte jaspers 4 teclados apalabrado ,Sevilla,196,2024-02-07,2024-06-26,2024-02-09
807,0,0,0,1,250,0,0,0,0,yamaha,yamaha motif rack ,Valencia,317,2024-01-12,2024-06-01,2024-02-09
808,0,0,0,1,80,0,0,0,0,midi,módulo midi emu procussion ,Madrid,92,2024-02-09,2024-06-27,2024-02-09
809,0,0,1,0,0,0,0,0,0,roland,roland fantom 06 cambio por yamaha modx6 o plus ,Jaén,106,2024-02-08,2024-06-27,2024-02-09
