,urgent,buy,change,sell,price,gift,search,repair,parts,synt_brand,description,city,published,expire,date_scrapped,seen
1,0,0,0,1,120,0,0,0,0,korg,korg volca sample 2 ,Zaragoza,2024/02/09,2024/07/08,2024/2/9,52
2,0,0,0,1,200,0,0,0,0,korg,korg 05r w módulo ,Madrid,2023/07/27,2024/07/07,2024/2/9,834
3,0,0,0,1,3190,0,0,0,0,clavia,clavia nord stage 4 73 keys ,Baleares,2024/02/02,2024/07/05,2024/2/9,385
4,0,0,1,0,0,0,0,0,0,roland,roland rd 2000 ,Madrid,2023/11/19,2024/07/02,2024/2/9,738
5,0,0,0,1,425,0,0,0,0,korg,korg drumlogue ,Bizkaia,2023/01/24,2024/07/08,2024/2/9,1970
6,0,0,0,1,2300,0,0,0,0,-,"varios sintes, pedales, cajas ",Valladolid,2023/09/04,2024/07/06,2024/2/9,2010
7,0,0,0,1,550,0,0,0,0,deepmind,deepmind 12 d ,Barcelona,2024/02/04,2024/07/07,2024/2/9,334
8,0,0,0,1,75,0,0,0,0,m-audio,controlador m-audio 5 octavas evolution mk461c ,Madrid,2023/02/15,2024/07/02,2024/2/9,925
9,0,0,0,1,1100,0,0,0,0,luthier,le luthier onde ,Barcelona,2023/10/09,2024/07/07,2024/2/9,767
10,0,0,0,1,120,0,0,0,0,bohm,bohm dynamic 12 24 ,Madrid,2024/01/26,2024/07/06,2024/2/9,558
11,0,0,0,1,240,0,0,0,0,roland,roland eg 101 ,Cantabria,2023/06/16,2024/07/07,2024/2/9,967
12,0,0,0,1,460,0,0,0,0,modal,"modal cobalt + extras, en garantía ",Sevilla,2023/12/10,2024/07/04,2024/2/9,589
13,0,0,0,1,359,0,0,0,0,arturia,arturia keystep pro ,Girona,2021/08/25,2024/07/08,2024/2/9,1761
14,0,0,0,1,410,0,0,0,0,yamaha,sampler yamaha a5000 con extras ,Madrid,2024/01/12,2024/07/05,2024/2/9,586
15,0,0,0,1,890,0,0,0,0,access,access virus ti desktop ,Barcelona,2024/02/09,2024/07/08,2024/2/9,96
16,0,0,0,1,125,0,0,0,0,yamaha,yamaha su10 sampler 16 bits portátil compatible sds ,Alicante,2024/02/06,2024/07/06,2024/2/9,216
17,0,0,0,1,600,0,0,0,0,jomox,jomox xbase999 ,Barcelona,2023/06/16,2024/05/20,2024/2/9,432
18,0,0,0,1,275,0,0,0,0,moog,moog theremini ,Barcelona,2023/12/09,2024/07/06,2024/2/9,718
19,0,0,1,0,0,0,0,0,0,mpc,librería propia mpc ,Madrid,2023/09/30,2024/07/04,2024/2/9,494
20,0,0,0,1,60,0,0,0,0,roland,roland sr-jv80-10 bass and drums ,Madrid,2020/08/28,2024/06/16,2024/2/9,4838
21,0,0,0,1,400,0,0,0,0,akai,akai ewi 5000 ,Bizkaia,2024/02/06,2024/07/06,2024/2/9,174
22,0,0,0,1,700,0,0,0,0,elektron,elektron analog heat mkii ,Madrid,2024/02/08,2024/07/08,2024/2/9,72
23,0,0,0,1,43,0,0,0,0,doepfer,doepfer a-148 sample and hold ,Asturias,2024/02/02,2024/07/09,2024/2/9,304
24,0,0,0,1,369,0,0,0,0,roland,estación de trabajo roland mv-30 + librería de sonidos roland d-70 ,Zaragoza,2023/06/21,2024/07/07,2024/2/9,1126
25,0,0,0,1,15,0,0,0,0,audibax,bolsa de teclado audibax ,Sevilla,2024/02/05,2024/07/05,2024/2/9,164
26,0,0,0,1,1800,0,0,0,0,sequential,sequential prophet rev2 16 voices ,Valencia,2023/10/27,2024/07/06,2024/2/9,1589
27,0,0,0,1,3400,0,0,0,0,korg,korg pa 5x 61 ,Girona,2024/02/09,2024/07/09,2024/2/9,42
28,0,0,0,1,650,0,0,0,0,digitakt,digitakt con 3 meses ,Badajoz,2023/12/05,2024/07/07,2024/2/9,638
29,0,0,0,1,59,0,0,0,0,crumar,soft bag teclado crumar mojo 61 ,Madrid,2024/01/26,2024/07/03,2024/2/9,342
30,0,0,0,1,40,0,0,0,0,korg,decksaver cubrepolvo para korg minilogue ,Cantabria,2024/01/26,2024/07/05,2024/2/9,386
31,0,0,0,1,1150,0,0,0,0,future retro ,777 ,Málaga,2023/12/07,2024/07/08,2024/2/9,719
32,0,0,0,1,430,0,0,0,0,casio,casio fz10m fz-10m fz1 gotek emulator ,Madrid,2024/01/19,2024/07/02,2024/2/9,652
33,0,0,0,1,130,0,0,0,0,midi,módulo midi emu proteus 1 plus orchestral ,Madrid,2024/01/26,2024/07/06,2024/2/9,492
34,0,0,0,1,90,0,0,0,0,behringer,behringer eurorack 104 + cp1a ,Barcelona,2023/12/09,2024/07/06,2024/2/9,620
35,0,0,0,1,830,0,0,0,0,elektron,elektron syntakt ,Araba,2024/01/26,2024/06/28,2024/2/9,368
36,0,0,0,1,425,0,0,0,0,casio,teclado casio celviano ap80r ,Barcelona,2023/10/10,2024/07/08,2024/2/9,278
37,0,0,0,1,90,0,0,0,0,roland,roland sc-33 ,Madrid,2022/05/15,2024/07/05,2024/2/9,2291
38,0,0,0,1,369,0,0,0,0,roland,módulo secuenciador de producción musical roland mv-30 ver videos demo ,Zaragoza,2023/01/25,2024/07/05,2024/2/9,2461
39,0,0,0,1,50,0,0,0,0,korg,stardust synth cover para korg arp odyssey mini ,Cantabria,2024/01/26,2024/07/04,2024/2/9,364
40,0,0,0,1,650,0,0,0,0,elektron,elektron digitone ,Barcelona,2024/02/02,2024/07/08,2024/2/9,406
41,0,0,0,1,75,0,0,0,0,doepfer,doepfer a-106-1 xtreme filter ms20 ,Barcelona,2022/06/08,2024/07/07,2024/2/9,1437
42,0,0,0,1,359,0,0,0,0,akai,rebaja enero 15% a aplicar sampler akai s3000xl ver video ,Zaragoza,2024/01/19,2024/07/05,2024/2/9,598
43,0,0,0,1,139,0,0,0,0,-,pedal overdrive chiralityaudio splinter ,Barcelona,2023/08/15,2024/07/06,2024/2/9,346
44,0,0,0,1,750,0,0,0,0,tasty,tasty chips electronics gr1 ,Baleares,2023/06/07,2024/07/04,2024/2/9,1404
45,0,0,0,1,100,0,0,0,0,-,"equipos de estudio, sintes, caja de ritmo y secuenciador ",Araba,2023/06/01,2024/07/06,2024/2/9,4583
46,0,0,0,1,4000,0,0,0,0,hammond,hammond cv ,A Coruña,2023/09/25,2024/06/15,2024/2/9,631
47,0,0,0,1,75,0,0,0,0,casio,casio vl-tone vl-1 ,Bizkaia,2023/11/16,2024/07/05,2024/2/9,490
48,0,0,0,1,1500,0,0,0,0,nord electro ,6d 61+bolsa+funda ,Albacete,2023/12/10,2024/06/07,2024/2/9,255
49,0,0,0,1,289,0,0,0,0,arturia,teclado controlador arturia keylab mkii de 49 teclas ,A Coruña,2023/10/01,2024/07/04,2024/2/9,780
50,0,0,0,1,300,0,0,0,0,yamaha,yamaha reface cs ,Madrid,2023/11/14,2024/07/05,2024/2/9,450
51,0,0,0,1,60,0,0,0,0,behringer,behringer td3 ,Barcelona,2024/02/09,2024/07/09,2024/2/9,48
52,0,0,0,1,130,0,0,0,0,digitech,digitech studio quad ,Valencia,2023/01/05,2024/02/07,2024/2/9,1144
53,0,0,0,1,250,0,0,0,0,dreadbox,dreadbox typhon ,Madrid,2024/02/07,2024/07/07,2024/2/9,136
54,0,0,0,1,900,0,0,0,0,roland,roland tr-707 con expansión hka ,Madrid,2024/02/06,2024/03/08,2024/2/9,164
55,0,0,0,1,65,0,0,0,0,arturia,arturia keystep ,Pontevedra,2024/01/12,2024/07/05,2024/2/9,592
56,0,0,0,1,600,0,0,0,0,clavia,clavia nord lead 2 v1 06 condición excelente ,Barcelona,2024/01/19,2024/07/08,2024/2/9,663
57,0,0,0,1,1000,0,0,0,0,waldorf,waldorf kyra ,Madrid,2024/01/26,2024/07/08,2024/2/9,557
58,0,0,0,1,1200,0,0,0,0,virus,virus ti2 ,Barcelona,2023/12/13,2024/02/07,2024/2/9,891
59,0,0,0,1,2700,0,0,0,0,akai,akai mpc 3000 ,Barcelona,2023/11/01,2024/04/29,2024/2/9,346
60,0,1,0,0,0,0,0,0,0,-,buzz audio elixir ,Sevilla,2024/02/03,2024/07/03,2024/2/9,236
61,0,0,0,1,4000,0,0,0,0,jomox,jomox resonator neuronium ,Barcelona,2023/10/12,2024/07/07,2024/2/9,950
62,0,0,0,1,145,0,0,0,0,befaco,befaco kickall ,Valencia,2023/06/15,2024/07/06,2024/2/9,1424
63,0,0,0,1,120,0,0,0,0,casio,mini sintetizador casio vl-tone vl-1 ,Barcelona,2023/03/30,2024/07/06,2024/2/9,1057
64,0,0,0,1,4900,0,0,0,0,buchla,buchla music easel portable electric music box ,Girona,2022/02/24,2024/07/02,2024/2/9,1764
65,0,0,0,1,275,0,0,0,0,dreadbox,dreadbox typhon ,Navarra,2023/12/10,2024/02/06,2024/2/9,539
66,0,0,0,1,60,0,0,0,0,teenage engineering ,po-20 arcade ,Córdoba,2024/02/08,2024/07/08,2024/2/9,58
67,0,0,0,1,300,0,0,0,0,korg,korg electribe 2 sampler ,Madrid,2023/09/03,2024/07/06,2024/2/9,1184
68,0,0,0,1,300,0,0,0,0,novation,novation bassstation key ,Barcelona,2024/02/02,2024/03/04,2024/2/9,354
69,0,0,1,0,2500,0,0,0,0,dsi,dsi prophet 12 desktop ,Valencia,2024/01/19,2024/07/05,2024/2/9,1118
70,0,0,0,1,70,0,0,0,0,roland,roland tr-707 rom expansion - instalacion gratuita ,A Coruña, ,2024/07/08,2024/2/9,450
71,0,0,0,1,190,0,0,0,0,modular,caja para modular 3u ,Barcelona,2023/02/13,2024/07/06,2024/2/9,1427
72,0,0,0,1,255,0,0,0,0,4ms,ensemble oscillator 4ms ,Barcelona,2023/12/10,2024/02/07,2024/2/9,513
73,0,0,0,1,80,0,0,0,0,yamaha,suport de hihat yamaha amb potes giratòries i ungla anti-lliscant ,Barcelona,2024/02/09,2024/07/09,2024/2/9,42
74,0,0,0,1,100,0,0,0,0,studio,studio electronics atc-1 2600 filter cartridge ,Barcelona,2021/09/21,2024/07/08,2024/2/9,1889
75,0,0,0,1,190,0,0,0,0,mutable,mutable instruments elements ,Gipuzkoa,2024/02/05,2024/03/07,2024/2/9,185
76,0,0,0,1,150,0,0,0,0,roland,adsr dual roland 540 ,Barcelona,2023/11/29,2024/07/07,2024/2/9,480
77,0,0,0,1,350,0,0,0,0,roland,roland jv-1080 con 3 expansiones de sonido ,Madrid,2023/12/11,2024/07/08,2024/2/9,644
78,0,0,0,1,60,0,0,0,0,bheringer,bheringer umx 61 ,Valencia,2021/03/04,2024/07/08,2024/2/9,2492
79,0,0,0,1,250,0,0,0,0,behringer,behringer rd8 ,Barcelona,2023/12/05,2024/07/04,2024/2/9,514
80,0,0,0,1,600,0,0,0,0,access,access virus ti snow ,Baleares,2024/01/19,2024/06/18,2024/2/9,214
81,0,0,0,1,280,0,0,0,0,behringer,behringer rd9 ,Madrid,2024/02/07,2024/07/07,2024/2/9,184
82,0,0,0,1,790,0,0,0,0,behringer,behringer model d + pro 1 + k2 ,Madrid,2023/11/30,2024/07/09,2024/2/9,734
83,0,0,0,1,210,0,0,0,0,-,iconnectaudio 4+ ,Madrid,2024/02/06,2024/07/06,2024/2/9,194
84,0,0,0,1,1390,0,0,0,0,ketron,ketron lounge ssd 240 gb ,Baleares,2024/01/19,2024/07/05,2024/2/9,544
85,0,0,0,1,2550,0,0,0,0,roland,roland juno 6 ,Tarragona,2023/04/14,2024/05/14,2024/2/9,1142
86,0,0,0,1,1499,0,0,0,0,waldorf,waldorf m sintetizador wavetable ,Bizkaia,2021/12/24,2024/07/06,2024/2/9,3875
87,0,0,0,1,0,0,0,0,0,elektron,packs de sonidos para máquinas elektron ,Córdoba,2023/11/03,2024/07/06,2024/2/9,539
88,0,0,0,1,1149,0,0,0,0,arturia,arturia matrixbrute ,Madrid,2023/12/04,2024/07/04,2024/2/9,779
89,0,0,0,1,2250,0,0,0,0,leslie,leslie 122 clásico y autónomo ii ,Zaragoza,2023/05/16,2024/07/09,2024/2/9,1075
90,0,0,0,1,140,0,0,0,0,akai,akai s3000xl ,Madrid,2024/02/06,2024/07/06,2024/2/9,221
91,0,0,0,1,800,0,0,0,0,yamaha,yamaha motif xs6 en perfecto estado ,Barcelona,2024/01/12,2024/07/03,2024/2/9,538
92,0,0,0,1,185,0,0,0,0,waldorf,waldorf streichfett ,Sevilla,2024/02/05,2024/07/05,2024/2/9,192
93,0,0,0,1,85,0,0,0,0,kurzweil,kurzweil controlador ribbon pc2rib ,Madrid,2024/01/26,2024/07/05,2024/2/9,554
94,0,0,0,1,2500,0,0,0,0,yamaha,yamaha montage 7 ,Madrid,2023/10/09,2024/07/04,2024/2/9,779
95,0,0,0,1,790,0,0,0,0,korg,korg cx3 restaurado ,Zaragoza,2023/05/26,2024/07/07,2024/2/9,1716
96,0,0,0,1,499,0,0,0,0,korg,korg poly 61 + flight case ,Málaga,2024/02/03,2024/07/03,2024/2/9,368
97,0,0,0,1,120,0,0,0,0,gator,gator g-pg-49 funda teclado nueva ,Valencia,2024/02/02,2024/07/06,2024/2/9,288
98,0,0,0,1,600,0,0,0,0,korg,korg pa2xpro ,Bizkaia,2024/02/06,2024/07/06,2024/2/9,180
99,0,0,0,1,525,0,0,0,0,analog,leipzig-s 2 late model analog synthesizer ,Málaga,2023/12/08,2024/07/04,2024/2/9,718
100,0,0,0,1,275,0,0,0,0,korg,korg m50 sintetizador ,Madrid,2024/02/08,2024/07/08,2024/2/9,218
101,0,0,0,1,3000,0,0,0,0,korg,"mega pack korg oasys, roland a80 y korg 01prox ",Ourense,2024/01/19,2024/06/18,2024/2/9,384
102,0,0,0,1,250,0,0,0,0,korg,korg microkorg sintetizador ,Cádiz,2023/11/28,2024/07/08,2024/2/9,682
103,0,0,0,1,460,0,0,0,0,akemie,akemie castle ,La Rioja,2023/12/07,2024/07/05,2024/2/9,328
104,0,0,0,1,129,0,0,0,0,artiphon,artiphon orba 2 ,Madrid,2024/01/26,2024/07/04,2024/2/9,412
105,0,0,0,1,560,0,0,0,0,roland,roland tr-606 drumatix caja de ritmos analógica + salidas individualles ,Barcelona,2024/01/19,2024/07/08,2024/2/9,644
106,0,0,0,1,400,0,0,0,0,yamaha,yamaha qy700 secuenciador workstation ,Barcelona,2023/08/27,2024/07/07,2024/2/9,470
107,0,0,0,1,1750,0,0,0,0,mfb,sintetizador analógico parafónico programable mfb dominion 1 en perfecto estado ,Barcelona,2024/02/08,2024/07/08,2024/2/9,156
108,0,0,0,1,300,0,0,0,0,waldorf,waldorf blofeld ,Madrid,2023/11/20,2024/07/07,2024/2/9,800
109,0,0,0,1,80,0,0,0,0,-,po 20 arcade teenage enginering ,Valencia,2023/12/12,2024/07/05,2024/2/9,350
110,0,0,0,1,190,0,0,0,0,jomox,jomox mbase 11 ,Sevilla,2023/11/17,2024/07/04,2024/2/9,570
111,0,0,0,1,700,0,0,0,0,roland,roland mc-707 ,A Coruña, ,2024/07/03,2024/2/9,500
112,0,0,0,1,810,0,0,0,0,korg,korg poly 61 ,A Coruña, ,2024/07/09,2024/2/9,620
113,0,0,0,1,400,0,0,0,0,knas,knas ekdahl moisturizer ,Madrid,2023/12/12,2024/06/09,2024/2/9,480
114,0,0,0,1,750,0,0,0,0,akai,sampler akai s900 ,Cádiz,2024/01/19,2024/07/08,2024/2/9,514
115,0,0,0,1,450,0,0,0,0,e-mu,e-mu 5000 ultra ,Barcelona,2023/03/15,2024/07/03,2024/2/9,1452
116,0,0,0,1,600,0,0,0,0,-,tiptop mantis case + modulos ,Madrid,2024/02/06,2024/07/06,2024/2/9,234
117,0,0,0,1,450,0,0,0,0,novation,novation ks rack también cambio por tr8s ,Madrid,2023/01/20,2024/07/07,2024/2/9,1457
118,0,0,0,1,280,0,0,0,0,roland,jp-08 roland boutique ,Barcelona,2023/06/05,2024/07/03,2024/2/9,1652
119,0,0,0,1,200,0,0,0,0,kawai,kawai k1r modulo ,Madrid,2023/07/27,2024/07/07,2024/2/9,1012
120,0,0,0,1,380,0,0,0,0,waldorf,"waldorf stvc "" vendido"" ",Navarra,2024/01/12,2024/07/04,2024/2/9,765
121,0,0,0,1,600,0,0,0,0,eurorack,varios módulos eurorack ,Barcelona,2023/12/07,2024/07/06,2024/2/9,554
122,0,0,0,1,1980,0,0,0,0,keys,nord piano 5 88 keys ,Baleares,2024/01/19,2024/07/08,2024/2/9,608
123,0,0,0,1,150,0,0,0,0,-,malekko varigate 4+ black leer bien ,Barcelona,2023/07/03,2024/07/08,2024/2/9,861
124,0,0,0,1,900,0,0,0,0,roland,roland alpha juno-2 ,Barcelona,2024/02/06,2024/07/06,2024/2/9,183
125,0,0,0,1,45,0,0,0,0,roland,roland dk-01 boutique dock nuevo ,Valencia,2023/03/08,2024/07/06,2024/2/9,1648
126,0,0,0,1,1400,0,0,0,0,yamaha,yamaha yc61 ,Málaga,2023/11/06,2024/05/04,2024/2/9,471
127,0,0,0,1,1500,0,0,0,0,roland,roland v-synth gt ,Barcelona,2023/07/10,2024/07/03,2024/2/9,1329
128,0,0,0,1,575,0,0,0,0,leslie,gabinete de sonido leslie dynacord dc-300-e ,Zaragoza,2023/01/20,2024/07/07,2024/2/9,1741
129,0,0,0,1,380,0,0,0,0,korg,korg minilogue ,Alicante,2023/10/16,2024/07/09,2024/2/9,1081
130,0,0,0,1,1350,0,0,0,0,korg,korg sv2 88 en garantia ,Málaga,2023/11/13,2024/07/03,2024/2/9,1008
131,0,0,0,1,739,0,0,0,0,eurorack,caja eurorack - 7u 104hp - 2 many synths ,Madrid,2023/09/18,2024/05/18,2024/2/9,1127
132,0,0,0,1,12000,0,0,0,0,moog,moog system 15 ,Barcelona,2020/10/03,2024/07/09,2024/2/9,8278
133,0,0,0,1,2050,0,0,0,0,leslie,leslie 122 clásico y autónomo ,Zaragoza,2023/05/16,2024/07/07,2024/2/9,1029
134,0,0,1,0,2950,0,0,0,0,custom,custom system ,Valencia,2024/02/02,2024/07/05,2024/2/9,492
135,0,0,0,1,240,0,0,0,0,eowave,eowave domino desktop ,Araba,2024/02/05,2024/07/05,2024/2/9,214
136,0,0,0,1,150,0,0,0,0,roland,roland r8-m con 2 tarjetas de sonidos ,Madrid,2023/12/11,2024/07/08,2024/2/9,774
137,0,0,0,1,230,0,0,0,0,eurorack,black hole dsp 2 modulo eurorack ,Barcelona,2024/02/07,2024/07/08,2024/2/9,114
138,0,0,0,1,1200,0,0,0,0,prophet,prophet rev2 8voces desktop ,Valencia,2024/01/19,2024/06/18,2024/2/9,291
139,0,0,0,1,1600,0,0,0,0,yamaha,yamaha montage 6 ,Castellón,2024/02/03,2024/07/03,2024/2/9,428
140,0,0,0,1,40,0,0,0,0,intellijel,intellijel patas 7u case ,Madrid,2024/01/12,2024/02/06,2024/2/9,484
141,0,0,0,1,325,0,0,0,0,falcon,falcon 3 0+ librerias ,Madrid,2023/06/21,2024/07/08,2024/2/9,711
142,0,0,0,1,1199,0,0,0,0,squarp,squarp instruments hapax secuenciador avanzado ,Bizkaia,2023/02/23,2024/07/08,2024/2/9,1629
143,0,0,0,1,350,0,0,0,0,intellijel,intellijel palette 104 ,Madrid,2024/02/04,2024/07/07,2024/2/9,257
144,0,0,0,1,165,0,0,0,0,midi,teclado midi nektar panorama t4 ,Castellón,2024/02/07,2024/07/07,2024/2/9,112
145,0,0,0,1,255,0,0,0,0,roland,roland ju06 ,Madrid,2023/09/25,2024/07/02,2024/2/9,961
146,0,0,0,1,140,0,0,0,0,befaco,befaco kickall ,Madrid,2023/10/24,2024/04/21,2024/2/9,142
147,0,0,0,1,225,0,0,0,0,doepfer,doepfer a-100lc3v low cost case vintage edition ,Bizkaia,2022/05/25,2024/07/06,2024/2/9,2614
148,0,0,0,1,3099,0,0,0,0,udo,"udo super gemini, sequential prophet 10 module,,prophet rev2-8 module, pro 3 se, pro 3,elektron rytm mkii, waldorf m, ",Bizkaia,2021/02/17,2024/06/09,2024/2/9,19559
149,0,0,0,1,500,0,0,0,0,analogue solutions ,oberkorn 3 ,Barcelona,2023/10/16,2024/02/07,2024/2/9,972
150,0,1,1,0,0,0,0,0,0,mopho,módulo mopho ,Valladolid,2024/02/07,2024/07/07,2024/2/9,134
151,0,0,0,1,130,0,0,0,0,mutable,mutable instruments rings clono módulo de eurorack ,Barcelona,2023/09/20,2024/06/16,2024/2/9,564
152,0,0,0,1,50,0,0,0,0,midi,midi thru philip rees v3 ,Girona,2023/10/20,2024/07/08,2024/2/9,574
153,0,0,0,1,600,0,0,0,0,korg,korg kingkorg black ,Pontevedra,2023/07/08,2024/07/09,2024/2/9,1307
154,0,0,0,1,150,0,0,0,0,yamaha,yamaha rev500 ,Valencia,2016/11/07,2024/02/07,2024/2/9,5069
155,0,0,0,1,300,0,0,0,0,roland,roland xv-5050 módulo ,Madrid,2023/07/27,2024/07/07,2024/2/9,982
156,0,0,0,1,290,0,0,0,0,-,kit controlador para leslies de 6 pines 122 y 147 familias 6h y 6w ,Zaragoza,2021/07/10,2024/07/09,2024/2/9,1779
157,0,0,0,1,875,0,0,0,0,kawai,kawai ep608 piano electrico ,Barcelona,2024/02/03,2024/07/03,2024/2/9,376
158,0,0,0,1,520,0,0,0,0,roland,roland tr8s ,Sevilla,2023/11/17,2024/07/04,2024/2/9,617
159,0,0,0,1,325,0,0,0,0,dreadbox,dreadbox erebus v2 ,Madrid,2024/02/07,2024/07/08,2024/2/9,88
160,0,0,0,1,125,0,0,0,0,korg,korg x3 como módulo ,Barcelona,2023/09/14,2024/07/08,2024/2/9,772
161,0,0,1,0,0,0,0,0,0,eurorack,eurorack ,Zaragoza,2024/01/26,2024/07/08,2024/2/9,552
162,0,0,0,1,6000,0,0,0,0,hammond,hammond a100 con leslie 760 ,Zaragoza,2020/11/03,2024/07/09,2024/2/9,6948
163,0,0,0,1,350,0,0,0,0,behringer,behringer ms-1 bk ,Bizkaia,2023/11/16,2024/07/05,2024/2/9,583
164,0,0,0,1,60,0,0,0,0,behringer,behringer rd6 ,Barcelona,2024/02/09,2024/07/09,2024/2/9,60
165,0,0,0,1,120,0,0,0,0,hexinverter,hexinverter mutant hi hats tambien cambio ,Barcelona,2023/10/22,2024/02/07,2024/2/9,775
166,0,0,0,1,139,0,0,0,0,doepfer,doepfer a-111-6 full synth voice ,Zaragoza,2023/11/30,2024/07/07,2024/2/9,580
167,0,0,0,1,480,0,0,0,0,eowave,eowave quadrantid swarm module ,Madrid,2024/02/04,2024/07/07,2024/2/9,234
168,0,0,0,1,365,0,0,0,0,yamaha,yamaha mx61 con funda incluida ,Barcelona,2023/07/20,2024/06/30,2024/2/9,1251
169,0,0,0,1,600,0,0,0,0,sherman,sherman filterbank 2 ,Madrid,2024/02/08,2024/07/08,2024/2/9,99
170,0,0,0,1,1879,0,0,0,0,modular,sintetizador modular endorphines shuttle system eurorack a estrenar ,Madrid,2023/02/20,2024/02/08,2024/2/9,1621
171,0,0,0,1,750,0,0,0,0,korg,korg m 50 88 teclas ,Madrid,2022/12/30,2024/07/08,2024/2/9,2282
172,0,0,1,0,0,0,0,0,0,roland,roland alpha juno por korg wavestate ,Barcelona,2024/02/03,2024/07/06,2024/2/9,308
173,0,0,0,1,1950,0,0,0,0,leslie,leslie 147 autónomo ,Zaragoza,2023/05/26,2024/07/07,2024/2/9,961
174,0,0,0,1,99,0,0,0,0,korg,diosplay para korg m-3 nueva sin usar ,Castellón,2024/02/07,2024/07/07,2024/2/9,96
175,0,0,0,1,395,0,0,0,0,korg,korg minilogue xd + bancos + osciladores fx ,Granada,2024/02/02,2024/07/01,2024/2/9,462
176,0,0,0,1,180,0,0,0,0,elektron,"estuche doble a medida elektron syntakt , digitakt,digitone,etc ",Madrid,2023/06/18,2024/07/01,2024/2/9,2054
177,0,0,0,1,1200,0,0,0,0,nord electro ,5 hp 73 teclas ,Valencia,2024/02/05,2024/07/05,2024/2/9,200
178,0,0,0,1,50,0,0,0,0,behringer,autocom mdx1200 behringer ,Valencia,2023/01/05,2024/02/07,2024/2/9,991
179,0,0,0,1,950,0,0,0,0,waldorf,waldorf micro q keyboard ,Barcelona,2024/02/02,2024/07/02,2024/2/9,338
180,0,0,0,1,400,0,0,0,0,behringer,behringer 2600 en garantía y embalaje original ,Sevilla,2024/01/19,2024/07/04,2024/2/9,719
181,0,0,0,1,135,0,0,0,0,modular,2 buses y fuente para modular befaco regalo la caja ,Barcelona,2019/02/09,2024/07/06,2024/2/9,6145
182,0,0,0,1,950,0,0,0,0,asm,asm hydrasynth keyboard ,Madrid,2023/11/16,2024/07/03,2024/2/9,746
183,0,0,0,1,275,0,0,0,0,teletype,terminal teletype ,Madrid,2023/11/08,2024/05/13,2024/2/9,313
184,0,0,0,1,375,0,0,0,0,korg,korg kingkorg ,Navarra,2024/02/09,2024/07/08,2024/2/9,102
185,0,0,0,1,200,0,0,0,0,roland,roland u-220 con tarjeta expansión orchestral strings ,Araba,2024/01/12,2024/07/04,2024/2/9,498
186,0,0,0,1,25,0,0,0,0,roland,roland sound canvas mando a distancia ,Córdoba,2022/12/31,2024/07/08,2024/2/9,484
187,0,1,0,0,0,0,0,0,0,-,grabación flash eprom y pld k2500 ,Alicante,2023/09/30,2024/07/04,2024/2/9,660
188,0,0,0,1,780,0,0,0,0,analogue solutions ,telemark bajo el precio ,Valencia,2023/10/04,2024/07/07,2024/2/9,1279
189,0,0,0,1,925,0,0,0,0,dexibell,piano dexibell vivo s1 ,Burgos,2024/01/12,2024/07/05,2024/2/9,412
190,0,0,0,1,900,0,0,0,0,access,access virus c tambien cambio por analog rytm o syntakt ,Madrid,2023/09/08,2024/07/06,2024/2/9,1134
191,0,0,0,1,950,0,0,0,0,novation,novation peak en garantía ,Madrid,2024/02/02,2024/07/02,2024/2/9,324
192,0,0,0,1,470,0,0,0,0,akai,akai mpc one ,Pontevedra,2024/02/06,2024/07/06,2024/2/9,180
193,0,0,0,1,550,0,0,0,0,mutable,mutable instruments ambika ,Valencia,2023/10/22,2024/07/07,2024/2/9,716
194,0,0,0,1,450,0,0,0,0,moog,moog mother 32 + regalo decksaver ,Barcelona,2023/10/09,2024/04/06,2024/2/9,919
195,0,0,0,1,410,0,0,0,0,endorphin,endorphin es queen of pentacles solo venta ,Lugo,2024/01/26,2024/06/26,2024/2/9,450
196,0,0,0,1,499,0,0,0,0,modal,modal argon8 ,Bizkaia,2021/03/29,2024/07/06,2024/2/9,6133
197,0,0,1,0,1500,0,0,0,0,-,electron machinedrum sps1 uw mk1 ,Valencia,2023/12/10,2024/07/05,2024/2/9,606
198,0,0,0,1,180,0,0,0,0,casio,sintetizador casio cz-1000 cz1000 + alimentador + manual instrucciones ,Alicante,2024/02/06,2024/07/06,2024/2/9,274
199,0,0,0,1,769,0,0,0,0,-,dirtywave m8 tracker ,Barcelona,2024/02/06,2024/07/06,2024/2/9,197
200,0,0,0,1,1500,0,0,0,0,nord lead ,3 ,Valencia,2024/02/09,2024/07/08,2024/2/9,76
201,0,0,0,1,200,0,0,0,0,yamaha,yamaha cs1x ,Pontevedra,2023/10/14,2024/07/06,2024/2/9,318
202,0,0,0,1,100,0,0,0,0,maschine,maschine mk i ,Valencia,2020/04/26,2024/02/07,2024/2/9,4085
203,0,0,0,1,429,0,0,0,0,arturia,arturia keylab mkii 61 teclado controlador midi ,Lugo,2023/01/04,2024/07/04,2024/2/9,1572
204,0,0,0,1,10,0,0,0,0,mutable,mutable instruments panels ,Madrid,2023/11/15,2024/07/06,2024/2/9,398
205,0,0,0,1,170,0,0,0,0,akai,akai mpk61 teclado controlador ,Madrid,2024/01/12,2024/06/13,2024/2/9,438
206,0,0,0,1,200,0,0,0,0,beringer,beringer nuetron ,Madrid,2024/02/07,2024/07/07,2024/2/9,118
207,0,0,0,1,970,0,0,0,0,elektron,elektron syntakt e25 limited edition ,Araba,2024/01/26,2024/07/08,2024/2/9,461
208,0,0,0,1,440,0,0,0,0,moog,"moog mavis, bastl instruments kastle 1 5 & b drum y korg sq1 ",Barcelona,2024/02/05,2024/07/05,2024/2/9,240
209,0,0,0,1,1000,0,0,0,0,waldorf,waldorf m +rackmount kit + caja ,A Coruña, ,2024/07/03,2024/2/9,640
210,0,0,0,1,750,0,0,0,0,roland,roland cr8000 cr-8000 korg kms-30 ,Madrid,2024/01/19,2024/07/02,2024/2/9,721
211,0,0,0,1,5000,0,0,0,0,roland,roland jupiter 4 ,Barcelona,2022/01/22,2024/07/09,2024/2/9,6136
212,0,0,0,1,750,0,0,0,0,roland,roland d05 & dtronics dt01 ,Barcelona,2024/02/09,2024/03/10,2024/2/9,138
213,0,0,0,1,425,0,0,0,0,doepfer,doepfer a-100p9 case psu3 eurorack x 2 ,Málaga,2023/12/04,2024/06/20,2024/2/9,384
214,0,0,0,1,1895,0,0,0,0,clavia,clavia nord modular g2+exp+case ,A Coruña,2023/11/16,2024/07/03,2024/2/9,988
215,0,0,0,1,150,0,0,0,0,-,nord soft case piano 73 ,Baleares,2024/01/19,2024/07/05,2024/2/9,494
216,0,0,0,1,1000,0,0,0,0,korg,korg 900ps 1975 ,Madrid,2023/08/21,2024/07/08,2024/2/9,1468
217,0,0,0,1,200,0,0,0,0,jomox,jomox mbrane 11 y midifighter twister white ,Madrid,2024/02/06,2024/07/06,2024/2/9,236
218,0,0,0,1,235,0,0,0,0,roland,roland tr6s ,Barcelona,2024/02/09,2024/07/09,2024/2/9,60
219,0,0,0,1,120,0,0,0,0,roland,roland a300 pro ,Madrid,2024/02/07,2024/07/07,2024/2/9,124
220,0,0,1,0,0,0,0,0,0,korg,korg 01 prox con flight case cambio por studiologic sl88 reservado ,Ourense,2023/11/13,2024/07/03,2024/2/9,620
221,0,0,0,1,100,0,0,0,0,e-mu,e-mu proteus 1xr pop rock ,A Coruña, ,2024/07/07,2024/2/9,124
222,0,0,0,1,299,0,0,0,0,korg,korg oasys por tiempo limitado con gator xxl reservado ,Ourense,2023/11/13,2024/07/03,2024/2/9,1149
223,0,0,0,1,140,0,0,0,0,eurorack,dual drive eurorack ,Zaragoza,2023/10/15,2024/07/08,2024/2/9,566
224,0,0,0,1,250,0,0,0,0,korg,korg r3 sinte y vocoder ,Barcelona,2024/02/07,2024/07/07,2024/2/9,119
225,0,0,0,1,600,0,0,0,0,asm,asm hydrasynth desktop ,Barcelona,2023/12/07,2024/07/06,2024/2/9,390
226,0,0,0,1,400,0,0,0,0,polyend,polyend tracker ,Madrid,2023/09/02,2024/07/09,2024/2/9,2108
227,0,0,1,0,0,0,0,0,0,volca,volca keys o drum nuevos por un volca bass ,Barcelona,2024/02/07,2024/07/07,2024/2/9,82
228,0,0,0,1,650,0,0,0,0,analogue solutions ,oberkorn 3 sequencer ,Málaga,2023/12/08,2024/07/08,2024/2/9,580
229,0,0,0,1,150,0,0,0,0,novation,novation circuit groovebox ,Barcelona,2024/02/08,2024/07/08,2024/2/9,124
230,0,0,0,1,260,0,0,0,0,korg,korg volca bass + keys + beats ,Barcelona,2024/01/12,2024/07/08,2024/2/9,568
231,0,0,0,1,6,0,0,0,0,iomega,disquetes iomega zip 100 mb nuevos y precintados ,Zaragoza,2024/01/26,2024/07/02,2024/2/9,478
232,0,0,0,1,350,0,0,0,0,komplete,komplete s61 mk2 ,Madrid,2024/02/07,2024/07/07,2024/2/9,144
233,0,0,0,1,925,0,0,0,0,leslie,leslie 815 proline ,Zaragoza,2020/11/06,2024/07/09,2024/2/9,3140
234,0,0,0,1,745,0,0,0,0,elektron,elektron digitone + decksaver ,Girona,2022/01/20,2024/07/08,2024/2/9,1641
235,0,0,0,1,200,0,0,0,0,-,malekko varigate 4+ ,La Rioja,2023/11/11,2024/07/05,2024/2/9,280
236,0,1,0,0,0,0,0,0,0,korg,korg arp 2600m ,Madrid,2023/12/09,2024/07/04,2024/2/9,302
237,0,0,0,1,5999,0,0,0,0,rhodes,"piano rhodes mark ii suitcase eighty eight 88, the top model! ",Madrid,2022/12/23,2024/07/05,2024/2/9,1952
238,0,0,0,1,150,0,0,0,0,modular,black market modular eurorack case + tiptop rack and power ,Málaga,2023/11/24,2024/06/12,2024/2/9,518
239,0,0,0,1,230,0,0,0,0,korg,teclado korg x3 sintetizador ,Girona,2023/11/14,2024/07/05,2024/2/9,422
240,0,0,0,1,10,0,0,0,0,elektron,cable elektron usb tipo a a tipo b ,Cantabria,2024/02/09,2024/07/08,2024/2/9,79
241,0,1,0,0,0,0,0,0,0,system,"system 100 o caja, módulos sueltos, mod generativos, railes, etc ",Granada,2024/02/06,2024/07/06,2024/2/9,245
242,0,0,0,1,450,0,0,0,0,yamaha,clavinova piano digital yamaha clp-120 ,Madrid,2024/02/02,2024/06/30,2024/2/9,456
243,0,0,0,1,4500,0,0,0,0,buchla,buchla easel vintage custom ,Valencia,2024/02/06,2024/07/07,2024/2/9,263
244,0,0,0,1,1800,0,0,0,0,korg,korg nautilus 88 teclas contrapesadas en garantía ,Murcia,2023/11/19,2024/07/09,2024/2/9,680
245,0,0,0,1,770,0,0,0,0,roland,roland 1976 analog synth genesis cure camel string machine ,Pontevedra,2022/12/29,2024/07/04,2024/2/9,2502
246,0,0,0,1,450,0,0,0,0,behringer,behringer 2600 gray meanie ,Barcelona,2023/08/30,2024/07/08,2024/2/9,1091
247,0,0,0,1,110,0,0,0,0,teia,teia vcateam dual vca euroack ,Málaga,2023/12/04,2024/06/19,2024/2/9,312
248,0,0,1,0,1300,0,0,0,0,moog,moog subsequent 37 ,Valencia,2023/12/14,2024/07/05,2024/2/9,918
249,0,0,0,1,80,0,0,0,0,korg,funda flight case para korg kronos 73 teclas ,Madrid,2023/09/20,2024/07/02,2024/2/9,598
250,0,0,0,1,360,0,0,0,0,music,tokyo tape music center dual sine sawtooth generator model 158 -eurorack ,Cantabria,2023/09/17,2024/07/02,2024/2/9,701
251,0,0,0,1,89,0,0,0,0,nord stage ,"case thon para electro, 73 y otros teclados ",Madrid,2023/06/18,2024/07/03,2024/2/9,1006
252,0,0,0,1,1250,0,0,0,0,nord electro ,5 61d ,Zaragoza,2023/12/11,2024/07/07,2024/2/9,596
253,0,0,0,1,1150,0,0,0,0,mfb,mfb tanzbar caja de ritmos analógica ,Madrid,2023/07/22,2024/02/06,2024/2/9,619
254,0,0,1,0,0,0,0,0,0,yamaha,yamaha modx6 --lo busco-- ,Jaén,2024/02/02,2024/07/02,2024/2/9,342
255,0,0,0,1,65,0,0,0,0,arturia,arturia minifreak v ,Madrid,2024/01/26,2024/02/03,2024/2/9,564
256,0,1,0,0,0,0,0,0,0,arp,arp pro soloist ,A Coruña, ,2024/07/09,2024/2/9,436
257,0,0,0,1,375,0,0,0,0,erica synths ,"- lxr drum module eurorack, en garantía ",Madrid,2024/02/02,2024/07/02,2024/2/9,591
258,0,0,0,1,475,0,0,0,0,roland,roland fantom s ,Barcelona,2023/09/14,2024/07/08,2024/2/9,825
259,0,0,0,1,85,0,0,0,0,kawai,sintetizador kawai k1m ,Barcelona,2024/02/09,2024/07/09,2024/2/9,80
260,0,0,0,1,100,0,0,0,0,novation,novation launchpad pro mk2 ,Barcelona,2024/02/08,2024/07/08,2024/2/9,110
261,0,0,0,1,110,0,0,0,0,novation,novation sl 25 mk2 ,Zaragoza,2023/02/07,2024/07/03,2024/2/9,1555
262,0,0,0,1,350,0,0,0,0,arturia,arturia key step pro ,Granada,2023/12/12,2024/02/07,2024/2/9,566
263,0,0,0,1,290,0,0,0,0,emu,sampler emu esi 2000 ,Valencia,2023/07/08,2024/07/07,2024/2/9,846
264,0,0,0,1,190,0,0,0,0,eurorack,eurorack monograf - frequency central ,Zaragoza,2023/12/07,2024/07/07,2024/2/9,492
265,0,0,0,1,1590,0,0,0,0,hammond,hammond m100 de 1965 ,Zaragoza,2023/01/16,2024/07/07,2024/2/9,1934
266,0,0,0,1,450,0,0,0,0,yamaha,yamaha sy77 modal argon8x ,Valladolid,2023/09/20,2024/07/06,2024/2/9,901
267,0,0,0,1,340,0,0,0,0,eurorack,modulos eurorack ,Valencia,2024/01/26,2024/07/05,2024/2/9,656
268,0,0,0,1,75,0,0,0,0,doepfer,doepfer a-192-1 cvm16 ,Gipuzkoa,2024/02/05,2024/03/07,2024/2/9,186
269,0,0,0,1,550,0,0,0,0,midi,oxi one sequencer + midi expander ,Málaga,2023/12/12,2024/06/28,2024/2/9,584
270,0,0,0,1,75,0,0,0,0,eurorack,pico vca2 eurorack modulo ,Cantabria,2023/09/17,2024/07/02,2024/2/9,514
271,0,0,0,1,495,0,0,0,0,korg,korg minilogue xd + decksaver ,Girona,2022/01/21,2024/07/08,2024/2/9,1910
272,0,0,0,1,125,0,0,0,0,cortex,urings construído por cortex modulex ,Gipuzkoa,2023/11/20,2024/05/18,2024/2/9,342
273,0,0,0,1,369,0,0,0,0,roland,rebaja navidad 15% a aplicar secuenciador modulo de sonidos roland mv-30 ,Zaragoza,2023/11/22,2024/07/05,2024/2/9,736
274,0,0,0,1,120,0,0,0,0,roland,roland u-110 ,Madrid,2023/07/31,2024/07/04,2024/2/9,812
275,0,0,0,1,600,0,0,0,0,korg,korg cx-3 mki analógico 1979 restaurado ,Valencia,2023/10/06,2024/07/06,2024/2/9,1167
276,0,0,0,1,5200,0,0,0,0,moog,pack moog voyager + moogerfoogers acepto cambios ,Barcelona,2023/10/19,2024/07/06,2024/2/9,839
277,0,0,0,1,90,0,0,0,0,behringer,behringer eurorack system-100 121 + 150 ,Barcelona,2023/12/09,2024/07/04,2024/2/9,674
278,0,0,0,1,900,0,0,0,0,roland,roland gr 700 guitar synthesizer ,Girona,2022/05/10,2024/07/08,2024/2/9,1476
279,0,0,0,1,90,0,0,0,0,doepfer,doepfer dual quantizer vintage edition ,Madrid,2023/11/29,2024/07/15,2024/2/9,444
280,0,0,0,1,170,0,0,0,0,-,flight case ,Valencia,2024/01/26,2024/07/14,2024/2/9,396
281,0,0,0,1,19,0,0,0,0,custom,sonidos custom para nord lead a1 ,Cuenca,2018/04/11,2024/07/18,2024/2/9,5068
282,0,0,0,1,450,0,0,0,0,yamaha,yamaha tg77 ,Madrid,2024/02/07,2024/07/15,2024/2/9,188
283,0,0,0,1,245,0,0,0,0,casio,casio xw-g1 groove synthesizer ,A Coruña,2023/10/03,2024/03/31,2024/2/9,366
284,0,0,1,0,0,0,1,0,0,arturia,arturia rackbrute 3u ,Zaragoza,2024/02/07,2024/07/16,2024/2/9,90
285,0,0,0,1,3200,0,0,0,0,korg,korg pa5x 61 teclas ,Barcelona,2024/02/02,2024/07/17,2024/2/9,306
286,0,0,0,1,250,0,0,0,0,erica synths ,sample drum modulo ,Barcelona,2023/11/22,2024/05/20,2024/2/9,335
287,0,0,0,1,260,0,0,0,0,roland,roland bk-3 en buenas condiciones ,Madrid,2024/02/06,2024/07/15,2024/2/9,150
288,0,0,0,1,350,0,0,0,0,intellijel,"intellijel ""metropolis"" ",Málaga,2023/10/02,2024/02/18,2024/2/9,241
289,0,0,0,1,20,0,0,0,0,roland,roland cbbdj202 bolsa transporte ,Burgos,2024/02/02,2024/02/16,2024/2/9,264
290,0,0,0,1,390,0,0,0,0,komplete,komplete kontrol s61 mk2 ,Baleares,2024/02/06,2024/07/15,2024/2/9,145
291,0,0,0,1,220,0,0,0,0,dreadbox,dreadbox whiteline oscillator 2 modulos eurorack ,Asturias,2023/12/12,2024/07/16,2024/2/9,210
292,0,0,0,1,70,0,0,0,0,korg,korg taktile 49 teclas ,Salamanca,2024/02/09,2024/07/17,2024/2/9,100
293,0,0,0,1,10,0,0,0,0,midi,cables midi ,Cantabria,2024/02/05,2024/07/14,2024/2/9,82
294,0,0,0,1,500,0,0,0,0,roland,sintetizador roland alpha juno 1 ,Barcelona,2024/02/08,2024/07/16,2024/2/9,160
295,0,0,0,1,620,0,0,0,0,elektron,elektron digitakt ,Girona,2024/02/05,2024/07/14,2024/2/9,108
296,0,0,0,1,3150,0,0,0,0,buchla,buchla easel command + expansión x7 usb-a midi + extras ,Barcelona,2023/06/13,2024/07/17,2024/2/9,1076
297,0,0,0,1,60,0,0,0,0,intellijel,intellijel octalink 1u eurorack ,Málaga,2024/02/07,2024/07/16,2024/2/9,92
298,0,0,0,1,1800,0,0,0,0,akai,lote de akai ,Madrid,2024/02/03,2024/07/12,2024/2/9,330
299,0,0,0,1,600,0,0,0,0,solton,solton arranger plus caja de ritmos y sintetizador ,Girona,2024/02/09,2024/07/17,2024/2/9,94
300,0,0,0,1,25,0,0,0,0,intellijel,intellijel line-in 1u eurorack x3 ,Málaga,2024/02/07,2024/07/16,2024/2/9,90
301,0,0,0,1,300,0,0,0,0,kurzweil,kurzweil pc2r ,Pontevedra,2024/02/03,2024/07/11,2024/2/9,324
302,0,0,0,1,220,0,0,0,0,uno,uno synth pro ,Barcelona,2024/02/06,2024/07/15,2024/2/9,192
303,0,0,0,1,180,0,0,0,0,noise,noise engineering zularic repetitor ,Barcelona,2024/02/04,2024/03/15,2024/2/9,162
304,0,0,0,1,150,0,0,0,0,boss,boss bx-80 mixer sound like aphex twin! ,Málaga,2024/02/06,2024/07/15,2024/2/9,332
305,0,0,0,1,40,0,0,0,0,noise,ladik n-220 silenzio! noise gate eurorack ,Málaga,2024/02/07,2024/07/16,2024/2/9,88
306,0,0,0,1,110,0,0,0,0,akai,akai mpd 226 ,Madrid,2023/09/26,2024/07/13,2024/2/9,414
307,0,0,0,1,590,0,0,0,0,winter,winter modular eloquencer + eme expansion ,Barcelona,2023/11/26,2024/01/25,2024/2/9,236
308,0,0,0,1,89,0,0,0,0,-,flightcase teclado ,Madrid,2024/02/02,2024/07/15,2024/2/9,276
309,0,0,0,1,50,0,0,0,0,xaoc,xaoc bytom eurorack ,Málaga,2024/02/07,2024/07/16,2024/2/9,100
310,0,0,0,1,875,0,0,0,0,kawai,kawai ep608 ,Barcelona,2024/02/09,2024/07/17,2024/2/9,100
311,0,0,0,1,510,0,0,0,0,acidlab,acidlab m1nm1 ,Barcelona,2024/02/05,2024/03/15,2024/2/9,197
312,0,0,0,1,300,0,0,0,0,korg,korg microkorg s ,Barcelona,2023/09/06,2024/05/13,2024/2/9,586
313,0,0,0,1,30,0,0,0,0,korg,korg nanokey2 ,Zaragoza,2024/02/05,2024/07/13,2024/2/9,170
314,0,0,0,1,750,0,0,0,0,eurorack,case eurorack nono lander 2 3x101hp ,Madrid,2023/09/06,2024/03/29,2024/2/9,531
315,0,0,0,1,650,0,0,0,0,mopho,mopho sintetizador ,Madrid,2024/02/09,2024/07/17,2024/2/9,62
316,0,0,0,1,5750,0,0,0,0,modular,sistema modular completo ,Barcelona,2023/07/26,2024/07/17,2024/2/9,1745
317,0,0,0,1,159,0,0,0,0,-,soporte de teclado triple proel ,Barcelona,2023/12/20,2024/07/14,2024/2/9,598
318,0,0,0,1,0,0,0,0,0,eurorack,módulos eurorack varios 1u y 3u ,Madrid,2023/10/09,2024/07/17,2024/2/9,2560
319,0,0,1,0,1650,0,0,0,0,korg,o korg kronos ,Madrid,2024/02/05,2024/07/13,2024/2/9,289
320,0,0,0,1,580,0,0,0,0,siel,siel orchestra string machine - 1979 ,Madrid,2024/02/03,2024/07/12,2024/2/9,298
321,0,0,0,1,1499,0,0,0,0,roland,roland tr-707 hka rom ,Barcelona,2024/02/09,2024/07/17,2024/2/9,115
322,0,0,0,1,500,0,0,0,0,roland,roland tr77 tr-77 ,Madrid,2024/02/04,2024/07/13,2024/2/9,226
323,0,0,0,1,25,0,0,0,0,akai,soporte akai mpc one ,Madrid,2023/08/20,2024/02/17,2024/2/9,700
324,0,0,0,1,350,0,0,0,0,yamaha,sampler yamaha a4000 ,Barcelona,2023/01/04,2024/07/17,2024/2/9,1847
325,0,0,0,1,2000,0,0,0,0,-,teclado tyros 5 con 76 teclas con ampliación a 1024m y 2 packs de sonidos y ritmos ,Madrid,2023/04/16,2024/07/15,2024/2/9,991
326,0,0,0,1,120,0,0,0,0,damage,audio damage freq shift eurorack ,Málaga,2024/02/07,2024/07/16,2024/2/9,90
327,0,0,0,1,225,0,0,0,0,novation,novation ultranova ,Cádiz,2024/01/19,2024/07/12,2024/2/9,442
328,0,0,0,1,3000,0,0,0,0,young,piano young chang u121 diseño ,Sevilla,2024/02/07,2024/07/15,2024/2/9,144
329,0,0,0,1,7,0,0,0,0,roland,roland qd quick disks ,Zamora,2023/11/29,2024/02/14,2024/2/9,492
330,0,0,0,1,190,0,0,0,0,emu,modulo emu b3 ,Zamora,2023/09/23,2024/05/15,2024/2/9,526
331,0,0,0,1,1000,0,0,0,0,access,access virus ti ,Madrid,2024/02/07,2024/07/15,2024/2/9,142
332,0,0,0,1,450,0,0,0,0,doepfer,doepfer a100 eurorack case ,Barcelona,2024/02/05,2024/07/14,2024/2/9,190
333,0,0,0,1,450,0,0,0,0,moog,moog mother 32 + dfam ,Barcelona,2023/09/06,2024/05/13,2024/2/9,1184
334,0,0,0,1,2550,0,0,0,0,yamaha,yamaha montage 8 ,Madrid,2023/07/18,2024/07/16,2024/2/9,746
335,0,0,0,1,180,0,0,0,0,roland,caja de ritmos roland rhythm 33 ,Madrid,2024/01/19,2024/07/17,2024/2/9,233
336,0,0,0,1,500,0,0,0,0,akai,akai mpc1000 jjos2 + 128 mb ,Barcelona,2023/07/05,2024/07/13,2024/2/9,400
337,0,0,0,1,190,0,0,0,0,novation,novation circuit rhythm ,Madrid,2024/02/06,2024/07/15,2024/2/9,158
338,0,0,0,1,100,0,0,0,0,-,m audio keystation 61 mk3 ,Barcelona,2024/02/08,2024/07/16,2024/2/9,86
339,0,0,0,1,60,0,0,0,0,eurorack,eurorack ladik quantizer ,Zaragoza,2024/02/07,2024/07/16,2024/2/9,86
340,0,0,0,1,900,0,0,0,0,elektron,elektron analog rytm mk1 ,Almería,2024/02/02,2024/07/16,2024/2/9,376
341,0,0,0,1,190,0,0,0,0,akai,akai sg01v ,Madrid,2023/03/31,2024/07/17,2024/2/9,1202
342,0,0,0,1,95,0,0,0,0,roland,roland e15 ,Barcelona,2024/02/05,2024/07/14,2024/2/9,142
343,0,0,0,1,150,0,0,0,0,erica synths ,black joystick 2 ,Barcelona,2024/02/07,2024/07/16,2024/2/9,112
344,0,0,0,1,120,0,0,0,0,eurorack,case eurorack con teclado ,Tarragona,2024/02/09,2024/07/17,2024/2/9,114
345,0,0,0,1,65,0,0,0,0,native,native instruments maschine mk1 ,Valencia,2024/01/26,2024/07/13,2024/2/9,456
346,0,0,0,1,950,0,0,0,0,novation,novation peak en perfecto estado con soporte y desksaver ,Girona,2024/02/05,2024/07/14,2024/2/9,118
347,0,0,0,1,800,0,0,0,0,roland,roland fa-06 ,Granada,2023/06/24,2024/07/14,2024/2/9,1577
348,0,1,1,0,0,0,1,0,0,-,erica black sequencer tb ,Zaragoza,2024/02/07,2024/07/16,2024/2/9,84
349,0,0,0,1,500,0,0,0,0,roland,roland tr-8s ,Murcia,2023/09/21,2024/01/31,2024/2/9,397
350,0,0,0,1,175,0,0,0,0,midi,controlador midi swissonic 88 teclas ,Guadalajara,2023/09/23,2024/07/14,2024/2/9,604
351,0,0,0,1,450,0,0,0,0,casio,casio privia px-160 ,Madrid,2024/02/09,2024/07/17,2024/2/9,54
352,0,0,0,1,300,0,0,0,0,-,cold mac -módulo eurorack- ,Granada,2023/12/13,2024/06/10,2024/2/9,322
353,0,0,0,1,1165,0,0,0,0,eurorack,"varias cosas eurorack cases, módulos ",Madrid,2024/02/08,2024/07/16,2024/2/9,187
354,0,0,0,1,800,0,0,0,0,yamaha,yamaha modx 6 más accesorios originales yamaha ,Madrid,2024/02/04,2024/07/13,2024/2/9,230
355,0,0,0,1,30,0,0,0,0,-,funda soundwear ,Pontevedra,2023/09/27,2024/06/07,2024/2/9,156
356,0,0,0,1,400,0,0,0,0,vermona,vermona piano strings sintetizador ,Madrid,2023/09/11,2024/07/17,2024/2/9,1171
357,0,0,0,1,1600,0,0,0,0,arturia,arturia origin desktop ,Lleida,2024/02/04,2024/07/12,2024/2/9,414
358,0,0,0,1,1200,0,0,0,0,elektron,elektron maschinedrume sps-1uw ,Barcelona,2024/02/05,2024/03/15,2024/2/9,238
359,0,0,0,1,140,0,0,0,0,roland,caja de ritmos roland r8 ,Barcelona,2024/02/07,2024/07/16,2024/2/9,140
360,0,0,0,1,290,0,0,0,0,-,microfreak stellar + microfono + decksaver ,Valencia,2024/02/02,2024/07/14,2024/2/9,354
361,0,0,0,1,290,0,0,0,0,intellijel,intellijel plonk modular eurorack ,Barcelona,2024/02/06,2024/07/15,2024/2/9,144
362,0,0,0,1,7000,0,0,0,0,korg,korg arp2600 fs reissu 2020 ,Madrid,2023/09/08,2024/07/14,2024/2/9,759
363,0,0,0,1,45,0,0,0,0,eurorack,eurorack secuenciador cv y gates ,Zaragoza,2024/02/07,2024/07/16,2024/2/9,108
364,0,0,0,1,390,0,0,0,0,roland,se02 roland boutique ,Madrid,2023/09/08,2024/07/14,2024/2/9,541
365,0,0,0,1,150,0,0,0,0,roland,roland mc 307 ,Asturias,2023/11/23,2024/07/15,2024/2/9,816
366,0,0,1,0,0,0,0,0,0,moog,moog dfam por subharmonican ,Barcelona,2024/02/04,2024/07/13,2024/2/9,162
367,0,0,1,0,1800,0,0,0,0,prophet,o prophet 6 ,Cádiz,2024/02/08,2024/07/16,2024/2/9,206
368,0,0,1,0,2650,0,0,0,0,system,polivoks system ,Valencia,2024/02/03,2024/07/12,2024/2/9,294
369,0,0,0,1,110,0,0,0,0,native,native instrument komplete kontrol s25 ,Barcelona,2023/11/20,2024/05/18,2024/2/9,240
370,0,0,0,1,7650,0,0,0,0,roland,roland tr-808 rhythm composer ,Alicante,2023/12/06,2024/07/12,2024/2/9,543
371,0,0,0,1,250,0,0,0,0,-,microkorg xl + ,Málaga,2023/11/06,2024/05/04,2024/2/9,198
372,0,0,0,1,175,0,0,0,0,buchla,buchla 281t tiptop audio ,Barcelona,2024/02/06,2024/07/15,2024/2/9,178
373,0,0,0,1,3700,0,0,0,0,sequential,sequential prophet 10 rev 4 reissu ,Madrid,2023/09/08,2024/07/14,2024/2/9,823
374,0,0,0,1,220,0,0,0,0,arturia,arturia microfreak ,Madrid,2024/02/09,2024/07/17,2024/2/9,46
375,0,0,0,1,480,0,0,0,0,-,mochika x-5 átomosynth sinte semimodular ,Madrid,2023/05/15,2024/07/15,2024/2/9,1053
376,0,0,0,1,50,0,0,0,0,eurorack,"eurorack diy befaco, erica synth ",Madrid,2024/02/09,2024/07/17,2024/2/9,96
377,0,0,0,1,349,0,0,0,0,roland,roland a80 por tiempo limitado reservado ,Ourense,2023/11/13,2024/07/15,2024/2/9,820
378,0,0,0,1,13,0,0,0,0,roland,ventana display repuesto para roland tr-909 ,Cantabria,2023/12/18,2024/07/14,2024/2/9,201
379,0,0,0,1,1250,0,0,0,0,roland,roland jp8080 ,Madrid,2023/10/20,2024/02/17,2024/2/9,748
380,0,0,0,1,200,0,0,0,0,roland,roland mc307 ,Barcelona,2023/10/13,2024/07/16,2024/2/9,316
381,0,0,0,1,1499,0,0,0,0,korg,korg m3 61 ampliado ,Barcelona,2023/09/13,2024/07/15,2024/2/9,512
382,0,0,0,1,375,0,0,0,0,endorphin,endorphin es ghost black envio incluido ,Madrid,2023/12/10,2024/07/14,2024/2/9,200
383,0,0,0,1,165,0,0,0,0,ornament,ornament and crime ,Zaragoza,2024/02/05,2024/07/17,2024/2/9,158
384,0,0,0,1,40,0,0,0,0,midi,midi solutions quadra thru ,Madrid,2024/02/09,2024/07/17,2024/2/9,72
385,0,0,0,1,75,0,0,0,0,casio,teclado casio ctk631 ,Madrid,2023/03/31,2024/07/17,2024/2/9,630
386,0,0,0,1,70,0,0,0,0,meris,meris midi i o ,Málaga,2024/02/07,2024/07/16,2024/2/9,174
387,0,0,0,1,180,0,0,0,0,korg,korg kaosspad kp3 ,Madrid,2024/02/09,2024/07/17,2024/2/9,64
388,0,0,0,1,320,0,0,0,0,roland,roland xv5050 ,Cádiz,2024/02/08,2024/07/17,2024/2/9,122
389,0,0,0,1,100,0,0,0,0,bheringer,dedalera bheringer bcf 1010 nueva ,Girona,2024/02/03,2024/07/12,2024/2/9,203
390,0,0,0,1,260,0,0,0,0,korg,korg electribe production station ,Barcelona,2024/02/05,2024/03/15,2024/2/9,182
391,0,0,0,1,650,0,0,0,0,roland,roland sh3 sh-3 filtro moog ,Madrid,2024/02/04,2024/07/13,2024/2/9,352
392,0,0,0,1,450,0,0,0,0,yamaha,yamaha p125wh ,Pontevedra,2024/02/05,2024/07/14,2024/2/9,148
393,0,0,0,1,40,0,0,0,0,eurorack,intelijel headphones 1u eurorack ,Málaga,2024/02/07,2024/07/16,2024/2/9,84
394,0,0,0,1,90,0,0,0,0,befaco,befaco a*b+c modular eurorack ,Barcelona,2024/02/06,2024/07/15,2024/2/9,132
395,0,0,0,1,1700,0,0,0,0,ensoniq,sintetizador ensoniq sq80 ,Barcelona,2023/10/22,2024/07/16,2024/2/9,372
396,0,0,0,1,1000,0,0,0,0,elektron,sintetizador elektron digitone keys ,Barcelona,2023/11/01,2024/07/16,2024/2/9,377
397,0,0,0,1,10,0,0,0,0,korg,cassettes patches para sintes korg ,Madrid,2023/08/28,2024/07/13,2024/2/9,659
398,0,0,0,1,315,0,0,0,0,korg,korg electribe sampler ,Barcelona,2024/02/05,2024/03/15,2024/2/9,146
399,0,0,0,1,80,0,0,0,0,befaco,secuenciador analógico befaco slicer v3 ,Asturias,2022/02/22,2024/04/01,2024/2/9,1399
400,0,0,0,1,1400,0,0,0,0,-,nord piano 88 ,Valencia,2023/11/23,2024/02/13,2024/2/9,670
401,0,0,0,1,650,0,0,0,0,maschine,mode maschine xoxbox ,Barcelona,2024/02/05,2024/03/15,2024/2/9,171
402,0,0,0,1,45,0,0,0,0,-,estuche teclado ,Sevilla,2024/02/07,2024/07/16,2024/2/9,140
403,0,0,0,1,160,0,0,0,0,moog,moog werkstatt 01 & cv expander muy nuevo ,Madrid,2024/02/06,2024/07/15,2024/2/9,202
404,0,0,0,1,365,0,0,0,0,make noise ,0 cntrl ,Pontevedra,2024/02/02,2024/07/17,2024/2/9,222
405,0,0,0,1,150,0,0,0,0,roland,mam mb33 - clon roland tb 303 ,Madrid,2024/02/09,2024/07/17,2024/2/9,62
406,0,0,0,1,55,0,0,0,0,-,tiptop bd 808 ,Málaga,2024/02/06,2024/07/15,2024/2/9,114
407,0,0,0,1,180,0,0,0,0,behringer,behringer cat ,Barcelona,2023/09/17,2024/07/13,2024/2/9,948
408,0,0,0,1,450,0,0,0,0,moog,moog mother32 ,Madrid,2024/02/09,2024/07/17,2024/2/9,62
409,0,0,0,1,190,0,0,0,0,korg,korg n5 fallo iluminación pantalla ,Madrid,2023/03/31,2024/07/17,2024/2/9,868
410,0,0,0,1,630,0,0,0,0,strymon,strymon ola - dig - bluesky ,Valencia,2024/02/02,2024/07/14,2024/2/9,406
411,0,0,0,1,495,0,0,0,0,roland,sampler s750 roland ,Madrid,2023/09/30,2024/07/09,2024/2/9,872
412,0,0,0,1,650,0,0,0,0,kurzweil,kurzweil pc3 le6 ,Madrid,2023/11/05,2024/07/10,2024/2/9,537
413,0,0,0,1,290,0,0,0,0,kurzweil,kurzweil sp4-7 76 teclas semipesadas ,Barcelona,2024/02/08,2024/07/14,2024/2/9,24
414,0,0,0,1,96,0,0,0,0,dreadbox,dreadbox 2x whiteline random ,Asturias,2024/01/26,2024/07/13,2024/2/9,332
415,0,0,0,1,120,0,0,0,0,dreadbox,dreadbox whiteline filter módulos eurorack ,Asturias,2023/12/14,2024/07/13,2024/2/9,164
416,0,0,0,1,3100,0,0,0,0,moog,moog voyager blue edition como nuevo ,Barcelona,2024/01/12,2024/06/16,2024/2/9,526
417,0,0,0,1,116,0,0,0,0,dreadbox,dreadbox whiteline 2x lfo ,Asturias,2024/01/26,2024/07/13,2024/2/9,166
418,0,0,0,1,350,0,0,0,0,roland,sintetizador roland se-02 como nuevo ,Madrid,2024/02/06,2024/07/11,2024/2/9,146
419,0,0,0,1,1150,0,0,0,0,arturia,arturia matrixbrute ,Navarra,2023/09/14,2024/07/11,2024/2/9,808
420,0,0,0,1,65,0,0,0,0,doepfer,doepfer a-124 wasp filter ,Lugo,2024/02/06,2024/07/11,2024/2/9,100
421,0,0,0,1,499,0,0,0,0,yamaha,yamaha sy99 full ,Sevilla,2024/02/04,2024/07/09,2024/2/9,414
422,0,0,0,1,379,0,0,0,0,korg,korg opsix ,Girona,2021/12/21,2024/07/10,2024/2/9,1078
423,0,0,0,1,1500,0,0,0,0,sequential,sequential prophet rev2-8 ,Gipuzkoa,2024/02/06,2024/07/11,2024/2/9,156
424,0,0,0,1,499,0,0,0,0,modal,modal argon 8x ,Girona,2022/01/27,2024/07/10,2024/2/9,1330
425,0,0,0,1,250,0,0,0,0,behringer,behringer rd-8 ,Madrid,2024/02/06,2024/07/10,2024/2/9,176
426,0,0,0,1,1600,0,0,0,0,eurorack,módulos eurorack con caja ,Madrid,2024/02/04,2024/07/09,2024/2/9,374
427,0,0,0,1,130,0,0,0,0,eurorack,ryo aperture eurorack ,Badajoz,2023/10/09,2024/04/06,2024/2/9,227
428,0,0,0,1,300,0,0,0,0,squarp,squarp instruments hermod negro ,Baleares,2024/02/06,2024/07/11,2024/2/9,150
429,0,0,0,1,120,0,0,0,0,novation,novation remote sl 37 ,Jaén,2024/02/06,2024/07/11,2024/2/9,148
430,0,0,0,1,80,0,0,0,0,korg,korg microkey2 49 ,Castellón,2024/02/05,2024/07/10,2024/2/9,198
431,0,0,0,1,180,0,0,0,0,novation,novation launchpad pro mk3 ,S.C. de Tenerife, ,2024/01/26,2024/2/9,342
432,0,0,0,1,45,0,0,0,0,yamaha,pedal yamaha fc3a nuevo ,Madrid,2024/02/08,2024/07/13,2024/2/9,108
433,0,0,0,1,60,0,0,0,0,roland,funda roland cb-88rl ,Pontevedra,2024/02/08,2024/07/14,2024/2/9,12
434,0,0,0,1,170,0,0,0,0,midi,drum kat midi controller drumkat ,Madrid,2023/12/18,2024/07/11,2024/2/9,192
435,0,0,0,1,110,0,0,0,0,korg,korg volca kick + decksaver + fuente alimentacion ,Tarragona,2023/12/05,2024/07/09,2024/2/9,539
436,0,0,0,1,410,0,0,0,0,roland,sintetizador roland se-02 + mk-25 m + plug in ,Madrid,2024/01/12,2024/07/10,2024/2/9,1016
437,0,1,1,0,0,0,0,0,0,roland,roland fantom 06 ,Valencia,2024/02/09,2024/07/13,2024/2/9,56
438,0,0,0,1,0,0,0,0,0,-,varios actualizado!! ,Valencia,2022/11/15,2024/07/10,2024/2/9,4862
439,0,0,0,1,460,0,0,0,0,roland,roland ju-06a+k25m+decksaver ,Girona,2023/11/21,2024/07/12,2024/2/9,529
440,0,0,0,1,160,0,0,0,0,roland,roland ax1 ,Barcelona,2024/02/06,2024/07/11,2024/2/9,168
441,0,0,0,1,1950,0,0,0,0,korg,korg kronos 2 61 ,Cantabria,2023/12/07,2024/07/09,2024/2/9,1938
442,0,0,0,1,575,0,0,0,0,kurzweil,kurzweil pc3x88 ,Barcelona,2023/10/07,2024/04/04,2024/2/9,464
443,0,0,0,1,1200,0,0,0,0,ensoniq,sampler ensoniq asr 10 ,Cádiz,2024/01/12,2024/07/09,2024/2/9,718
444,0,0,0,1,480,0,0,0,0,subharmonicon,subharmonicon ,Lugo,2024/02/09,2024/07/14,2024/2/9,90
445,0,0,0,1,750,0,0,0,0,akai,akai mpc 2500 ,Girona,2022/01/03,2024/07/10,2024/2/9,1008
446,0,0,0,1,1200,0,0,0,0,elektron,elektron machinedrum ,Barcelona,2024/02/05,2024/07/10,2024/2/9,290
447,0,0,0,1,150,0,0,0,0,klavis,klavis twin waves mki ,Asturias,2024/01/12,2024/07/13,2024/2/9,176
448,0,0,0,1,280,0,0,0,0,roland,roland sh01a ,Bizkaia,2024/02/07,2024/03/14,2024/2/9,102
449,0,0,0,1,550,0,0,0,0,roland,roland tr8-s + extras ,Sevilla,2023/10/11,2024/07/10,2024/2/9,898
450,0,0,0,1,170,0,0,0,0,studiologic,"studiologic sl-990 pro, teclado controlador midi ",Barcelona,2024/02/07,2024/07/12,2024/2/9,144
451,0,0,0,1,1450,0,0,0,0,nord electro ,4 sw 73 ,Guadalajara,2023/10/27,2024/07/09,2024/2/9,648
452,0,0,0,1,425,0,0,0,0,nord lead ,1 - rack ,Valencia,2024/02/09,2024/07/18,2024/2/9,64
453,0,0,0,1,95,0,0,0,0,erica synths ,pico drums ,Valencia,2023/07/12,2024/07/18,2024/2/9,769
454,0,0,0,1,260,0,0,0,0,noise,noise engineering - loquelic iteritas oscilador dual complejo eurorack ,Madrid,2024/02/09,2024/07/18,2024/2/9,58
455,0,0,0,1,180,0,0,0,0,roland,teclado controlador roland a37 ,Bizkaia,2024/02/09,2024/07/18,2024/2/9,40
456,0,0,0,1,1000,0,0,0,0,nord stage ,3 88 ha ,Barcelona,2024/02/09,2024/07/18,2024/2/9,268
457,0,0,0,1,40,0,0,0,0,studilogic,studilogic fatar sl880 ,Madrid,2024/02/09,2024/07/18,2024/2/9,60
458,0,0,0,1,160,0,0,0,0,mutable,mutable instruments shades ,Valencia,2023/09/16,2024/07/18,2024/2/9,218
459,0,0,0,1,500,0,0,0,0,moog,moog dfam sintetizador analogico ,Valencia,2024/02/09,2024/07/18,2024/2/9,38
460,0,0,0,1,475,0,0,0,0,korg,korg radias ,Sevilla,2023/09/08,2024/07/18,2024/2/9,252
461,0,0,0,1,300,0,0,0,0,akai,akai mpc1000 ,Madrid,2024/02/09,2024/07/18,2024/2/9,67
462,0,0,0,1,20,0,0,0,0,-,key control 25xt ,Madrid,2024/02/09,2024/07/18,2024/2/9,26
463,0,0,0,1,1075,0,0,0,0,instruments,instruments prophet 08 + 51 encoders ,Navarra,2023/08/06,2024/07/18,2024/2/9,1465
464,0,0,0,1,225,0,0,0,0,roland,roland mvs-1 vintage synth module ,Zaragoza,2024/02/09,2024/07/18,2024/2/9,91
465,0,0,0,1,280,0,0,0,0,yamaha,yamaha mo8 ,Bizkaia,2024/02/09,2024/07/18,2024/2/9,70
466,0,0,0,1,100,0,0,0,0,m-audio,m-audio keystation 61 mkii ,Madrid,2024/02/09,2024/07/18,2024/2/9,56
467,0,0,0,1,360,0,0,0,0,waldorf,waldorf pulse rack ,Barcelona,2023/12/18,2024/07/19,2024/2/9,575
468,0,0,0,1,400,0,0,0,0,dreadbox,dreadbox erebus v3 ,Guadalajara,2024/02/09,2024/07/25,2024/2/9,52
469,0,0,0,1,3700,0,0,0,0,roland,roland mks-80 super jupiter rev5 + stereoping synthprogrammer ,Bizkaia,2023/12/23,2024/07/24,2024/2/9,470
470,0,0,0,1,130,0,0,0,0,befaco,befaco kickall eurorack ,Badajoz,2024/02/05,2024/07/22,2024/2/9,162
471,0,0,0,1,200,0,0,0,0,-,bastl grandpa – dual sampler + spa expansión [eurorack] ,Madrid,2024/02/08,2024/07/25,2024/2/9,58
472,0,0,0,1,50,0,0,0,0,eurorack,eurorack variado ,A Coruña, ,2024/07/22,2024/2/9,514
473,0,0,0,1,120,0,0,0,0,erica synths ,black clap ,Madrid,2024/02/03,2024/07/20,2024/2/9,276
474,0,0,0,1,700,0,0,0,0,empress,zoia euroburo empress ,La Rioja, ,2024/07/24,2024/2/9,88
475,0,0,1,0,0,0,1,0,0,disting,disting mk4 ,Madrid,2024/02/09,2024/07/26,2024/2/9,20
476,0,0,0,1,180,0,0,0,0,roland,sintetizador roland jv1080 ,Barcelona,2024/02/03,2024/07/26,2024/2/9,334
477,0,0,0,1,655,0,0,0,0,pioneer,pioneer dj - toraiz sp-16 - ,Asturias,2024/02/02,2024/07/19,2024/2/9,290
478,0,0,0,1,250,0,0,0,0,squarp,squarp instruments rample ,Gipuzkoa,2024/02/04,2024/07/21,2024/2/9,208
479,0,0,0,1,46,0,0,0,0,roland,roland m-128d memory card ,Madrid,2024/02/04,2024/07/21,2024/2/9,191
480,0,0,0,1,1600,0,0,0,0,yamaha,yamaha motif xf6 ,Madrid,2024/02/07,2024/07/24,2024/2/9,142
481,0,0,0,1,1250,0,0,0,0,access,access virus ti2 ,Bizkaia,2024/02/04,2024/07/21,2024/2/9,229
482,0,0,0,1,340,0,0,0,0,noise,noise engineering mimetic digitalis silver [eurorack] ,Madrid,2024/02/08,2024/07/25,2024/2/9,58
483,0,0,0,1,725,0,0,0,0,roland,roland fantom x8 ampliado 512 ram ,Navarra,2023/05/11,2024/07/23,2024/2/9,1479
484,0,0,1,0,1401,0,0,0,0,korg,o korg kronos ,Madrid,2024/02/05,2024/07/22,2024/2/9,308
485,0,0,0,1,180,0,0,0,0,behringer,behringer td-3-mo-sr ,Murcia,2023/09/21,2024/01/31,2024/2/9,598
486,0,0,0,1,450,0,0,0,0,behringer,behringer blue marvin 2600 ,Madrid,2024/02/07,2024/07/24,2024/2/9,176
487,0,0,0,1,225,0,0,0,0,intellijel,intellijel steppy [eurorack] ,Madrid,2024/02/08,2024/07/25,2024/2/9,50
488,0,0,0,1,3400,0,0,0,0,roland,roland mrs-2 promar compuphonic sintetizador analogico monofonico ,Madrid,2024/02/05,2024/07/22,2024/2/9,276
489,0,0,0,1,280,0,0,0,0,-,robaux swt 16+ ,Madrid,2024/02/03,2024/07/20,2024/2/9,224
490,0,0,0,1,650,0,0,0,0,arturia,arturia keylab 88 mk2 ,Pontevedra,2024/02/06,2024/07/23,2024/2/9,136
491,0,0,0,1,100,0,0,0,0,mutable,peaks versión no mutable instruments ,Gipuzkoa,2024/02/04,2024/07/21,2024/2/9,214
492,0,0,0,1,120,0,0,0,0,doepfer,doepfer a-140-2 dual micro adsr ,Madrid,2024/02/03,2024/07/24,2024/2/9,241
493,0,0,0,1,160,0,0,0,0,midi,teclado midi contrapesado 88 teclas ,Barcelona,2024/02/08,2024/07/26,2024/2/9,4
494,0,0,0,1,250,0,0,0,0,komplete,komplete kontrol s49 mk2 ,Madrid,2024/02/05,2024/07/22,2024/2/9,173
495,0,0,0,1,120,0,0,0,0,xaoc,xaoc devices tallin ,Valencia,2024/02/02,2024/07/26,2024/2/9,322
496,0,0,0,1,180,0,0,0,0,alm busy ,circuits pamela’s new workout ,Valencia,2024/02/02,2024/07/26,2024/2/9,305
497,0,0,0,1,490,0,0,0,0,yamaha,yamaha s 80 ,Valencia,2023/11/12,2024/05/10,2024/2/9,335
498,0,0,0,1,295,0,0,0,0,behringer,behringer pro 800 garantía y envío incluido a península ,Barcelona,2024/02/08,2024/07/25,2024/2/9,256
499,0,0,0,1,300,0,0,0,0,eurorack,varios sintes y módulos eurorack ,Córdoba,2023/04/17,2024/02/21,2024/2/9,6243
500,0,0,0,1,0,0,0,0,0,yamaha,teclado yamaha yc61 ,Valencia,2024/02/03,2024/07/20,2024/2/9,242
501,0,1,0,0,0,1,0,0,0,behringer,behringer ms-1 mk2 ,Barcelona,2024/02/05,2024/07/22,2024/2/9,218
502,0,0,0,1,285,0,0,0,0,red,red panda particle 2 ,Madrid,2024/02/06,2024/07/23,2024/2/9,150
503,0,0,0,1,390,0,0,0,0,befaco,befaco hexmix hexpander [eurorack] ,Madrid,2024/02/08,2024/07/25,2024/2/9,68
504,0,0,0,1,80,0,0,0,0,arturia,arturia beatstep ,A Coruña, ,2024/07/19,2024/2/9,234
505,0,0,0,1,700,0,0,0,0,yamaha,yamaha tyros 2 ,Cádiz,2024/02/02,2024/07/19,2024/2/9,328
506,0,0,0,1,220,0,0,0,0,modular,st modular sum v2 ,Madrid,2024/02/03,2024/07/20,2024/2/9,312
507,0,0,0,1,2050,0,0,0,0,roland,roland jupiter x ,Barcelona,2024/02/07,2024/07/24,2024/2/9,156
508,0,0,0,1,100,0,0,0,0,-,prok drums [eurorack] - reservado ,Madrid,2024/02/08,2024/07/25,2024/2/9,56
509,0,0,0,1,975,0,0,0,0,squarp,squarp hapax secuenciador ,Granada,2024/02/07,2024/07/25,2024/2/9,128
510,0,0,0,1,2100,0,0,0,0,clavia,clavia nord wave 2 ,Madrid,2024/02/04,2024/07/21,2024/2/9,244
511,0,0,0,1,180,0,0,0,0,korg,korg monologue ,Barcelona,2023/12/01,2024/07/25,2024/2/9,508
512,0,0,0,1,1000,0,0,0,0,kurzweil,kurzweil artis 7 ,Valencia,2023/10/31,2024/04/28,2024/2/9,360
513,0,0,0,1,350,0,0,0,0,4ms,4ms dual looping delay ,Madrid,2024/02/03,2024/07/24,2024/2/9,202
514,0,0,0,1,1400,0,0,0,0,korg,korg pa1000 como nuevo!!! ,Tarragona,2024/02/09,2024/07/26,2024/2/9,28
515,0,0,0,1,1200,0,0,0,0,studio,studio electronics se-3x ,Bizkaia,2023/09/14,2024/07/21,2024/2/9,594
516,0,0,0,1,45,0,0,0,0,doepfer,doepfer a-131 vca exp ,Gipuzkoa,2024/02/04,2024/07/21,2024/2/9,191
517,0,0,0,1,70,0,0,0,0,-,maleta teclado de 5 octavas ,Barcelona,2023/10/06,2024/04/03,2024/2/9,268
518,0,0,0,1,1850,0,0,0,0,viscount,organo viscount legend live ,Sevilla,2024/02/04,2024/03/23,2024/2/9,228
519,0,0,0,1,80,0,0,0,0,technics,**urge** órgano technics pcm sound e11l ,Córdoba,2023/12/04,2024/06/01,2024/2/9,442
520,0,0,0,1,400,0,0,0,0,birkids,birkids the bateleur vco + expander ,Madrid,2024/02/03,2024/07/20,2024/2/9,225
521,0,0,0,1,400,0,0,0,0,korg,sintetizador korg m1 ,Toledo,2023/12/18,2024/06/15,2024/2/9,233
522,0,0,0,1,75,0,0,0,0,-,teclado m-adio oxygen 49 mkv ,Barcelona,2024/02/03,2024/07/20,2024/2/9,212
523,0,0,0,1,5,0,0,0,1,novation,"teclas y para roland, korg, yamaha, novation update 11 2 2022 ",Lugo,2015/03/03,2024/07/23,2024/2/9,22551
524,0,0,0,1,175,0,0,0,0,korg,korg m3r rack + docs y caja original ,A Coruña, ,2024/07/22,2024/2/9,225
525,0,0,0,1,40,0,0,0,0,m-audio,teclado controlador m-audio axiom 25 ,Baleares,2023/11/23,2024/07/20,2024/2/9,292
526,0,0,0,1,200,0,0,0,0,eventide,eventide blackhole pedal ,Valencia,2024/02/06,2024/07/23,2024/2/9,164
527,0,0,0,1,110,0,0,0,0,io,io instruments euporie ,Madrid,2024/02/03,2024/07/20,2024/2/9,251
528,0,0,0,1,100,0,0,0,0,doepfer,doepfer a-145 lfo 2 unidades ,Barcelona,2024/02/09,2024/07/25,2024/2/9,42
529,0,0,0,1,170,0,0,0,0,yamaha,yamaha sy22 ,Barcelona,2023/12/19,2024/07/25,2024/2/9,310
530,0,0,0,1,79,0,0,0,0,korg,korg nts-1 ,Madrid,2024/02/02,2024/07/24,2024/2/9,418
531,0,0,0,1,90,0,0,0,0,-,polyseq magerit ,Valladolid,2024/02/07,2024/07/24,2024/2/9,128
532,0,0,0,1,30,0,0,0,0,tiptop audio ,cables stackcable ,Madrid,2024/02/09,2024/07/25,2024/2/9,68
533,0,0,0,1,370,0,0,0,0,korg,korg trinity ,Madrid,2024/02/08,2024/07/25,2024/2/9,82
534,0,0,0,1,140,0,0,0,0,erica synths ,drum mixer lite ,Madrid,2024/02/03,2024/07/24,2024/2/9,269
535,0,0,0,1,140,0,0,0,0,eurorack,flame joyrec eurorack ,Lugo,2024/02/03,2024/07/24,2024/2/9,226
536,0,0,0,1,165,0,0,0,0,2hp,2hp pluck - mult - trim ,Valencia,2024/02/02,2024/07/23,2024/2/9,284
537,0,0,0,1,65,0,0,0,0,-,tiptop sd808 hats808 [eurorack] ,Madrid,2024/02/08,2024/07/25,2024/2/9,44
538,0,0,0,1,800,0,0,0,0,yamaha,yamaha moxf6 ,A Coruña, ,2024/07/19,2024/2/9,273
539,0,0,0,1,270,0,0,0,0,akai,akai mpk2 49 ,Ourense,2024/02/06,2024/03/25,2024/2/9,124
540,0,0,0,1,100,0,0,0,0,akai,modulos de percusión vintage akai xe 8 y yamaha rm 50 ,Madrid,2023/12/08,2024/07/21,2024/2/9,776
541,0,0,0,1,80,0,0,0,0,roland,roland a49 ,Cádiz,2024/02/04,2024/07/21,2024/2/9,202
542,0,0,0,1,0,0,0,0,0,eurorack,modulos eurorack ,Sevilla,2023/09/27,2024/07/23,2024/2/9,1402
543,0,0,0,1,65,0,0,0,0,teletype,i2c2midi teletype expander falta ponerle el teensy eurorack ,Lugo,2024/02/03,2024/07/24,2024/2/9,230
544,0,0,0,1,1000,0,0,0,0,roland,roland system 8 ,Girona,2024/02/06,2024/07/23,2024/2/9,168
545,0,0,0,1,375,0,0,0,0,-,rob hordijk's benjolin ,Gipuzkoa,2024/02/06,2024/07/23,2024/2/9,216
546,0,0,0,1,180,0,0,0,0,intellijel,intellijel mutamix eurorack ,Málaga,2023/12/04,2024/07/21,2024/2/9,435
547,0,0,0,1,245,0,0,0,0,korg,korg pss-50 progammable super section vintage ,Madrid,2024/02/08,2024/07/26,2024/2/9,20
548,0,0,0,1,299,0,0,0,0,korg,hard case + korg oasys 88 ,Ourense,2024/02/09,2024/07/26,2024/2/9,54
549,0,0,0,1,1800,0,0,0,0,oberheim,oberheim ob6 desktop ,Valencia,2024/02/09,2024/07/25,2024/2/9,114
550,0,0,0,1,120,0,0,0,0,roland,roland em 15 ,Girona,2024/02/06,2024/07/23,2024/2/9,120
551,0,0,0,1,300,0,0,0,0,-,3unds osciladores 555 + 1und 4046 ,Madrid,2024/02/09,2024/07/26,2024/2/9,42
552,0,0,0,1,1700,0,0,0,0,moog,moog matriarch dark edition ,Valencia,2024/02/06,2024/07/23,2024/2/9,270
553,0,0,0,1,250,0,0,0,0,roland,roland boutique sh-01a reservado ,La Rioja, ,2024/07/24,2024/2/9,138
554,0,0,0,1,271,0,0,0,0,roland,roland juno-d ,Madrid,2024/02/08,2024/07/25,2024/2/9,96
555,0,0,0,1,200,0,0,0,0,mutable,mutable instruments shruthi 1 ,Tarragona,2024/02/04,2024/07/21,2024/2/9,276
556,0,0,0,1,420,0,0,0,0,yamaha,"teclado sintetizador yamaha mx49 blue, seminuevo,porte incluido ",Cantabria,2024/01/19,2024/07/25,2024/2/9,132
557,0,0,0,1,375,0,0,0,0,korg,korg minilogue xd + bancos + osciladores fx ,Granada,2024/02/06,2024/07/23,2024/2/9,224
558,0,0,0,1,850,0,0,0,0,verbos,verbos electronics bark filter processor ,Barcelona,2024/02/04,2024/03/23,2024/2/9,194
559,0,0,0,1,120,0,0,0,0,mutable,mutable instruments grids ,Madrid,2024/02/03,2024/07/24,2024/2/9,239
560,0,0,0,1,299,0,0,0,0,eurorack,caja eurorack modulaire maritime accra 6u con alimentador mean well ,Madrid,2024/02/03,2024/07/20,2024/2/9,254
561,0,0,0,1,500,0,0,0,0,korg,korg emx1 ,Madrid,2024/02/05,2024/07/22,2024/2/9,202
562,0,0,0,1,120,0,0,0,0,io,io instruments themisto ,Madrid,2024/02/03,2024/07/20,2024/2/9,248
563,0,0,0,1,250,0,0,0,0,herzlich,teclado de herzlich ,Gipuzkoa,2024/02/06,2024/07/23,2024/2/9,200
564,0,0,0,1,100,0,0,0,0,befaco,befaco crush delay v2 [eurorack] ,Madrid,2024/02/08,2024/07/25,2024/2/9,50
565,0,0,0,1,50,0,0,0,0,korg,korg ps-2 doble pedal footswitch + cable jack especial de conexión ,Madrid,2024/02/09,2024/07/25,2024/2/9,68
566,0,0,0,1,300,0,0,0,0,waldorf,sintetizador waldorf micro q ,Albacete,2023/10/29,2024/04/26,2024/2/9,690
567,0,0,0,1,75,0,0,0,0,roland,roland mc 50 mk2 sequencer ,Madrid,2024/02/02,2024/06/27,2024/2/9,408
568,0,0,0,1,295,0,0,0,0,roland,jx-08 roland boutique ,Barcelona,2023/07/10,2024/07/03,2024/2/9,1016
569,0,0,0,1,4000,0,0,0,0,moog,moog minimoog voyager performer edition ,Barcelona,2023/07/12,2024/07/01,2024/2/9,691
570,0,0,0,1,208,0,0,0,0,behringer,behringer model d env incluido ,Cádiz,2023/11/20,2024/07/05,2024/2/9,384
571,0,0,0,1,1950,0,0,0,0,roland,roland v-synth gt 2 0 ,Girona,2022/06/09,2024/07/01,2024/2/9,2121
572,0,0,0,1,600,0,0,0,0,-,kyma capy ls ,Madrid,2023/10/11,2024/06/30,2024/2/9,541
573,0,0,0,1,135,0,0,0,0,yamaha,yamaha fl1024 2 módulos de 1gb ,Castellón,2023/10/29,2024/04/26,2024/2/9,182
574,0,0,1,0,0,0,0,0,0,-,"cambio, o vendo, funda transporte modx7 por la de nord 73 ",Valencia,2024/02/02,2024/06/29,2024/2/9,300
575,0,0,0,1,450,0,0,0,0,moog,theremin moog etherwave ,Barcelona,2024/02/03,2024/06/30,2024/2/9,320
576,0,1,0,0,0,0,0,0,0,ensoniq,ensoniq esqm ,Barcelona,2024/02/02,2024/07/04,2024/2/9,376
577,0,0,0,1,850,0,0,0,0,eurorack,eurorack nerdseq con expansiónes ,Barcelona,2024/02/04,2024/07/01,2024/2/9,230
578,0,0,0,1,265,0,0,0,0,boss,"pedal doble boss re-20 ""space echo"" + adaptador ",Barcelona,2024/01/26,2024/06/19,2024/2/9,322
579,0,0,0,1,250,0,0,0,0,novation,novation bass station rack ,Barcelona,2024/01/19,2024/07/05,2024/2/9,452
580,0,0,0,1,575,0,0,0,0,moog,moog moogerfooger cp 251 ,Barcelona,2023/10/05,2024/07/01,2024/2/9,651
581,0,0,0,1,250,0,0,0,0,yamaha,yamaha qy700 ,Madrid,2023/12/04,2024/06/30,2024/2/9,394
582,0,0,0,1,199,0,0,0,0,roland,sintetizador analógico reon driftbox - edición limitada by roland ,Barcelona,2024/02/02,2024/06/29,2024/2/9,452
583,0,0,0,1,280,0,0,0,0,novation,sintetizador novation ultranova ,Albacete,2023/11/26,2024/05/24,2024/2/9,520
584,0,0,0,1,1450,0,0,0,0,moog,moog prodigy ,Valencia,2023/11/05,2024/05/03,2024/2/9,805
585,0,0,0,1,198,0,0,0,0,behringer,behringer rd8 mk1 ,Madrid,2024/01/19,2024/07/03,2024/2/9,497
586,0,0,0,1,69,0,0,0,0,cre8audio,cre8audio módulo eurorack cellz ,Barcelona,2023/11/08,2024/05/06,2024/2/9,358
587,0,0,0,1,199,0,0,0,0,jomox,jomox t-resonator mkii ,Girona,2022/04/05,2024/07/01,2024/2/9,1866
588,0,0,0,1,750,0,0,0,0,octatrack,octatrack mk1 ,Madrid,2024/02/04,2024/07/01,2024/2/9,212
589,0,0,0,1,1400,0,0,0,0,nord ,electro 6d 61+funda ,Málaga,2023/10/31,2024/04/28,2024/2/9,410
590,0,0,0,1,162,0,0,0,0,nano,nano rand s h generador eurorack qu-bit ,Barcelona,2023/11/07,2024/05/05,2024/2/9,264
591,0,0,0,1,600,0,0,0,0,yamaha,piano yamaha cvp 203 ,Barcelona,2023/03/11,2024/06/30,2024/2/9,945
592,0,0,0,1,120,0,0,0,0,frequency,filtro whiteface frequency central eurorack ,Barcelona,2023/11/17,2024/05/15,2024/2/9,347
593,0,0,1,0,0,0,1,0,0,minibrute,minibrute 2s - ofrezco eurorack ,Zaragoza,2024/02/04,2024/07/01,2024/2/9,244
594,0,0,0,1,50,0,0,0,0,moog,pedal expresión moog ep-2 ,Barcelona,2023/10/05,2024/07/01,2024/2/9,620
595,0,0,0,1,800,0,0,0,0,akai,akai force + extras ,Pontevedra,2023/12/04,2024/07/05,2024/2/9,512
596,0,0,0,1,220,0,0,0,0,roland,módulo roland jv-1010 ,Valencia,2024/02/04,2024/07/01,2024/2/9,240
597,0,0,1,0,3650,0,0,0,0,system,black system iii ,Valencia,2024/02/09,2024/07/05,2024/2/9,106
598,0,0,0,1,900,0,0,0,0,roland,roland jx3p ,Zaragoza,2024/02/05,2024/07/02,2024/2/9,238
599,0,0,0,1,25,0,0,0,0,roland,interfaz roland midi usb um-one ,Madrid,2024/02/02,2024/06/29,2024/2/9,350
600,0,0,0,1,160,0,0,0,0,roland,roland jv1010 ,Madrid,2024/01/26,2024/07/01,2024/2/9,396
601,0,0,0,1,1500,0,0,0,0,hammond,organo hammond e-100 ,Sevilla,2023/08/09,2024/06/30,2024/2/9,698
602,0,0,0,1,300,0,0,0,0,yamaha,yamaha sy 55 ,Barcelona,2024/02/04,2024/07/01,2024/2/9,214
603,0,0,0,1,0,0,0,0,0,-,"sintes y efectos, rebaja de precios ",Barcelona,2023/01/15,2024/06/29,2024/2/9,4728
604,0,0,0,1,1199,0,0,0,0,arturia,arturia matrixbrute impecable sintetizador analógico ,Madrid,2023/05/28,2024/02/05,2024/2/9,1900
605,0,1,1,0,0,0,0,0,0,eurorack,o módulos eurorack qunexus volca fm ,Barcelona,2022/11/04,2024/02/01,2024/2/9,1149
606,0,0,0,1,2600,0,0,0,0,yamaha,yamaha genos ,Madrid,2024/02/03,2024/06/30,2024/2/9,346
607,0,0,0,1,20,0,0,0,0,yamaha,pedal yamaha de sustain ,Madrid,2024/02/02,2024/06/29,2024/2/9,306
608,0,0,0,1,1300,0,0,0,0,jomox,jomox alpha base ,Valencia,2023/07/10,2024/06/10,2024/2/9,852
609,0,0,0,1,303,0,0,0,0,acidlab,m303 acidlab eurorack ,Valencia,2024/02/04,2024/07/01,2024/2/9,268
610,0,0,0,1,1500,0,0,0,0,elektron,elektron machinedrum mkii + soporte ,Navarra,2024/02/04,2024/07/01,2024/2/9,762
611,0,0,0,1,1900,0,0,0,0,roland,roland juno 106 ,Zaragoza,2024/01/26,2024/06/24,2024/2/9,388
612,0,0,0,1,180,0,0,0,0,arturia,arturia rackbrute 3u nuevo ,Madrid,2024/02/07,2024/03/06,2024/2/9,130
613,0,0,0,1,95,0,0,0,0,befaco,befaco stmix eurorack ,Madrid,2023/12/02,2024/01/19,2024/2/9,348
614,0,0,0,1,1050,0,0,0,0,roland,roland jupiter xm + extras ,Pontevedra,2023/10/19,2024/06/30,2024/2/9,727
615,0,0,0,1,525,0,0,0,0,faderfox,faderfox mx12 ,Málaga,2023/12/04,2024/06/20,2024/2/9,438
616,0,0,0,1,125,0,0,0,0,behringer,behringer crave ,Zaragoza,2024/02/06,2024/07/03,2024/2/9,174
617,0,0,0,1,300,0,0,0,0,knobula,knobula poly cinematic ,Barcelona,2024/02/07,2024/06/24,2024/2/9,62
618,0,0,0,1,680,0,0,0,0,roland,roland tr-727 caja de ritmos latinos ,Barcelona,2024/02/02,2024/06/23,2024/2/9,140
619,0,1,0,0,0,0,0,0,0,korg,módulo korg m3 ,Sevilla,2024/02/02,2024/06/18,2024/2/9,86
620,0,0,0,1,160,0,0,0,0,befaco,befaco cvthing factory assembled ,Barcelona,2023/10/27,2024/04/24,2024/2/9,167
621,0,0,0,1,760,0,0,0,0,mpc,mpc live mk2 ,Valencia,2024/02/02,2024/06/23,2024/2/9,287
622,0,0,0,1,2050,0,0,0,0,udo,udo audio super 6 ,Madrid,2024/02/07,2024/06/24,2024/2/9,139
623,0,0,0,1,400,0,0,0,0,korg,korg trinity plus ,Sevilla,2024/02/05,2024/06/22,2024/2/9,141
624,0,0,0,1,300,0,0,0,0,korg,korg pa 300 ,Murcia,2023/10/29,2024/06/19,2024/2/9,285
625,0,0,0,1,225,0,0,0,0,-,ms-101 ,Cádiz,2023/11/06,2024/06/18,2024/2/9,414
626,0,0,0,1,250,0,0,0,0,roland,roland torcido ,Barcelona,2023/09/14,2024/05/21,2024/2/9,498
627,0,0,0,1,1000,0,0,0,0,nord lead ,4 ,Sevilla,2024/02/05,2024/06/22,2024/2/9,112
628,0,0,0,1,180,0,0,0,0,make noise ,rené v1 ,Barcelona,2023/11/19,2024/01/19,2024/2/9,280
629,0,0,0,1,1350,0,0,0,0,isla,isla s2400 ,Málaga,2024/01/12,2024/06/20,2024/2/9,342
630,0,0,0,1,400,0,0,0,0,yamaha,"sintetizador yamaha mx49 v2, perfecto,porte incluido ",Cantabria,2023/09/28,2024/06/25,2024/2/9,194
631,0,0,0,1,250,0,0,0,0,korg,korg ms-04 pedal cv analogico ,Madrid,2024/01/26,2024/06/23,2024/2/9,184
632,0,0,0,1,540,0,0,0,0,casio,casio fz-1 ,Valencia,2023/10/18,2024/06/23,2024/2/9,588
633,0,0,0,1,150,0,0,0,0,-,small stone 1976 ,Madrid,2023/11/19,2024/05/17,2024/2/9,113
634,0,0,0,1,150,0,0,0,0,-,soporte piano ,Castellón,2023/03/17,2024/06/25,2024/2/9,604
635,0,0,0,1,520,0,0,0,0,korg,korg radias módulo sin teclado ,Madrid,2024/01/19,2024/06/05,2024/2/9,878
636,0,0,0,1,120,0,0,0,0,komplete,"n i komplete kontrol a25, arturia beatstep pro y keystep ",Barcelona,2023/09/14,2024/05/21,2024/2/9,572
637,0,0,0,1,1400,0,0,0,0,yamaha,teclado escenario yamaha cp73 ,Bizkaia,2024/02/02,2024/06/18,2024/2/9,120
638,0,0,0,1,265,0,0,0,0,roland,roland boutique jd-08 ,Bizkaia,2024/02/09,2024/06/26,2024/2/9,18
639,0,0,0,1,360,0,0,0,0,arturia,arturia keylab 61 mkii black edition + analog lab v + piano v ,Madrid,2023/11/21,2024/01/22,2024/2/9,130
640,0,0,0,1,1100,0,0,0,0,moog,sinte moog sub37 ,Sevilla,2024/02/05,2024/06/22,2024/2/9,160
641,0,0,0,1,40,0,0,0,0,-,making sound machines multiplikand ,Barcelona,2024/01/19,2024/06/07,2024/2/9,99
642,0,0,0,1,150,0,0,0,0,mutable,mutable instruments shruthi original ,Madrid,2024/01/19,2024/06/26,2024/2/9,156
643,0,0,1,0,55,0,0,0,0,adam,funda para teclado de 5 octavas por soporte rack tipo adam hall ,Madrid,2021/04/01,2024/06/23,2024/2/9,1812
644,0,0,0,1,1200,0,0,0,0,elektron,elektron analog rytm mkii black + decksaver ,Baleares,2024/02/07,2024/06/24,2024/2/9,54
645,0,0,0,1,800,0,0,0,0,analogue solutions ,megacity step sequencer ,Málaga,2024/01/19,2024/06/19,2024/2/9,192
646,0,0,0,1,125,0,0,0,0,-,ne sinc bucina ,Barcelona,2024/01/19,2024/06/26,2024/2/9,148
647,0,0,0,1,980,0,0,0,0,korg,korg triton studio 61 teclas ,Madrid,2024/02/02,2024/06/18,2024/2/9,128
648,0,0,0,1,1300,0,0,0,0,yamaha,yamaha modx7 + ,Huelva,2023/11/18,2024/06/22,2024/2/9,226
649,0,0,1,0,0,0,1,0,0,roland,roland fantom 06 ,Barcelona,2024/02/07,2024/02/25,2024/2/9,52
650,0,0,0,1,0,0,0,0,0,roland,roland mrs-2 promar compuphonic sintetizador analogico monofonico ,Madrid,2023/11/04,2024/06/18,2024/2/9,1520
651,0,0,0,1,855,0,0,0,0,oto,oto biscuit ,Barcelona,2023/11/28,2024/06/26,2024/2/9,192
652,0,0,0,1,700,0,0,0,0,syncussion,syncussion sy-1m psyco ,Barcelona,2023/09/13,2024/01/22,2024/2/9,392
653,0,1,0,0,0,0,0,0,0,minifreak,sintetizador minifreak ,Salamanca,2024/02/07,2024/06/25,2024/2/9,56
654,0,0,0,1,220,0,0,0,0,nano,nano modules ona x2 ,Valencia,2024/02/07,2024/06/24,2024/2/9,69
655,0,0,0,1,55,0,0,0,0,-,blofeld license sl ,Madrid,2024/01/26,2024/06/25,2024/2/9,144
656,0,0,0,1,790,0,0,0,0,yamaha,yamaha motif xs ,Alicante,2024/01/26,2024/06/21,2024/2/9,198
657,0,0,0,1,750,0,0,0,0,yamaha,piano yamaha p-120 ,Zamora,2024/02/08,2024/06/25,2024/2/9,46
658,0,0,0,1,1050,0,0,0,0,roland,roland jd-xa oferta ,Barcelona,2022/10/08,2024/06/18,2024/2/9,895
659,0,0,0,1,90,0,0,0,0,-,antumbra klik ,Madrid,2024/01/19,2024/06/26,2024/2/9,98
660,0,0,0,1,120,0,0,0,0,m-audio,keystation 88 de m-audio mk2 ,Navarra,2024/02/09,2024/06/25,2024/2/9,47
661,0,0,0,1,325,0,0,0,0,doepfer,doepfer a-100p6 case psu3 eurorack ,Málaga,2024/01/12,2024/06/20,2024/2/9,187
662,0,0,0,1,150,0,0,0,0,4ms,4ms rcd y expander ,Madrid,2024/01/19,2024/06/26,2024/2/9,80
663,0,0,0,1,800,0,0,0,0,eurorack,case eurorack 12u 104hp ,Madrid,2024/02/09,2024/06/26,2024/2/9,48
664,0,0,0,1,2000,0,0,0,0,kawai,piano kawai k-200 wh ,Tarragona,2024/01/19,2024/06/02,2024/2/9,156
665,0,0,0,1,390,0,0,0,0,behringer,behringer vocoder vc340 ,Barcelona,2024/01/19,2024/06/22,2024/2/9,346
666,0,0,0,1,400,0,0,0,0,yamaha,yamaha dx7 iid ,Madrid,2024/02/07,2024/06/24,2024/2/9,174
667,0,1,0,0,0,0,0,0,0,arp,slider cap para arp odyssey mkiii ,Burgos,2023/10/25,2024/06/24,2024/2/9,238
668,0,0,0,1,150,0,0,0,0,eurorack,multifx eurorack estéreo dervish ,Barcelona,2024/01/26,2024/06/09,2024/2/9,140
669,0,0,0,1,500,0,0,0,0,waldorf,waldorf nw1 mod1 dvca1 comp1 ,Madrid,2023/10/22,2024/06/26,2024/2/9,330
670,0,0,0,1,900,0,0,0,0,formanta,formanta maestro híbrido digital analógico 4 voces manufacturado en urss ,Barcelona,2024/02/02,2024/06/23,2024/2/9,266
671,0,0,1,0,0,0,0,0,0,mutable,mutable instruments ripples v2 ,Barcelona,2023/10/30,2024/06/24,2024/2/9,172
672,0,0,0,1,120,0,0,0,0,gator,gator g-pg-61 funda teclado nueva ,Valencia,2023/10/06,2024/06/24,2024/2/9,238
673,0,0,0,1,90,0,0,0,0,korg,korg volca kick rebajado 10 euros ,Madrid,2023/03/20,2024/04/09,2024/2/9,653
674,0,0,0,1,400,0,0,0,0,modal,modal argon 8 ,Baleares,2024/02/09,2024/06/25,2024/2/9,56
675,0,0,0,1,80,0,0,0,0,-,maleta rígida ,Castellón,2023/02/12,2024/06/25,2024/2/9,723
676,0,0,0,1,1100,0,0,0,0,nord lead ,4 ,Madrid,2023/10/10,2024/04/07,2024/2/9,358
677,0,0,0,1,1150,0,0,0,0,elektron,elektron octatrack mk2 ,Tarragona,2024/02/09,2024/02/26,2024/2/9,29
678,0,0,0,1,300,0,0,0,0,wardrf blofed ,,Madrid,2023/11/10,2024/05/08,2024/2/9,134
679,0,0,0,1,90,0,0,0,0,doepfer,doepfer a199 spring reverb ,Madrid,2023/10/27,2024/06/26,2024/2/9,139
680,0,0,0,1,1900,0,0,0,0,korg,oportunidad korg 88 sv2 vintage ,Murcia,2024/01/26,2024/06/23,2024/2/9,186
681,0,0,0,1,1250,0,0,0,0,virus,virus ti polar cambio por desktop ,Valencia,2024/01/19,2024/06/24,2024/2/9,229
682,0,0,0,1,70,0,0,0,0,arturia,arturia keystep controller & sequencer ,Madrid,2023/11/21,2024/01/22,2024/2/9,122
683,0,0,0,1,560,0,0,0,0,instruments,oxi one de oxi instruments ,Madrid,2024/02/07,2024/06/24,2024/2/9,100
684,1,0,0,1,85,0,0,0,0,erica synths erica synths ,pico drum 1 + pico programmer ,Málaga,2024/01/26,2024/06/18,2024/2/9,102
685,0,0,0,1,120,0,0,0,0,akai,akai mpk mini plus ,Almería,2024/02/02,2024/06/19,2024/2/9,84
686,0,0,0,1,1825,0,0,0,0,yamaha,yamaha montage 7 ,Madrid,2024/01/26,2024/06/25,2024/2/9,220
687,0,0,0,1,420,0,0,0,0,behringer,behringer 2600 ,Barcelona,2024/02/02,2024/06/18,2024/2/9,318
688,0,0,0,1,350,0,0,0,0,korg,korg wavestation ex ,Almería,2024/01/19,2024/06/25,2024/2/9,338
689,0,0,0,1,380,0,0,0,0,uno,uno synth pro x ,Girona,2022/04/29,2024/06/19,2024/2/9,1313
690,0,0,0,1,1750,0,0,0,0,korg,korg sv2-73s stage vintage digital piano ,Barcelona,2024/02/08,2024/06/25,2024/2/9,56
691,0,0,0,1,60,0,0,0,0,-,teclado casiotone ct-310 ,A Coruña,2023/07/03,2024/05/23,2024/2/9,805
692,0,0,0,1,450,0,0,0,0,asm,asm hydrasynth explorer ,Salamanca,2024/02/03,2024/06/23,2024/2/9,206
693,0,0,0,1,600,0,0,0,0,eurorack,case eurorack 12u 84hp ,Madrid,2024/02/09,2024/06/26,2024/2/9,34
694,0,0,0,1,280,0,0,0,0,isla,kordbot isla instruments ,Barcelona,2022/02/25,2024/01/19,2024/2/9,2505
695,0,0,0,1,499,0,0,0,0,synthesis,synthesis technology e352 cloud terrarium vco ,Barcelona,2024/02/04,2024/06/21,2024/2/9,104
696,0,0,0,1,700,0,0,0,0,-,teclado workstation sintetizador - 61 teclas semi contrapesadas ,Barcelona,2023/11/30,2024/06/04,2024/2/9,188
697,0,0,0,1,270,0,0,0,0,komplete,teclado komplete kontrol s61 mk2 ,Barcelona,2023/11/18,2024/01/17,2024/2/9,330
698,0,0,0,1,210,0,0,0,0,xaoc,xaoc devices batumi ,Madrid,2023/12/08,2024/02/06,2024/2/9,78
699,0,0,0,1,1650,0,0,0,0,yamaha,yamaha cp88 ,Sevilla,2023/10/22,2024/04/19,2024/2/9,257
700,0,1,0,0,0,0,0,0,0,roland,roland fa 06 ,Bizkaia,2023/12/01,2024/05/29,2024/2/9,91
701,0,0,0,1,350,0,0,0,0,roland,roland jd-xi ,Barcelona,2023/12/04,2024/06/09,2024/2/9,294
702,0,0,0,1,30,0,0,0,0,elektron,soporte elektron analog rytm four octatrack ,Barcelona,2023/12/10,2024/06/07,2024/2/9,146
703,0,0,0,1,250,0,0,0,0,arturia,arturia drumbrute ,Badajoz,2023/11/25,2024/06/01,2024/2/9,172
704,0,0,0,1,300,0,0,0,0,x0xb0x,x0xb0x 303 ,Segovia,2023/10/13,2024/04/10,2024/2/9,333
705,0,0,0,1,350,0,0,0,0,midi,"midi club juno ctrl, controlador para roland alpha juno 1 2, mks50, hs10 80 ",Málaga,2023/11/29,2024/05/31,2024/2/9,304
706,0,0,0,1,250,0,0,0,0,mpc,mpc live para reparar o piezas ,Toledo,2022/01/03,2024/06/06,2024/2/9,2164
707,0,0,0,1,280,0,0,0,0,eurorack,"eurorack, caja eurorack diy, sintetizador modular ",Murcia,2023/10/02,2024/01/31,2024/2/9,308
708,0,0,0,1,675,0,0,0,0,yamaha,yamaha dx7 iid ,Girona,2021/04/13,2024/06/02,2024/2/9,1366
709,0,0,0,1,900,0,0,0,0,moog,moog subsequent 25 ,Salamanca,2023/12/09,2024/06/06,2024/2/9,354
710,0,0,0,1,60,0,0,0,0,moog,moog eurorack case 60 hp ,Valencia,2023/11/29,2024/05/27,2024/2/9,192
711,0,0,0,1,100,0,0,0,0,midi,teclado maestro midi roland a 33 ,Madrid,2023/12/05,2024/06/02,2024/2/9,129
712,0,0,0,1,500,0,0,0,0,korg,korg trinity plus ,Baleares,2023/07/07,2024/06/27,2024/2/9,1138
713,0,0,0,1,110,0,0,0,0,eurorack,"módulo eurorack ""2hp snare"" ",Barcelona,2022/12/16,2024/03/22,2024/2/9,502
714,0,0,0,1,180,0,0,0,0,-,sr-jv80 expansion boards sr jv techno and dance ,Barcelona,2023/03/12,2024/03/19,2024/2/9,832
715,0,0,0,1,20,0,0,0,0,-,mochila para transportar teclado ,Barcelona,2023/02/03,2024/06/01,2024/2/9,474
716,0,0,0,1,150,0,0,0,0,korg,módulo de sonido korg n1r ,Valencia,2023/12/02,2024/05/30,2024/2/9,393
717,0,0,0,1,1200,0,0,0,0,viscount,viscount legend live ,Madrid,2023/12/08,2024/02/06,2024/2/9,330
718,0,0,0,1,550,0,0,0,0,mopho,mopho dave smith ,Madrid,2023/01/14,2024/05/02,2024/2/9,1381
719,0,0,0,1,325,0,0,0,0,chase,chase bliss mood mk1 pedal de efectos ,Madrid,2024/02/09,2024/07/20,2024/2/9,52
720,0,0,0,1,90,0,0,0,0,midi,teclado midi novation impulse 25 ,Tarragona,2024/02/07,2024/07/19,2024/2/9,94
721,0,0,0,1,180,0,0,0,0,-,electro harmonix bass microsynth ,Madrid,2024/02/07,2024/07/19,2024/2/9,102
722,0,0,0,1,500,0,0,0,0,kurzweil,kurzweil k2000r full expanded roms sampler pram pcm scsi discoduro ,Alicante,2024/02/08,2024/07/19,2024/2/9,289
723,0,0,0,1,140,0,0,0,0,studiologic,studiologic fatar sl 880 ,Alicante,2024/02/07,2024/07/19,2024/2/9,122
724,0,0,0,1,358,0,0,0,0,modal,argon 8m modal electronics ,Madrid,2024/02/07,2024/07/19,2024/2/9,135
725,0,0,0,1,1090,0,0,0,0,sequential,sequential take 5 re-estreno reservado ,Málaga,2024/02/07,2024/07/19,2024/2/9,243
726,0,0,0,1,150,0,0,0,0,eurorack,filtro ujove eurorack ,Madrid,2024/02/09,2024/07/20,2024/2/9,42
727,0,0,0,1,425,0,0,0,0,korg,korg minilogue xd module ,Pontevedra,2024/02/09,2024/07/20,2024/2/9,66
728,0,0,0,1,210,0,0,0,0,roland,roland boutique jx08 re-estreno !!! ,Málaga,2024/02/07,2024/07/19,2024/2/9,220
729,0,0,0,1,210,0,0,0,0,roland,roland boutique ju-06a re-estreno !!! ,Málaga,2024/02/07,2024/07/19,2024/2/9,185
730,0,0,0,1,0,0,0,0,0,roland,roland juno-60 + md-8 midi dcb interface ,Barcelona,2024/02/09,2024/07/09,2024/2/9,362
731,0,0,0,1,150,0,0,0,0,korg,korg monologue ,Granada,2023/12/02,2024/05/30,2024/2/9,326
732,0,0,0,1,650,0,0,0,0,elektron,machinedrum sps-1 mki - elektron ,Pontevedra,2024/02/09,2024/07/06,2024/2/9,154
733,0,0,1,0,0,0,0,0,0,elektron,db01 y elektron model cycles ,Madrid,2024/02/02,2024/06/27,2024/2/9,404
734,0,0,0,1,450,0,0,0,0,eurorack,eurorack case submodular shadow 6u 208hp + intellijel power tps80w ,Barcelona,2023/12/06,2024/06/28,2024/2/9,452
735,0,0,0,1,1700,0,0,0,0,doepfer,doepfer a-100 basic system ,Barcelona,2023/11/21,2024/01/29,2024/2/9,594
736,0,0,0,1,320,0,0,0,0,yamaha,yamaha mo6 video dentro ,Segovia,2023/11/03,2024/06/27,2024/2/9,639
737,0,0,0,1,90,0,0,0,0,korg,korg sq-1 secuenciador ,Madrid,2023/08/30,2024/06/29,2024/2/9,618
738,0,0,0,1,275,0,0,0,0,novation,mininova de novation ,Madrid,2024/02/02,2024/06/28,2024/2/9,372
739,0,0,0,1,60,0,0,0,0,kawai,kawai rc-2 tarjeta memoria ,Barcelona,2022/03/17,2024/01/30,2024/2/9,1279
740,0,0,0,1,50,0,0,0,0,2hp,2hp switch ,Barcelona,2023/07/18,2024/06/27,2024/2/9,411
741,0,0,0,1,300,0,0,0,0,minibrute,minibrute 2 ,Alicante,2024/02/03,2024/06/29,2024/2/9,378
742,0,0,0,1,450,0,0,0,0,jomox,jomox xbase 09 clon tr-909 ,Gipuzkoa,2024/02/09,2024/07/30,2024/2/9,108
743,0,0,0,1,480,0,0,0,0,korg,sintetizador korg minilogue xd ,Cáceres,2024/02/04,2024/07/26,2024/2/9,272
744,0,0,0,1,5500,0,0,0,0,alesis,sintetizador andromeda a6 alesis ,Madrid,2024/02/05,2024/07/26,2024/2/9,420
745,0,0,0,1,1360,0,0,0,0,lzx,euroracks de video lzx ,Barcelona,2024/02/09,2024/07/30,2024/2/9,120
746,0,1,0,0,99,0,0,0,0,critter,septavox de critter & guitari ,Alicante,2024/02/09,2024/07/30,2024/2/9,66
747,0,0,0,1,480,0,0,0,0,yamaha,yamaha mox6+funda ,Barcelona,2024/02/09,2024/07/30,2024/2/9,86
748,0,0,0,1,270,0,0,0,0,komplete,teclado komplete kontrol s-61mk2 ,Barcelona,2024/02/06,2024/03/30,2024/2/9,146
749,0,0,0,1,400,0,0,0,0,eurorack,paquete de módulos eurorack ,Barcelona,2024/02/08,2024/07/30,2024/2/9,164
750,0,0,0,1,1200,0,0,0,0,access,access virus ti 2 ,Madrid,2024/02/06,2024/03/30,2024/2/9,168
751,0,0,0,1,140,0,0,0,0,mutable,mutable instruments grids clone ,Valencia,2023/07/12,2024/07/30,2024/2/9,660
752,0,0,0,1,450,0,0,0,0,arturia,arturia minifreak ,Alicante,2024/02/06,2024/07/28,2024/2/9,214
753,0,0,0,1,600,0,0,0,0,deepmind,deepmind 12d y bolsa de transporte original behringuer ,Madrid,2023/09/08,2024/07/27,2024/2/9,650
754,0,0,0,1,1400,0,0,0,0,novation,novation summit ,Barcelona,2024/02/05,2024/07/26,2024/2/9,246
755,0,0,0,1,900,0,0,0,0,analog,sintetizador analog four keys de elektron con rockcase ,Granada,2024/02/09,2024/07/30,2024/2/9,52
756,0,0,0,1,425,0,0,0,0,-,teenage op-z mas extras ,Pontevedra,2024/02/09,2024/07/30,2024/2/9,78
757,0,1,0,0,0,0,0,0,0,e-mu,sampler e-mu emax i se rack ,Murcia,2023/09/30,2024/07/28,2024/2/9,421
758,0,0,0,1,1000,0,0,0,0,roland,roland juno x en barcelona ,Barcelona,2024/02/09,2024/07/30,2024/2/9,192
759,0,0,0,1,370,0,0,0,0,tascam,mezclador de 16 líneas tascam lm-8st ,Madrid,2023/09/12,2024/07/27,2024/2/9,732
760,0,0,0,1,80,0,0,0,0,arturia,arturia minilab 3 ,Alicante,2024/02/09,2024/07/30,2024/2/9,62
761,0,0,0,1,160,0,0,0,0,befaco,befaco rampage [eurorack] ,Madrid,2024/02/07,2024/07/28,2024/2/9,142
762,0,0,0,1,1200,0,0,0,0,dsi,dsi prophet ‘08 ,Madrid,2024/02/06,2024/03/30,2024/2/9,230
763,0,0,0,1,1250,0,0,0,0,korg,korg lambda ,Madrid,2024/02/06,2024/07/30,2024/2/9,330
764,0,0,0,1,250,0,0,0,0,elektron,elektron model samples - perfecto estado ,Jaén,2023/12/11,2024/06/08,2024/2/9,312
765,0,0,1,0,0,0,0,0,0,novation,novation 49sl mk3 por el 61sl ,Cantabria,2024/02/08,2024/07/29,2024/2/9,116
766,0,0,0,1,560,0,0,0,0,virus,virus snow ,Gipuzkoa,2024/02/09,2024/07/30,2024/2/9,72
767,0,0,0,1,80,0,0,0,0,korg,korg sq1 secuenciador ,Madrid,2024/02/08,2024/07/29,2024/2/9,120
768,0,0,0,1,50,0,0,0,0,befaco,befaco dual atenuverter [eurorack] ,Madrid,2024/02/07,2024/07/28,2024/2/9,140
769,0,0,0,1,700,0,0,0,0,-,wmd performer mixer ,Barcelona,2024/02/08,2024/07/29,2024/2/9,146
770,0,0,0,1,350,0,0,0,0,modbap,modbap osiris wavetable osc ,Barcelona,2024/02/08,2024/07/29,2024/2/9,126
771,0,0,0,1,250,0,0,0,0,behringer,behringer rd-8 2019-2022 ,Madrid,2024/02/06,2024/07/27,2024/2/9,236
772,0,0,0,1,450,0,0,0,0,yamaha,yamaha wx5 controlador de viento midi ,Madrid,2022/12/09,2024/03/02,2024/2/9,623
773,0,0,0,1,500,0,0,0,0,kurzweil,kurzweil pc3le7 ,Sevilla,2024/02/06,2024/07/28,2024/2/9,191
774,0,0,0,1,350,0,0,0,0,rhodes,sínte rhodes ,Granada,2024/02/05,2024/07/26,2024/2/9,412
775,0,0,0,1,1400,0,0,0,0,yamaha,yamaha wx5 y aerophone ae-30 pro ,Alicante,2024/02/09,2024/07/30,2024/2/9,76
776,0,0,0,1,1999,0,0,0,0,korg,korg prologue 16 ,Madrid,2024/02/06,2024/03/30,2024/2/9,222
777,0,0,0,1,950,0,0,0,0,yamaha,yamaha motif xs6 ,Girona,2022/06/08,2024/07/30,2024/2/9,2569
778,0,0,0,1,125,0,0,0,0,4ms,4ms rotating clock divider + expansión [eurorack] ,Madrid,2024/02/05,2024/07/26,2024/2/9,238
779,0,0,0,1,1250,0,0,0,0,motif,motif xs 7 ,Valencia,2024/02/07,2024/07/28,2024/2/9,188
780,0,0,0,1,40,0,0,0,0,moog,moog mother two-tier rack stand ,Valencia,2024/02/04,2024/07/26,2024/2/9,200
781,0,0,1,0,0,0,0,0,0,roland,roland fantom8 por piano pared ,Sevilla,2024/02/09,2024/07/30,2024/2/9,72
782,0,0,0,1,500,0,0,0,0,roland,roland rs09 ,Madrid,2024/02/06,2024/07/30,2024/2/9,328
783,0,1,0,0,5000,0,0,0,0,mutable,mutable clouds ,Barcelona,2024/02/07,2024/07/29,2024/2/9,154
784,0,0,0,1,135,0,0,0,0,2hp,2hp verb [eurorack] ,Madrid,2024/02/07,2024/07/28,2024/2/9,136
785,0,0,0,1,1179,0,0,0,0,sequential,pro 2 sequential ,Gipuzkoa,2024/02/09,2024/07/30,2024/2/9,102
786,0,0,0,1,1111,0,0,0,0,roland,roland v-synth xt ,Madrid,2024/02/06,2024/03/30,2024/2/9,242
787,0,0,0,1,410,0,0,0,0,roland,roland sh-4d groovebox & desktop synth module ,Cantabria,2024/02/09,2024/07/28,2024/2/9,44
788,0,0,0,1,1400,0,0,0,0,yamaha,en venta workstation yamaha psr sx 900 ,Madrid,2024/02/09,2024/07/10,2024/2/9,76
789,0,0,0,1,1500,0,0,0,0,pulsar-23,soma pulsar-23 white ,Barcelona,2023/10/11,2024/07/10,2024/2/9,436
790,0,0,0,1,125,0,0,0,0,-,quik-lok z-726l - soporte para teclado 2 niveles ,Madrid,2024/02/09,2024/07/10,2024/2/9,96
791,0,0,0,1,875,0,0,0,0,moog,moog grand mother dark + decksaver ,Málaga,2024/01/12,2024/06/28,2024/2/9,504
792,0,0,0,1,2700,0,0,0,0,nord stage ,3 hp76 ,Barcelona,2024/02/02,2024/06/26,2024/2/9,316
793,0,0,0,1,1850,0,0,0,0,nord electro ,6 d ,Baleares,2023/07/31,2024/06/27,2024/2/9,983
794,0,0,0,1,500,0,0,0,0,eurorack,eurorack módulos mannequins ,Barcelona,2024/02/02,2024/06/27,2024/2/9,344
795,0,0,0,1,320,0,0,0,0,roland,roland mc-101 + bancos de sonido + funda ,Granada,2024/02/07,2024/07/01,2024/2/9,212
796,0,0,0,1,140,0,0,0,0,roland,teclado controlador roland a-800 pro ,Sevilla,2023/11/01,2024/06/26,2024/2/9,652
797,0,0,0,1,300,0,0,0,0,novation,novation 61sl mkiii ,Ciudad Real, ,2024/07/28,2024/2/9,44
798,0,0,0,1,250,0,0,0,0,make noise ,maths ,Valencia,2024/02/09,2024/07/28,2024/2/9,32
799,0,0,0,1,250,0,0,0,0,korg,korg microstation ,Barcelona,2024/02/09,2024/07/17,2024/2/9,44
800,0,0,0,1,600,0,0,0,0,lyra-8,soma lyra-8 ,Valencia,2024/02/08,2024/07/22,2024/2/9,114
801,0,0,0,1,90,0,0,0,0,-,maleta de 73 teclas ,Valencia,2024/02/07,2024/07/22,2024/2/9,132
802,0,0,0,1,20,0,0,0,0,casio,teclado musical casio sa 77 ,Burgos,2024/02/09,2024/07/11,2024/2/9,52
803,0,0,0,1,235,0,0,0,0,novation,novation mininova sintetizador vocoder ,Granada,2024/02/09,2024/07/11,2024/2/9,36
804,0,0,0,1,499,0,0,0,0,deepmind,nehringer deepmind 12 desktop + decenas de bancos ,Granada,2024/02/07,2024/06/27,2024/2/9,150
805,0,0,0,1,270,0,0,0,0,waldorf,waldorf blofeld modulo ,Cádiz,2024/02/07,2024/06/26,2024/2/9,70
806,0,0,0,1,150,0,0,0,0,jaspers,soporte jaspers 4 teclados apalabrado ,Sevilla,2024/02/07,2024/06/26,2024/2/9,196
807,0,0,0,1,250,0,0,0,0,yamaha,yamaha motif rack ,Valencia,2024/01/12,2024/06/01,2024/2/9,317
808,0,0,0,1,80,0,0,0,0,midi,módulo midi emu procussion ,Madrid,2024/02/09,2024/06/27,2024/2/9,92
809,0,0,1,0,0,0,0,0,0,roland,roland fantom 06 cambio por yamaha modx6 o plus ,Jaén,2024/02/08,2024/06/27,2024/2/9,106
