buy,change,sell,price,gift,search,repair,parts,synt_brand,description,city,published,expire,date_scrapped,seen
0,0,1,200,0,0,0,0,korg,korg 05r w módulo ,Madrid,2023/07/27,2024/06/14,2023/12/20,456
0,0,1,360,0,0,0,0,waldorf,waldorf pulse rack ,Barcelona,2023/12/18,2024/06/15,2023/12/20,88
0,0,1,495,0,0,0,0,roland,sampler s750 roland ,Madrid,2023/09/30,2024/06/17,2023/12/20,440
0,1,0,0,0,0,0,0,roland,roland rd 2000 ,Madrid,2023/11/19,2024/06/12,2023/12/20,286
0,0,1,340,0,0,0,0,studiologic,studiologic numa compact 2 ,Castellón,2023/12/16,2024/06/13,2023/12/20,124
0,0,1,650,0,0,0,0,kurzweil,kurzweil pc3 le6 ,Madrid,2023/11/05,2024/06/17,2023/12/20,252
0,0,1,425,0,0,0,0,korg,korg drumlogue ,Bizkaia,2023/01/24,2024/06/16,2023/12/20,1530
0,0,1,22,0,0,0,0,roland,sonidos roland jupiter x xm series y zenology pro software ,Pontevedra,2022/07/15,2024/06/16,2023/12/20,1744
0,0,1,90,0,0,0,0,doepfer,doepfer dual quantizer vintage edition ,Madrid,2023/11/29,2024/06/13,2023/12/20,82
0,0,1,75,0,0,0,0,m-audio,controlador m-audio 5 octavas evolution mk461c ,Madrid,2023/02/15,2024/06/16,2023/12/20,629
1,0,0,0,0,0,0,0,ensoniq,necesito programacion eprom para ensoniq esq1 ,Albacete,2023/12/13,2024/06/10,2023/12/20,140
0,0,1,129,0,0,0,0,roland,roland eg 101 ,Castellón,2023/12/20,2024/06/17,2023/12/20,88
0,0,1,260,0,0,0,0,fairfield,fairfield circuitry shallow water ,Barcelona,2023/09/21,2024/06/15,2023/12/20,322
0,0,1,500,0,0,0,0,modal,"modal cobalt + extras, en garantía ",Sevilla,2023/12/13,2024/06/15,2023/12/20,133
0,0,1,280,0,0,0,0,boss,boss re 202 space echo ,Sevilla,2023/11/07,2024/06/15,2023/12/20,398
0,0,1,1300,0,0,0,0,yamaha,yamaha psr-sx-900 ,Madrid,2023/12/16,2024/06/13,2023/12/20,68
0,0,1,360,0,0,0,0,doepfer,doepfer dark energy mki chip curtis cem3394 con glide mod ,Barcelona,2023/12/06,2024/06/16,2023/12/20,129
0,0,1,470,0,0,0,0,yamaha,sampler yamaha a5000 con extras ,Madrid,2023/12/15,2024/06/17,2023/12/20,156
0,0,1,295,0,0,0,0,roland,jx-08 roland boutique ,Barcelona,2023/07/10,2024/06/14,2023/12/20,814
0,0,1,275,0,0,0,0,behringer,behringer pro 800 ,Barcelona,2023/12/20,2024/06/17,2023/12/20,122
0,0,1,800,0,0,0,0,mpc,mpc live mk2 ,Valencia,2023/12/18,2024/06/16,2023/12/20,130
0,0,1,670,0,0,0,0,roland,roland fantom x8 ,Navarra,2023/05/11,2024/06/13,2023/12/20,1269
0,0,1,320,0,0,0,0,intellijel,intellijel metropolis ,Barcelona,2023/12/06,2024/06/13,2023/12/20,100
0,0,1,480,0,0,0,0,cosmos,cosmos drifting memory station ,Asturias,2023/11/22,2024/06/16,2023/12/20,329
0,0,1,275,0,0,0,0,moog,moog theremini ,Barcelona,2023/12/06,2024/06/16,2023/12/20,230
0,1,0,0,0,0,0,0,-,zularic repetitor por numeric repetitor ,Barcelona,2023/10/27,2024/01/19,2023/12/20,107
1,0,0,0,0,0,0,0,linndrum,linndrum ,Burgos,2023/12/13,2024/06/10,2023/12/20,129
0,0,1,65,0,0,0,0,roland,tarjetas roland sr-jv80 para sintetizadores jv_xv_xp ,Madrid,2020/08/28,2024/06/16,2023/12/20,4703
0,0,1,270,0,0,0,0,komplete,teclado komplete kontrol s61 mk2 ,Barcelona,2023/11/18,2024/01/17,2023/12/20,242
0,0,1,2900,0,0,0,0,moog,moog voyager blue edition como nuevo ,Barcelona,2023/12/19,2024/06/16,2023/12/20,152
0,0,1,369,0,0,0,0,roland,estación de trabajo roland mv-30 + librería de sonidos roland d-70 ,Zaragoza,2023/06/21,2024/06/13,2023/12/20,676
0,0,1,480,0,0,0,0,modal,modal argon 8m ,Guadalajara,2023/05/30,2024/06/17,2023/12/20,499
0,0,1,1800,0,0,0,0,sequential,sequential prophet rev2 16 voices ,Valencia,2023/10/27,2024/06/17,2023/12/20,1015
0,0,1,895,0,0,0,0,roland,roland jd-xa - reservado ,A Coruña, ,2024/06/03,2023/12/20,256
0,0,1,600,0,0,0,0,digitakt,digitakt con 3 meses ,Badajoz,2023/12/06,2024/06/16,2023/12/20,174
0,0,1,40,0,0,0,0,korg,decksaver cubrepolvo para korg minilogue ,Cantabria,2023/12/13,2024/06/15,2023/12/20,97
0,0,1,220,0,0,0,0,arturia,arturia beatstep pro ,Guadalajara,2023/05/30,2024/06/17,2023/12/20,347
0,0,1,450,0,0,0,0,casio,casio fz10m fz-10m gotek emulator ,Madrid,2023/12/18,2024/06/15,2023/12/20,152
0,0,1,300,0,0,0,0,korg,korg pa 300 ,Murcia,2023/10/29,2024/06/15,2023/12/20,247
0,0,1,140,0,0,0,0,eurorack,cables eurorack pack oferta con soporte de regalo! ,Madrid,2023/12/18,2024/06/15,2023/12/20,104
0,0,1,90,0,0,0,0,behringer,behringer eurorack 104 + cp1a ,Barcelona,2023/12/06,2024/06/16,2023/12/20,180
0,0,1,425,0,0,0,0,casio,teclado casio celviano ap80r ,Barcelona,2023/10/10,2024/06/10,2023/12/20,228
0,1,0,0,0,0,0,0,korg,korg minipops 7 ,Granada,2023/08/04,2024/06/16,2023/12/20,598
0,0,1,369,0,0,0,0,roland,módulo secuenciador de producción musical roland mv-30 ver videos demo ,Zaragoza,2023/01/25,2024/06/16,2023/12/20,2007
0,0,1,50,0,0,0,0,korg,stardust synth cover para korg arp odyssey mini ,Cantabria,2023/12/13,2024/06/15,2023/12/20,31
0,0,1,75,0,0,0,0,doepfer,doepfer a-106-1 xtreme filter ms20 ,Barcelona,2022/06/08,2024/06/12,2023/12/20,1079
0,0,1,185,0,0,0,0,jaspers,soporte teclados jaspers 3r-105b ,Madrid,2023/12/06,2024/06/16,2023/12/20,124
0,0,1,350,0,0,0,0,squarp,squarp pyramid mk3 ,Sevilla,2023/12/17,2024/06/14,2023/12/20,128
0,0,1,139,0,0,0,0,-,pedal overdrive chiralityaudio splinter ,Barcelona,2023/08/15,2024/06/17,2023/12/20,222
0,0,1,750,0,0,0,0,tasty,tasty chips electronics gr1 ,Baleares,2023/06/07,2024/06/16,2023/12/20,973
0,0,1,100,0,0,0,0,-,"equipos de estudio, sintes, caja de ritmo y secuenciador ",Araba,2023/06/01,2024/06/17,2023/12/20,3971
0,0,1,250,0,0,0,0,tiptop audio ,z-dsp ,Madrid,2023/02/23,2024/03/31,2023/12/20,675
0,0,1,190,0,0,0,0,make noise ,rené v1 ,Barcelona,2023/11/19,2024/01/19,2023/12/20,240
0,0,1,4500,0,0,0,0,hammond,hammond cv ,A Coruña,2023/09/25,2024/06/15,2023/12/20,475
0,0,1,75,0,0,0,0,casio,casio vl-tone vl-1 ,Bizkaia,2023/11/16,2024/06/13,2023/12/20,112
0,0,1,1600,0,0,0,0,nord electro ,6d 61+bolsa+funda ,Albacete,2023/12/13,2024/06/07,2023/12/20,73
0,0,1,289,0,0,0,0,arturia,teclado controlador arturia keylab mkii de 49 teclas ,A Coruña,2023/10/01,2024/06/12,2023/12/20,361
0,0,1,300,0,0,0,0,yamaha,yamaha reface cs ,Madrid,2023/11/14,2024/06/10,2023/12/20,236
0,0,1,63,0,0,0,0,arturia,arturia keystep ,Pontevedra,2023/12/16,2024/06/14,2023/12/20,84
0,0,1,700,0,0,0,0,clavia,clavia nord lead 2 v1 06 condición excelente ,Barcelona,2023/12/18,2024/06/15,2023/12/20,114
0,0,1,1200,0,0,0,0,virus,virus ti2 ,Barcelona,2023/12/13,2024/02/11,2023/12/20,259
0,0,1,4000,0,0,0,0,jomox,jomox resonator neuronium ,Barcelona,2023/10/12,2024/06/16,2023/12/20,514
0,0,1,145,0,0,0,0,befaco,befaco kickall ,Valencia,2023/06/15,2024/06/17,2023/12/20,1016
0,0,1,120,0,0,0,0,casio,mini sintetizador casio vl-tone vl-1 ,Barcelona,2023/03/30,2024/06/15,2023/12/20,713
0,0,1,50,0,0,0,0,midi,teclado midi usb m-audio oxygen 61 ,Madrid,2023/12/14,2024/06/12,2023/12/20,132
0,0,1,250,0,0,0,0,korg,korg ms-04 pedal cv analogico ,Madrid,2023/12/18,2024/06/15,2023/12/20,128
0,1,0,0,0,1,0,0,roland,roland se-02 para cambio total o parcial ,Zaragoza,2023/12/06,2024/06/15,2023/12/20,127
0,0,1,550,0,0,0,0,korg,korg radias módulo sin teclado ,Madrid,2023/12/06,2024/06/05,2023/12/20,678
0,0,1,300,0,0,0,0,korg,korg electribe 2 sampler ,Madrid,2023/09/03,2024/06/16,2023/12/20,736
0,0,1,2500,0,0,0,0,-,dsi prophet 12 desktop ,Valencia,2023/12/20,2024/06/17,2023/12/20,94
0,0,1,1000,0,0,0,0,eurorack,eurorack vendo intellijel 104 7u ,Barcelona,2023/12/19,2024/06/16,2023/12/20,92
0,0,1,265,0,0,0,0,4ms,ensemble oscillator 4ms ,Barcelona,2023/12/13,2024/01/19,2023/12/20,99
0,0,1,600,0,0,0,0,asm,asm hydrasynth desktop + presets de pago ,Madrid,2023/12/06,2024/06/17,2023/12/20,180
0,0,1,100,0,0,0,0,studio,studio electronics atc-1 2600 filter cartridge ,Barcelona,2021/09/21,2024/06/15,2023/12/20,1495
0,0,1,150,0,0,0,0,roland,adsr dual roland 540 ,Barcelona,2023/11/29,2024/06/12,2023/12/20,102
0,0,1,350,0,0,0,0,roland,roland jv-1080 con 3 expansiones de sonido ,Madrid,2023/12/13,2024/06/16,2023/12/20,199
0,0,1,60,0,0,0,0,bheringer,bheringer umx 61 ,Valencia,2021/03/04,2024/06/12,2023/12/20,2065
0,0,1,500,0,0,0,0,korg,korg kross 61 con funda original ,Sevilla,2023/12/18,2024/06/15,2023/12/20,70
0,0,1,250,0,0,0,0,behringer,behringer rd8 ,Barcelona,2023/12/06,2024/06/16,2023/12/20,196
0,0,1,790,0,0,0,0,behringer,behringer model d + pro 1 + k2 ,Madrid,2023/11/29,2024/06/13,2023/12/20,262
0,0,1,1499,0,0,0,0,waldorf,waldorf m sintetizador wavetable ,Bizkaia,2021/12/24,2024/06/17,2023/12/20,3493
0,0,1,0,0,0,0,0,elektron,packs de sonidos para máquinas elektron ,Córdoba,2023/11/03,2024/06/17,2023/12/20,159
0,0,1,1149,0,0,0,0,arturia,arturia matrixbrute ,Madrid,2023/12/06,2024/06/16,2023/12/20,403
0,0,1,400,0,0,0,0,novation,novation 61sl mkiii en garantía ,Zaragoza,2023/11/29,2024/06/12,2023/12/20,118
0,0,1,800,0,0,0,0,yamaha,yamaha motif xs6 en perfecto estado ,Barcelona,2023/12/17,2024/06/14,2023/12/20,108
0,0,1,250,0,0,0,0,novation,novation bass station rack ,Barcelona,2023/12/16,2024/06/16,2023/12/20,108
0,0,1,580,0,0,0,0,moog,moog moogerfooger cp 251 ,Barcelona,2023/10/05,2024/06/15,2023/12/20,350
0,0,1,75,0,0,0,0,midi,teclado midi m-audio oxygen pro mini ,Madrid,2023/12/14,2024/06/12,2023/12/20,84
0,1,0,55,0,0,0,0,adam,funda para teclado de 5 octavas por soporte rack tipo adam hall ,Madrid,2021/04/01,2024/06/12,2023/12/20,1804
0,0,1,320,0,0,0,0,mutable,marbles mutable instruments ,Valladolid,2023/11/02,2024/06/03,2023/12/20,184
0,0,1,2200,0,0,0,0,yamaha,yamaha montage 7 ,Cantabria,2023/12/06,2024/06/04,2023/12/20,1197
0,0,1,170,0,0,0,0,behringer,behringer pro 1 ,S.C. de Tenerife,2023/11/20,2024/01/19,2023/12/20,262
0,0,1,350,0,0,0,0,eloquencer,eloquencer + eme ,Sevilla,2023/12/17,2024/06/14,2023/12/20,168
0,1,0,0,0,0,0,0,yamaha,yamaha qy700 ,Madrid,2023/12/16,2024/06/14,2023/12/20,110
0,0,1,250,0,0,0,0,korg,korg microkorg sintetizador ,Cádiz,2023/11/29,2024/06/16,2023/12/20,248
0,0,1,800,0,0,0,0,yamaha,yamaha psr sx700 vendido ,Girona,2023/08/27,2024/05/01,2023/12/20,430
0,0,1,159,0,0,0,0,-,soporte de teclado triple proel ,Barcelona,2023/12/20,2024/06/17,2023/12/20,50
0,0,1,1550,0,0,0,0,doepfer,doepfer a-100 basic system ,Barcelona,2023/11/21,2024/01/18,2023/12/20,276
0,0,1,400,0,0,0,0,yamaha,yamaha qy700 secuenciador workstation ,Barcelona,2023/08/27,2024/06/16,2023/12/20,386
0,0,1,125,0,0,0,0,-,ne sinc bucina ,Barcelona,2023/12/06,2024/06/16,2023/12/20,128
0,0,1,300,0,0,0,0,waldorf,waldorf blofeld ,Madrid,2023/11/20,2024/06/15,2023/12/20,316
0,0,1,80,0,0,0,0,-,po 20 arcade teenage enginering ,Valencia,2023/12/13,2024/06/09,2023/12/20,144
0,0,1,240,0,0,0,0,behringer,behringer rd8 mk1 ,Madrid,2023/12/16,2024/06/13,2023/12/20,173
0,0,1,1535,0,0,0,0,korg,korg opsix se platinum ,Girona,2022/02/17,2024/06/11,2023/12/20,1823
0,0,1,190,0,0,0,0,jomox,jomox mbase 11 ,Sevilla,2023/11/17,2024/06/15,2023/12/20,164
0,0,1,695,0,0,0,0,roland,roland mc-707 ,A Coruña, ,2024/06/13,2023/12/20,68
0,0,1,1700,0,0,0,0,sequential,sequential prophet-6 desktop dave smith ,Sevilla,2023/12/17,2024/06/14,2023/12/20,208
0,0,1,750,0,0,0,0,akai,sampler akai s900 ,Cádiz,2023/12/18,2024/06/15,2023/12/20,130
0,0,1,775,0,0,0,0,verbos,verbos bark filter módulo de eurorack ,Barcelona,2023/11/29,2024/06/16,2023/12/20,162
0,0,1,300,0,0,0,0,dreadbox,dreadbox nymphes ,Sevilla,2023/12/20,2024/06/17,2023/12/20,64
0,0,1,25,0,0,0,0,akai,soporte akai mpc one ,Madrid,2023/08/20,2024/01/14,2023/12/20,446
0,0,1,855,0,0,0,0,oto,oto biscuit ,Barcelona,2023/11/29,2024/01/17,2023/12/20,166
0,0,1,250,0,0,0,0,yamaha,sampler yamaha a4000 ,Barcelona,2023/01/04,2024/06/10,2023/12/20,1622
0,0,1,450,0,0,0,0,novation,novation ks rack también cambio por tr8s ,Madrid,2023/01/20,2024/06/17,2023/12/20,1039
0,0,1,500,0,0,0,0,crumar,crumar organizer t1 de los 70's ,Madrid,2023/08/26,2024/06/10,2023/12/20,722
0,0,1,22,0,0,0,0,roland,roland tb303 panel frontal replica re-303 ,Cantabria,2023/09/17,2024/06/17,2023/12/20,345
0,0,1,990,0,0,0,0,eurorack,mdlr performer series pro 12u 104hp caja de eurorack ,Barcelona,2023/10/12,2024/06/16,2023/12/20,190
0,0,1,280,0,0,0,0,roland,jp-08 roland boutique ,Barcelona,2023/06/05,2024/06/14,2023/12/20,1356
0,0,1,200,0,0,0,0,kawai,kawai k1r modulo ,Madrid,2023/07/27,2024/06/14,2023/12/20,634
0,0,1,399,0,0,0,0,waldorf,"waldorf stvc "" oferta hasta el viernes"" ",Navarra,2023/12/15,2024/06/12,2023/12/20,181
0,0,1,600,0,0,0,0,eurorack,varios módulos eurorack ,Barcelona,2023/12/06,2024/06/17,2023/12/20,244
0,0,1,2200,0,0,0,0,-,teclado tyros 5 con 76 teclas con ampliación a 1024m y 2 packs de sonidos y ritmos ,Madrid,2023/04/16,2024/06/17,2023/12/20,735
0,0,1,150,0,0,0,0,-,malekko varigate 4+ black leer bien ,Barcelona,2023/07/03,2024/06/12,2023/12/20,560
0,0,1,45,0,0,0,0,roland,roland dk-01 boutique dock nuevo ,Valencia,2023/03/08,2024/06/17,2023/12/20,1204
0,0,1,1500,0,0,0,0,yamaha,yamaha yc61 ,Málaga,2023/11/06,2024/05/04,2023/12/20,177
0,0,1,400,0,0,0,0,korg,korg minilogue ,Alicante,2023/10/16,2024/06/11,2023/12/20,569
0,0,1,7,0,0,0,0,roland,roland qd quick disks ,Zamora,2023/11/29,2024/06/17,2023/12/20,124
0,0,1,1350,0,0,0,0,korg,korg sv2 88 en garantia ,Málaga,2023/11/13,2024/06/16,2023/12/20,514
0,0,1,12000,0,0,0,0,moog,moog system 15 ,Barcelona,2020/10/03,2024/06/16,2023/12/20,7864
0,0,1,700,0,0,0,0,-,syncussion sy-1m psyco ,Barcelona,2023/09/13,2024/06/12,2023/12/20,368
0,0,1,580,0,0,0,0,roland,roland xv-3080 128-voice rackmount synthesizer module ,Bizkaia,2023/12/13,2024/06/10,2023/12/20,118
0,0,1,150,0,0,0,0,roland,roland r8-m con 2 tarjetas de sonidos ,Madrid,2023/12/13,2024/06/16,2023/12/20,242
0,0,1,180,0,0,0,0,eurorack,teia vastwave complex oscillator eurorack ,Málaga,2023/12/06,2024/06/12,2023/12/20,120
0,0,1,55,0,0,0,0,-,blofeld license sl ,Madrid,2023/12/14,2024/06/17,2023/12/20,126
0,0,1,40,0,0,0,0,intellijel,intellijel patas 7u case ,Madrid,2023/12/15,2024/01/18,2023/12/20,78
0,0,1,790,0,0,0,0,yamaha,yamaha motif xs ,Alicante,2023/12/17,2024/06/15,2023/12/20,132
0,0,1,1299,0,0,0,0,crumar,crumar mojo con estuche y accesorios ,Ourense,2023/11/13,2024/06/15,2023/12/20,278
0,0,1,190,0,0,0,0,korg,korg monologue ,Barcelona,2023/11/29,2024/06/16,2023/12/20,160
0,0,1,325,0,0,0,0,-,falcon 3 0+ librerias ,Madrid,2023/06/21,2024/06/17,2023/12/20,637
0,0,1,1199,0,0,0,0,squarp,squarp instruments hapax secuenciador avanzado ,Bizkaia,2023/02/23,2024/06/16,2023/12/20,1199
0,0,1,1000,0,0,0,0,roland,roland jd-xa vendo cambio ,Barcelona,2023/10/20,2024/02/18,2023/12/20,313
0,0,1,165,0,0,0,0,midi,icon ikeyboard 8x teclado controlador midi 88 teclas ,Lugo,2023/03/09,2024/06/15,2023/12/20,1214
0,0,1,50,0,0,0,0,moog,pedal expresión moog ep-2 ,Barcelona,2023/10/05,2024/06/15,2023/12/20,302
0,0,1,255,0,0,0,0,roland,roland ju06 ,Madrid,2023/09/25,2024/06/14,2023/12/20,543
0,0,1,225,0,0,0,0,doepfer,doepfer a-100lc3v low cost case vintage edition ,Bizkaia,2022/05/25,2024/06/17,2023/12/20,2208
0,0,1,750,0,0,0,0,intellijel,intellijel eurorack 7u case 104 hp + stereo out 1u ,Murcia,2023/12/18,2024/06/15,2023/12/20,54
0,0,1,3149,0,0,0,0,sequential,"sequential prophet 10 module,,prophet rev2 module, pro 3 se, pro 3,elektron rytm mkii, waldorf m, kodamo essence fm mkii ",Bizkaia,2021/02/17,2024/06/09,2023/12/20,18038
0,0,1,500,0,0,0,0,analogue solutions ,oberkorn 3 ,Barcelona,2023/10/16,2024/01/19,2023/12/20,512
0,0,1,325,0,0,0,0,doepfer,doepfer a-100p6 case psu3 eurorack ,Málaga,2023/12/06,2024/06/12,2023/12/20,177
0,0,1,850,0,0,0,0,akai,akai force + extras ,Pontevedra,2023/12/06,2024/06/14,2023/12/20,164
0,0,1,80,0,0,0,0,roland,roland jv80 03 piano expansión ,Baleares,2023/12/13,2024/06/11,2023/12/20,72
0,0,1,190,0,0,0,0,akai,akai sg01v ,Madrid,2023/03/31,2024/06/16,2023/12/20,1028
0,0,1,150,0,0,0,0,mutable,mutable instruments rings clono módulo de eurorack ,Barcelona,2023/09/20,2024/06/16,2023/12/20,290
0,0,1,230,0,0,0,0,eurorack,eurorack - vco joranalogue generate 3 - generador multifónico thru-zero ,Madrid,2023/12/19,2024/06/16,2023/12/20,66
0,0,1,50,0,0,0,0,midi,midi thru philip rees v3 ,Girona,2023/10/20,2024/06/12,2023/12/20,172
0,0,1,650,0,0,0,0,korg,korg kingkorg black ,Pontevedra,2023/07/08,2024/06/14,2023/12/20,809
0,0,1,390,0,0,0,0,behringer,behringer vocoder vc340 ,Barcelona,2023/12/06,2024/06/14,2023/12/20,276
0,0,1,300,0,0,0,0,roland,roland xv-5050 módulo ,Madrid,2023/07/27,2024/06/14,2023/12/20,607
0,0,1,500,0,0,0,0,korg,sintetizador korg m1 ,Toledo,2023/12/18,2024/06/15,2023/12/20,56
0,0,1,210,0,0,0,0,novation,novation launchkey 61 mk3 ,Alicante,2023/11/07,2024/05/05,2023/12/20,406
0,0,1,550,0,0,0,0,yamaha,yamaha dx7 iid ,Madrid,2023/12/06,2024/06/15,2023/12/20,148
1,0,0,0,0,0,0,0,make noise ,strega ,Zamora,2023/12/20,2024/06/17,2023/12/20,16
1,0,0,0,0,0,0,0,arp,slider cap para arp odyssey mkiii ,Burgos,2023/10/25,2024/06/10,2023/12/20,230
0,0,1,290,0,0,0,0,-,kit controlador para leslies de 6 pines 122 y 147 familias 6h y 6w ,Zaragoza,2021/07/10,2024/06/10,2023/12/20,1433
0,0,1,550,0,0,0,0,roland,roland tr8s + sd card ,Barcelona,2023/11/22,2024/01/19,2023/12/20,166
0,0,1,125,0,0,0,0,korg,korg x3 como módulo ,Barcelona,2023/09/14,2024/06/10,2023/12/20,440
0,0,1,750,0,0,0,0,roland,"actualizado roland fa-06, impecable, también cambio ",Granada,2023/06/24,2024/06/15,2023/12/20,955
0,0,1,6000,0,0,0,0,hammond,hammond a100 con leslie 760 ,Zaragoza,2020/11/03,2024/06/10,2023/12/20,6720
1,0,0,0,0,0,0,0,casio,casio cz230s ,Asturias,2023/07/22,2024/06/10,2023/12/20,310
0,1,0,0,0,0,0,0,mutable,mutable instruments ripples v2 ,Barcelona,2023/10/30,2024/06/13,2023/12/20,156
0,0,1,350,0,0,0,0,behringer,behringer ms-1 bk ,Bizkaia,2023/11/16,2024/06/13,2023/12/20,181
0,0,1,450,0,0,0,0,deepmind,rebaja solo hasta reyes deepmind 12d ,Madrid,2023/11/22,2024/06/15,2023/12/20,407
0,0,1,280,0,0,0,0,korg,korg electribe sampler 2 + extras ,Madrid,2023/11/22,2024/05/20,2023/12/20,152
0,0,1,120,0,0,0,0,gator,gator g-pg-61 funda teclado nueva ,Valencia,2023/10/06,2024/06/17,2023/12/20,228
0,0,1,120,0,0,0,0,hexinverter,hexinverter mutant hi hats tambien cambio ,Barcelona,2023/10/22,2024/01/19,2023/12/20,330
0,0,1,140,0,0,0,0,doepfer,doepfer a-111-6 full synth voice ,Zaragoza,2023/11/29,2024/06/15,2023/12/20,132
0,0,1,330,0,0,0,0,-,cold mac -módulo eurorack- ,Granada,2023/12/13,2024/06/10,2023/12/20,138
0,0,1,390,0,0,0,0,yamaha,yamaha mx61 con funda incluida ,Barcelona,2023/07/20,2024/06/14,2023/12/20,799
0,0,1,1879,0,0,0,0,modular,sintetizador modular endorphines shuttle system eurorack a estrenar ,Madrid,2023/02/20,2024/01/17,2023/12/20,1216
0,0,1,750,0,0,0,0,korg,korg m 50 88 teclas ,Madrid,2022/12/30,2024/06/16,2023/12/20,1820
0,0,1,200,0,0,0,0,doepfer,doepfer a-100 lc6 case 6he psu3 ,Barcelona,2023/12/17,2024/06/14,2023/12/20,80
0,0,1,95,0,0,0,0,korg,korg volca kick + decksaver + fuente alimentacion ,Tarragona,2023/12/06,2024/06/09,2023/12/20,113
0,0,1,115,0,0,0,0,-,teclado thomann sp-320 ,Badajoz,2023/12/18,2024/06/15,2023/12/20,100
0,0,1,170,0,0,0,0,yamaha,yamaha sy22 ,Barcelona,2023/12/19,2024/06/16,2023/12/20,58
0,0,1,160,0,0,0,0,korg,korg micro x ,Palencia,2023/12/17,2024/06/14,2023/12/20,216
0,0,1,40,0,0,0,0,-,funda soundwear ,Pontevedra,2023/09/27,2024/06/07,2023/12/20,114
0,0,1,135,0,0,0,0,modular,2 buses y fuente para modular befaco regalo la caja ,Barcelona,2019/02/09,2024/06/17,2023/12/20,5981
0,0,1,100,0,0,0,0,arturia,arturia keystep 37 black edition ,Sevilla,2023/12/17,2024/06/14,2023/12/20,120
0,0,1,400,0,0,0,0,korg,korg kingkorg ,Valencia,2023/10/01,2024/06/17,2023/12/20,827
0,0,1,200,0,0,0,0,roland,roland u-220 con tarjeta expansión orchestral strings ,Araba,2023/12/17,2024/06/14,2023/12/20,84
0,0,1,25,0,0,0,0,roland,roland sound canvas mando a distancia ,Córdoba,2022/12/31,2024/06/09,2023/12/20,458
0,0,1,0,0,0,0,0,nord wave ,2 escucho ofertas serias ,Barcelona,2023/11/20,2024/05/18,2023/12/20,229
0,0,1,850,0,0,0,0,analogue solutions ,telemark ,Valencia,2023/10/04,2024/06/15,2023/12/20,781
0,0,1,925,0,0,0,0,dexibell,piano dexibell vivo s1 ,Burgos,2023/12/17,2024/06/14,2023/12/20,114
0,0,1,900,0,0,0,0,access,access virus c tambien cambio por analog rytm o syntakt ,Madrid,2023/09/08,2024/06/17,2023/12/20,712
0,0,1,2100,0,0,0,0,modular,modular case 6u 74hp mutable instruments ,Madrid,2023/07/24,2024/03/31,2023/12/20,743
0,0,1,6100,0,0,0,0,hammond,hammond c3 1961 chop down portable ,Zaragoza,2018/12/28,2024/06/10,2023/12/20,7038
0,0,1,150,0,0,0,0,roland,roland mc 307 ,Asturias,2023/11/22,2024/06/16,2023/12/20,198
0,0,1,490,0,0,0,0,mutable,mutable instruments ambika ,Valencia,2023/10/22,2024/06/15,2023/12/20,286
0,0,1,499,0,0,0,0,modal,modal argon8 ,Bizkaia,2021/03/29,2024/06/17,2023/12/20,5755
0,0,1,1900,0,0,0,0,korg,oportunidad korg 88 sv2 vintage ,Murcia,2023/12/14,2024/06/15,2023/12/20,140
0,0,1,1500,0,0,0,0,-,electron machinedrum sps1 uw mk1 ,Valencia,2023/12/06,2024/06/07,2023/12/20,188
0,0,1,1199,0,0,0,0,arturia,arturia matrixbrute impecable sintetizador analógico ,Madrid,2023/05/28,2024/01/17,2023/12/20,1530
0,0,1,380,0,0,0,0,roland,roland boutique jp 08 +teclado k25m ,Soria,2023/12/15,2024/06/12,2023/12/20,142
0,0,1,100,0,0,0,0,akai,modulos de percusión vintage akai xe 8 y yamaha rm 50 ,Madrid,2023/12/06,2024/06/14,2023/12/20,238
1,1,0,0,0,0,0,0,eurorack,o módulos eurorack qunexus volca fm ,Barcelona,2022/11/04,2024/01/12,2023/12/20,805
0,0,1,1950,0,0,0,0,korg,korg kronos 2 61 ,Cantabria,2023/12/06,2024/06/11,2023/12/20,1116
0,0,1,415,0,0,0,0,arturia,arturia keylab mkii 61 teclado controlador midi ,Lugo,2023/01/04,2024/06/12,2023/12/20,1384
0,0,1,180,0,0,0,0,akai,akai mpk61 teclado controlador ,Madrid,2023/12/16,2024/06/13,2023/12/20,126
0,0,1,420,0,0,0,0,-,mochika x-5 átomosynth sinte semimodular ,Madrid,2023/05/15,2024/06/12,2023/12/20,837
0,0,1,1000,0,0,0,0,-,xv 3080 con expansions ,Asturias,2023/11/22,2024/06/16,2023/12/20,244
0,0,1,299,0,0,0,0,roland,roland a80 por tiempo limitado ,Ourense,2023/11/13,2024/06/15,2023/12/20,286
0,0,1,13,0,0,0,0,roland,ventana display repuesto para roland tr-909 ,Cantabria,2023/12/18,2024/06/15,2023/12/20,64
0,0,1,1250,0,0,0,0,roland,roland jp8080 ,Madrid,2023/10/20,2024/01/14,2023/12/20,426
0,0,1,1000,0,0,0,0,waldorf,waldorf m +rackmount kit + caja ,A Coruña, ,2024/06/13,2023/12/20,132
0,0,1,1250,0,0,0,0,virus,virus ti polar ,Valencia,2023/12/13,2024/06/15,2023/12/20,179
0,0,1,449,0,0,0,0,e-mu,e-mu systems e5000 ultra 64-voice sampler workstation ,Girona,2022/06/08,2024/06/16,2023/12/20,2431
0,0,1,700,0,0,0,0,roland,roland cr8000 cr-8000 korg kms-30 ,Madrid,2023/12/18,2024/06/15,2023/12/20,202
0,0,1,475,0,0,0,0,doepfer,doepfer a-100p6 case psu9 eurorack x 2 ,Málaga,2023/12/06,2024/06/12,2023/12/20,138
0,0,1,1200,0,0,0,0,ensoniq,sampler ensoniq asr 10 ,Cádiz,2023/12/20,2024/06/17,2023/12/20,42
0,0,1,1900,0,0,0,0,roland,roland juno 106 ,Girona,2023/12/06,2024/06/13,2023/12/20,202
0,0,1,75,0,0,0,0,casio,teclado casio ctk631 ,Madrid,2023/03/31,2024/06/16,2023/12/20,468
0,0,1,1895,0,0,0,0,clavia,clavia nord modular g2+exp+case ,A Coruña,2023/11/16,2024/06/13,2023/12/20,516
0,0,1,1000,0,0,0,0,korg,korg 900ps 1975 ,Madrid,2023/08/21,2024/06/17,2023/12/20,984
0,1,0,0,0,0,0,0,korg,korg 01 prox con flight case cambio por studiologic sl88 ,Ourense,2023/11/13,2024/06/15,2023/12/20,276
0,0,1,249,0,0,0,0,korg,korg oasys por tiempo limitado con gator xxl ,Ourense,2023/11/13,2024/06/15,2023/12/20,671
0,0,1,140,0,0,0,0,eurorack,dual drive eurorack ,Zaragoza,2023/10/15,2024/06/15,2023/12/20,170
0,0,1,600,0,0,0,0,asm,asm hydrasynth desktop ,Barcelona,2023/12/06,2024/06/17,2023/12/20,168
0,0,1,90,0,0,0,0,erica synths erica synths ,pico drum 1 + pico programmer ,Málaga,2023/12/13,2024/06/10,2023/12/20,72
0,0,1,400,0,0,0,0,polyend,polyend tracker ,Madrid,2023/09/02,2024/06/16,2023/12/20,1750
0,0,1,260,0,0,0,0,korg,korg volca bass + keys + beats ,Barcelona,2023/12/16,2024/06/16,2023/12/20,116
0,0,1,925,0,0,0,0,-,leslie 815 proline ,Zaragoza,2020/11/06,2024/06/10,2023/12/20,2746
0,0,1,140,0,0,0,0,roland,teclado controlador roland a-800 pro ,Sevilla,2023/11/01,2024/06/16,2023/12/20,338
0,0,1,160,0,0,0,0,klavis,klavis twin waves mki ,Asturias,2023/12/20,2024/06/17,2023/12/20,24
0,0,1,5999,0,0,0,0,rhodes,"piano rhodes mark ii suitcase eighty eight 88, the top model! ",Madrid,2022/12/23,2024/06/14,2023/12/20,1798
0,0,1,1899,0,0,0,0,yamaha,yamaha montage 7 ,Madrid,2023/12/14,2024/06/11,2023/12/20,158
0,0,1,200,0,0,0,0,modular,black market modular eurorack case + tiptop rack and power ,Málaga,2023/11/22,2024/06/12,2023/12/20,223
0,0,1,230,0,0,0,0,korg,teclado korg x3 sintetizador ,Girona,2023/11/14,2024/06/16,2023/12/20,244
0,0,1,10,0,0,0,0,korg,cassettes patches para sintes korg ,Madrid,2023/08/28,2024/06/17,2023/12/20,377
0,0,1,100,0,0,0,0,befaco,befaco stmix eurorack ,Madrid,2023/11/29,2024/01/19,2023/12/20,100
0,0,1,140,0,0,0,0,eurorack,division 6 dual mini sequencer eurorack ,Barcelona,2023/10/27,2024/05/27,2023/12/20,158
0,0,1,1100,0,0,0,0,roland,roland jupiter xm + extras ,Pontevedra,2023/10/19,2024/06/14,2023/12/20,407
0,0,1,369,0,0,0,0,akai,sampler akai s3000xl digital ,Zaragoza,2023/05/27,2024/06/16,2023/12/20,1035
0,0,1,1800,0,0,0,0,korg,korg nautilus 88 teclas contrapesadas en garantía ,Murcia,2023/11/19,2024/06/17,2023/12/20,232
0,0,1,775,0,0,0,0,roland,roland 1976 analog synth genesis cure camel string machine ,Pontevedra,2022/12/29,2024/06/14,2023/12/20,2082
0,0,1,200,0,0,0,0,yamaha,yamaha qy700 secuenciador hardware ,Barcelona,2023/12/18,2024/06/15,2023/12/20,106
0,0,1,350,0,0,0,0,korg,korg wavestation ex ,Almería,2023/12/06,2024/06/17,2023/12/20,252
0,0,1,1500,0,0,0,0,moog,moog subsequent 37 ,Valencia,2023/12/13,2024/06/16,2023/12/20,234
0,0,1,360,0,0,0,0,music,tokyo tape music center dual sine sawtooth generator model 158 -eurorack ,Cantabria,2023/09/17,2024/06/17,2023/12/20,328
0,0,1,250,0,0,0,0,eurorack,case eurorack 3filas 82hp ,Madrid,2023/09/05,2024/06/15,2023/12/20,350
0,0,1,89,0,0,0,0,nord stage ,"case thon para electro, 73 y otros teclados ",Madrid,2023/06/18,2024/06/11,2023/12/20,587
0,0,1,1300,0,0,0,0,nord electro ,5 61d ,Zaragoza,2023/12/13,2024/06/15,2023/12/20,140
0,0,1,240,0,0,0,0,-,mochika x2 atomosynth envío incluido ,Sevilla,2022/07/31,2024/02/08,2023/12/20,1415
0,0,1,500,0,0,0,0,faderfox,faderfox mx12 ,Málaga,2023/12/06,2024/06/12,2023/12/20,218
0,0,1,475,0,0,0,0,roland,roland fantom s ,Barcelona,2023/09/14,2024/06/10,2023/12/20,491
0,0,1,110,0,0,0,0,novation,novation sl 25 mk2 ,Zaragoza,2023/02/07,2024/06/11,2023/12/20,1209
0,0,1,350,0,0,0,0,arturia,arturia key step pro ,Granada,2023/12/13,2024/01/15,2023/12/20,112
0,0,1,800,0,0,0,0,teenage engineering ,op-1 ,Madrid,2023/12/20,2024/06/17,2023/12/20,34
0,0,1,290,0,0,0,0,emu,sampler emu esi 2000 ,Valencia,2023/07/08,2024/06/15,2023/12/20,476
0,0,1,199,0,0,0,0,eurorack,eurorack monograf - frequency central ,Zaragoza,2023/12/06,2024/06/15,2023/12/20,80
0,0,1,200,0,0,0,0,eurorack,módulos eurorack ,Barcelona,2023/12/16,2024/06/14,2023/12/20,154
0,0,1,300,0,0,0,0,isla,kordbot isla instruments ,Barcelona,2022/02/25,2024/01/19,2023/12/20,2479
0,0,1,75,0,0,0,0,eurorack,pico vca2 eurorack modulo ,Cantabria,2023/09/17,2024/06/17,2023/12/20,260
0,0,1,369,0,0,0,0,roland,secuenciador + modulo de sonidos roland mv-30 ,Zaragoza,2023/11/22,2024/06/16,2023/12/20,298
0,0,1,180,0,0,0,0,behringer,behringer cat ,Barcelona,2023/09/17,2024/06/10,2023/12/20,684
0,0,1,120,0,0,0,0,roland,roland u-110 ,Madrid,2023/07/31,2024/06/12,2023/12/20,496
1,0,0,0,0,0,0,0,-,ripples uripples diy ,La Rioja, ,2024/06/10,2023/12/20,82
0,0,1,600,0,0,0,0,korg,korg cx-3 mki analógico 1979 restaurado ,Valencia,2023/10/06,2024/06/17,2023/12/20,657
0,0,1,1100,0,0,0,0,synthstrom,synthstrom deluge oled ,Madrid,2023/12/20,2024/06/17,2023/12/20,90
0,0,1,90,0,0,0,0,behringer,behringer eurorack system-100 121 + 150 ,Barcelona,2023/12/06,2024/06/16,2023/12/20,158
0,0,1,190,0,0,0,0,korg,korg n5 fallo iluminación pantalla ,Madrid,2023/03/31,2024/06/16,2023/12/20,702
0,0,1,1450,0,0,0,0,nord electro ,4 sw 73 ,Guadalajara,2023/10/27,2024/06/16,2023/12/20,197
